stem,folders
20190908-_DSC5197,2019.10;2019.11
20190908-_DSC5227,2019.10;2019.11
20190908-_DSC5228,2019.10;2019.11
20190908-_DSC5229,2019.10;2019.11
C0013T01,2018.6;2018.7
DJI_0018,2018.4;2018.5
DJI_0023,2018.4;2018.5
DJI_0042,2018.5;2022
DSC_1955,2024.7;2024.8
DSC_1958,2024.7;2024.8
IMG_0125,2024.4;2024.5
IMG_0129,2024.4;2024.5
IMG_0301,2024.4;2024.6
IMG_0351,2024.4;2024.6
IMG_0362,2024.4;2024.6
IMG_0368,2024.4;2024.6
IMG_0373,2024.4;2024.6
IMG_0596,2024.4;2024.6
IMG_0611,2024.4;2024.6
IMG_0614,2024.4;2024.6
IMG_0626,2024.4;2024.6
IMG_0677,2024.4;2024.6
IMG_0765,2024.4;2024.6
IMG_0791,2024.4;2024.6
IMG_0949,2024.6;2024.7
IMG_0961,2024.6;2024.7
IMG_0963-2,2024.6;2024.7
IMG_0964,2024.6;2024.7
IMG_0965-2,2024.6;2024.7
IMG_0966,2024.6;2024.7
IMG_0967,2024.6;2024.7
IMG_0968,2024.6;2024.7
IMG_0969,2024.6;2024.7
IMG_0972,2024.6;2024.7
IMG_0982,2024.6;2024.7
IMG_0988,2024.6;2024.7
IMG_0991,2024.6;2024.7
IMG_1005,2024.6;2024.7
IMG_1011,2024.6;2024.7
IMG_1012,2024.6;2024.7
IMG_1015-2,2024.6;2024.7
IMG_1018,2024.6;2024.7
IMG_1022,2024.6;2024.7
IMG_1023,2024.6;2024.7
IMG_1025,2024.6;2024.7
IMG_1027,2024.6;2024.7
IMG_1033,2024.6;2024.7
IMG_1034,2024.6;2024.7
IMG_1038,2024.6;2024.7
IMG_1045,2024.6;2024.7
IMG_1053,2024.6;2024.7
IMG_1054,2024.6;2024.7
IMG_1055,2024.6;2024.7
IMG_1059,2024.6;2024.7
IMG_1062,2024.6;2024.7
IMG_1064,2024.5;2024.6;2024.7
IMG_1066,2024.6;2024.7
IMG_1069,2024.6;2024.7
IMG_1073,2024.6;2024.7
IMG_1077-2,2024.6;2024.7
IMG_1084,2024.6;2024.7
IMG_1090,2024.6;2024.7
IMG_1092,2024.6;2024.7
IMG_1099,2024.6;2024.7
IMG_1100,2024.6;2024.7
IMG_1103,2024.6;2024.7
IMG_1104,2024.6;2024.7
IMG_1106,2024.6;2024.7
IMG_1109,2024.6;2024.7
IMG_1110,2024.6;2024.7
IMG_1112,2024.6;2024.7
IMG_1117,2024.6;2024.7
IMG_1117-2,2024.6;2024.7
IMG_1118,2024.6;2024.7
IMG_1120,2024.6;2024.7
IMG_1121,2024.6;2024.7
IMG_1122,2024.6;2024.7
IMG_1123,2024.6;2024.7
IMG_1124,2024.6;2024.7
IMG_1124-2,2024.6;2024.7
IMG_1125,2024.6;2024.7
IMG_1126,2024.6;2024.7
IMG_1127,2024.6;2024.7
IMG_1127-2,2024.6;2024.7
IMG_1128,2024.6;2024.7
IMG_1128-2,2024.6;2024.7
IMG_1129,2024.6;2024.7
IMG_1129-2,2024.6;2024.7
IMG_1131,2024.6;2024.7
IMG_1133,2024.6;2024.7
IMG_1133-2,2024.6;2024.7
IMG_1134,2024.6;2024.7
IMG_1135,2024.6;2024.7
IMG_1136,2024.6;2024.7
IMG_1137,2024.6;2024.7
IMG_1137-2,2024.6;2024.7
IMG_1138,2024.6;2024.7
IMG_1139,2024.6;2024.7;2025.2
IMG_1140,2024.6;2024.7
IMG_1141,2024.6;2024.7
IMG_1146,2024.6;2024.7
IMG_1148,2024.6;2024.7
IMG_1148-2,2024.6;2024.7
IMG_1150,2024.6;2024.7
IMG_1152,2024.6;2024.7
IMG_1152-2,2024.6;2024.7
IMG_1153,2024.6;2024.7
IMG_1156,2024.6;2024.7
IMG_1157,2024.6;2024.7;2025.2
IMG_1158-2,2024.6;2024.7
IMG_1159,2024.6;2024.7;2025.2
IMG_1160,2024.6;2024.7
IMG_1161,2024.6;2024.7
IMG_1165,2024.6;2024.7
IMG_1166,2024.6;2024.7
IMG_1167,2024.6;2024.7
IMG_1179,2024.6;2024.7
IMG_1182,2024.6;2024.7
IMG_1183,2024.6;2024.7
IMG_1184,2024.6;2024.7
IMG_1185,2024.6;2024.7;2025.2
IMG_1188,2024.6;2024.7
IMG_1197,2024.6;2024.7;2025.2
IMG_1198,2024.6;2024.7
IMG_1199,2024.6;2024.7
IMG_1200,2024.6;2024.7
IMG_1201,2024.6;2024.7
IMG_1203-2,2024.6;2024.7
IMG_1207,2024.6;2024.7;2025.2
IMG_1209,2024.6;2024.7
IMG_1210,2024.6;2024.7
IMG_1211,2024.6;2024.7
IMG_1213,2024.6;2024.7
IMG_1214,2024.6;2024.7
IMG_1234,2024.7;2025.2
IMG_1236,2024.7;2025.2
IMG_1239,2024.7;2025.2
IMG_1241,2024.7;2025.2
IMG_1587,2024.7;2025.2
IMG_1605,2024.6;2025.2
IMG_1610,2024.7;2025.2
IMG_1618,2024.7;2025.2
IMG_1620,2024.7;2025.2
IMG_1622,2024.7;2025.2
IMG_1623,2024.7;2025.2
IMG_1640,2024.7;2025.2
IMG_1641,2024.7;2025.2
IMG_1642,2024.7;2025.2
IMG_1714,2024.7;2025.2
IMG_1748,2024.7;2025.2
IMG_1777,2024.7;2025.2
IMG_1787,2024.5;2024.7
IMG_1805,2024.7;2024.8
IMG_1806,2024.7;2024.8
IMG_1825,2024.7;2024.8
IMG_1904,2024.5;2024.8
IMG_1905,2024.5;2025.2
IMG_1945,2024.8;2025.2
IMG_1946,2024.8;2025.2
IMG_1950,2024.8;2025.2
IMG_1999,2024.8;2025.2
IMG_2038,2024.8;2025.2
IMG_2051,2024.8;2025.2
IMG_2052,2024.5;2025.2
IMG_2106,2024.8;2025.2
IMG_2153,2024.5;2025.2
IMG_2169,2024.5;2025.2
IMG_2194,2024.8;2025.2
IMG_2198,2024.8;2025.2
IMG_2207,2024.5;2025.2
IMG_2210,2023.1;2025.2
IMG_2216,2023.1;2025.2
IMG_2598,2023.1;2025.2
IMG_2603,2023.1;2025.2
IMG_2645,2024.5;2025.2
IMG_2663,2024.5;2025.2
IMG_2696,2025.1;2025.2
IMG_2703,2025.1;2025.2
IMG_2706,2025.1;2025.2
IMG_2709,2025.1;2025.2
IMG_2710,2025.1;2025.2
IMG_2717,2023.1;2025.2
IMG_2724,2025.1;2025.2
IMG_2757,2024.5;2025.2
IMG_2781,2024.5;2025.1
IMG_2792,2025.1;2025.2
IMG_2794,2025.1;2025.2
IMG_2804,2024.5;2025.1
IMG_2806,2023.1;2024.5
IMG_2811,2023.1;2025.1;2025.2
IMG_2840,2025.1;2025.2
IMG_2872,2024.5;2025.1
IMG_2873,2024.5;2025.1;2025.2
IMG_2884,2023.1;2025.2
IMG_2889,2024.5;2025.2
IMG_3023,2023.1;2025.1
IMG_3050,2023.1;2025.1
IMG_3114,2023.1;2025.1
IMG_3120,2023.1;2025.1
IMG_3124,2023.1;2025.2
IMG_3210,2023.1;2025.2
IMG_3212,2024.5;2025.2
IMG_3242,2024.5;2025.2
IMG_3243,2023.1;2025.2
IMG_3247,2023.1;2025.2
IMG_3249,2024.5;2025.2
IMG_3277,2024.5;2025.2
IMG_3282,2024.5;2025.2
IMG_3290,2023.1;2025.2
IMG_3291,2024.5;2025.2
IMG_3307,2023.1;2024.2;2024.5
IMG_3308,2024.2;2024.5
IMG_3313,2024.5;2025.2
IMG_3357,2024.5;2025.2
IMG_3359,2023.1;2024.5
IMG_3363,2024.5;2025.2
IMG_3374,2023.1;2025.2
IMG_3403,2024.5;2025.2
IMG_3433,2023.1;2025.2
IMG_3442,2023.1;2025.2
IMG_3479,2023.1;2025.2
IMG_3522,2023.1;2025.2
IMG_3537,2023.1;2025.2
IMG_3539,2023.1;2025.2
IMG_3544,2023.1;2025.2
IMG_3571,2023.1;2025.2
IMG_3575,2023.1;2025.2
IMG_3586,2023.1;2025.2
IMG_3601,2023.1;2025.2
IMG_3616,2023.1;2025.2
IMG_3623,2023.1;2025.2
IMG_3631,2023.1;2025.2
IMG_3648,2023.1;2025.2
IMG_3649,2023.1;2025.2
IMG_3659,2023.1;2025.2
IMG_3904,2023.1;2025.2
IMG_3959,2023.2;2025.2
IMG_3961,2023.2;2025.2
IMG_3962,2023.2;2025.2
IMG_3972,2023.2;2025.2
IMG_4015,2023.2;2025.2
IMG_4020,2023.2;2025.2
IMG_4059,2023.2;2025.2
IMG_4068,2023.2;2025.2
IMG_4083,2023.2;2025.2
IMG_4087,2023.2;2025.2
IMG_4159,2024.5;2025.2
IMG_4174,2024.5;2025.2
IMG_4685,2023.2;2025.2
IMG_4854,2024.5;2025.2
IMG_4858,2024.5;2025.2
IMG_4859,2024.5;2025.2
IMG_4860,2024.5;2025.2
IMG_4861,2024.5;2025.2
IMG_4863,2024.5;2025.2
IMG_4868,2024.5;2025.2
IMG_4874,2024.5;2025.2
IMG_4877,2024.5;2025.2
IMG_4913,2024.5;2025.2
IMG_4924,2024.5;2025.2
IMG_4938,2024.5;2025.2
IMG_4961,2024.5;2025.2
IMG_5008,2024.5;2025.2
IMG_5010,2024.5;2025.2
IMG_5011,2024.5;2025.2
IMG_5063,2024.1;2025.2
IMG_5072,2024.1;2024.5
IMG_5082,2023.2;2024.5
IMG_5102,2023.2;2025.2
IMG_5103,2023.2;2025.2
IMG_5107,2024.1;2025.2
IMG_5159,2024.1;2024.5
IMG_5167,2024.1;2025.2
IMG_5184,2024.1;2024.5
IMG_5206,2024.5;2025.2
IMG_5218,2024.2;2024.5;2025.2
IMG_5236,2024.1;2024.5
IMG_5258,2024.1;2024.5
IMG_5272,2024.1;2025.2
IMG_5279,2024.1;2025.2
IMG_5283,2024.1;2024.5
IMG_5285,2024.5;2025.2
IMG_5286,2024.5;2025.2
IMG_5300,2024.2;2025.2
IMG_5313,2024.2;2024.5;2025.2
IMG_5323,2024.5;2025.2
IMG_5328,2024.2;2025.2
IMG_5342,2024.2;2025.2
IMG_5358,2024.2;2025.2
IMG_5363,2024.5;2025.2
IMG_5368,2024.5;2025.2
IMG_5381,2024.5;2025.2
IMG_5393,2025.1;2025.2
IMG_5395,2025.1;2025.2
IMG_5398,2024.5;2025.2
IMG_5576,2024.5;2025.2
IMG_5584,2025.1;2025.2
IMG_5637,2024.5;2025.2
IMG_5680,2024.2;2025.2
IMG_5692,2024.2;2025.2
IMG_5694,2024.5;2025.2
IMG_5701,2024.2;2025.2
IMG_5712,2024.2;2025.2
IMG_5722,2024.5;2025.2
IMG_5723,2024.5;2025.2
IMG_5724,2024.5;2025.2
IMG_5725,2024.2;2025.2
IMG_5726,2024.2;2025.2
IMG_5734,2024.5;2025.2
IMG_5735,2024.5;2025.2
IMG_5736,2024.5;2025.2
IMG_5740,2024.2;2025.2
IMG_5744,2024.2;2025.2
IMG_5746,2024.2;2024.5;2025.2
IMG_5749,2024.2;2025.2
IMG_5754,2024.2;2025.2
IMG_5756,2024.5;2025.2
IMG_5758,2024.5;2025.2
IMG_5772,2025.1;2025.2
IMG_5773,2024.2;2025.2
IMG_5774,2024.2;2025.1;2025.2
IMG_5776,2025.1;2025.2
IMG_5778,2025.1;2025.2
IMG_5783,2024.2;2025.2
IMG_5796,2024.2;2025.2
IMG_5800,2024.2;2025.2
IMG_5801,2024.2;2025.2
IMG_5805,2024.2;2025.2
IMG_5822,2024.3;2025.2
IMG_5830,2024.3;2025.2
IMG_5838,2024.3;2025.2
IMG_5854,2024.3;2025.2
IMG_5855,2024.3;2025.2
IMG_5862,2024.3;2025.2
IMG_5863,2024.3;2025.2
IMG_5865,2024.3;2025.2
IMG_5881,2024.3;2025.2
IMG_5905,2024.3;2025.2
IMG_5914,2024.3;2025.2
IMG_5918,2024.3;2025.2
IMG_5997,2024.4;2025.2
IMG_6018,2024.4;2025.2
IMG_6085,2024.4;2025.2
IMG_6109,2024.4;2025.2
IMG_6320,2024.4;2025.2
IMG_6321,2024.4;2025.2
IMG_6569,2024.5;2025.2
IMG_6581,2024.5;2025.2
IMG_6650,2024.5;2025.2
IMG_6659,2024.5;2025.2
IMG_6661,2024.5;2025.2
IMG_6663,2024.5;2025.2
IMG_6667,2024.5;2025.2
IMG_6682,2024.5;2025.2
IMG_6683,2024.5;2025.2
IMG_6689,2024.5;2025.2
IMG_6692,2024.5;2025.2
IMG_6752,2024.5;2025.2
IMG_6757,2024.5;2025.2
IMG_6758,2024.5;2025.2
IMG_6868,2024.5;2025.2
IMG_6875,2024.5;2025.2
IMG_7192,2024.5;2025.2
IMG_7283,2024.5;2025.2
IMG_7296,2025.2;2025.3
IMG_7297,2025.2;2025.3
IMG_7298,2025.2;2025.3
IMG_7299,2025.2;2025.3
IMG_7302,2025.2;2025.3
IMG_7305,2025.2;2025.3
IMG_7309,2025.2;2025.3
IMG_7311,2025.2;2025.3
IMG_7320,2025.2;2025.3
IMG_7321,2025.2;2025.3
IMG_7322,2025.2;2025.3
IMG_7329,2025.2;2025.3
IMG_7331,2025.2;2025.3
IMG_7342,2025.2;2025.3
IMG_7351,2025.2;2025.3
IMG_7353,2024.5;2025.2;2025.3
IMG_7355,2025.2;2025.3
IMG_7356,2025.2;2025.3
IMG_7536,2024.2;2025.3
IMG_7776,2024.2;2025.3
IMG_7783,2024.2;2025.3
IMG_7786,2024.2;2025.3
IMG_7921,2024.2;2025.4
IMG_7924,2024.2;2025.4
IMG_7928,2024.2;2025.4
IMG_7929,2024.3;2025.4
IMG_7958,2024.3;2025.4
IMG_7963,2024.3;2025.4
IMG_7966,2024.3;2025.4
IMG_7967,2024.3;2025.4
IMG_7975,2024.3;2025.4
IMG_7983,2024.3;2025.4
IMG_7990,2024.3;2025.4
IMG_8007,2024.3;2025.4
IMG_8063,2024.3;2025.4
IMG_8064,2024.3;2025.4
IMG_8068,2024.3;2025.4
IMG_8097,2024.3;2025.4
IMG_8101,2024.3;2025.4
IMG_8107,2024.3;2025.4
IMG_8114,2024.3;2025.4
IMG_8118,2024.3;2025.4
IMG_8120,2024.3;2025.4
IMG_8271,2024.3;2025.4
IMG_8330,2024.3;2025.4
IMG_8331,2024.3;2025.4
IMG_8341,2024.3;2025.4
IMG_8356,2024.3;2025.4
IMG_8373,2024.3;2025.4
IMG_8380,2024.3;2025.4
IMG_8393,2024.3;2025.4
IMG_8532,2024.3;2025.4
IMG_8545,2024.3;2025.4
IMG_8559,2024.3;2025.4
IMG_8568,2024.3;2025.4
IMG_8578,2024.3;2025.4
IMG_8609,2024.3;2025.4
IMG_8611,2024.3;2025.4
IMG_8662,2024.3;2025.4
IMG_8743,2024.3;2025.4
IMG_8750,2024.3;2025.4
IMG_8751,2024.3;2025.4
IMG_8752,2024.3;2025.4
IMG_8762,2024.3;2025.4
IMG_8765,2024.3;2025.4
IMG_9564,2024.4;2024.5
IMG_9646,2024.4;2024.5
IMG_9920,2024.4;2024.6
JIIS5336,2024.2;2024.3
KCRS0638,2024.3;2024.4
_1190775,2018.6;2018.7
_1190777,2018.6;2018.7
_1190779,2018.6;2018.7
_1190781,2018.6;2018.7
_1190782,2018.6;2018.7
_1190784,2018.6;2018.7
_1190786,2018.6;2018.7
_1190792,2018.6;2018.7
_1190793,2018.6;2018.7
_1190794,2018.6;2018.7
_1190798,2018.6;2018.7
_1190800,2018.6;2018.7
_1190801,2018.6;2018.7
_1190803,2018.6;2018.7
_1190805,2018.6;2018.7
_1190806,2018.6;2018.7
_1190807,2018.6;2018.7
_1190808,2018.6;2018.7
_1190809,2018.6;2018.7
_1190813,2018.6;2018.7
_1190814,2018.6;2018.7
_1190815,2018.6;2018.7
_1190816,2018.6;2018.7
_1190817,2018.6;2018.7
_1190818,2018.6;2018.7
_1190821,2018.6;2018.7
_1190822,2018.6;2018.7
_1190824,2018.6;2018.7
_1190826,2018.6;2018.7
_1190827,2018.6;2018.7
_1190828,2018.6;2018.7
_1190832,2018.6;2018.7
_1190833,2018.6;2018.7
_1190834,2018.6;2018.7
_1190837,2018.6;2018.7
_1190840,2018.6;2018.7
_1190841,2018.6;2018.7
_1190842,2018.6;2018.7
_1190843,2018.6;2018.7
_1190845,2018.6;2018.7
_1190846,2018.6;2018.7
_1190847,2018.6;2018.7
_1190848,2018.6;2018.7
_1190849,2018.6;2018.7
_1190850,2018.6;2018.7
_1190851,2018.6;2018.7
_1190852,2018.6;2018.7
_1190853,2018.6;2018.7
_1190854,2018.6;2018.7
_1190855,2018.6;2018.7
_1190856,2018.6;2018.7
_1190857,2018.6;2018.7
_1190858,2018.6;2018.7
_1190860,2018.6;2018.7
_1190861,2018.6;2018.7
_1190863,2018.6;2018.7
_1190864,2018.6;2018.7
_1190865,2018.6;2018.7
_1190866,2018.6;2018.7
_1190868,2018.6;2018.7
_1190871,2018.6;2018.7
_1190874,2018.6;2018.7
_1190877,2018.6;2018.7
_1190878,2018.6;2018.7
_1190880,2018.6;2018.7
_1190881,2018.6;2018.7
_1190883,2018.6;2018.7
_1190889,2018.6;2018.7
_1190890,2018.6;2018.7
_1190891,2018.6;2018.7
_1190893,2018.6;2018.7
_1190897,2018.6;2018.7
_1190900,2018.6;2018.7
_1190906,2018.6;2018.7
_1190910,2018.6;2018.7
_1190911,2018.6;2018.7
_1190919,2018.6;2018.7
_1190921,2018.6;2018.7
_1190922,2018.6;2018.7
_1190928,2018.6;2018.7
_1190929,2018.6;2018.7
_1190931,2018.6;2018.7
_1190934,2018.6;2018.7
_1190937,2018.6;2018.7
_1190943,2018.6;2018.7
_1190944,2018.6;2018.7
_1190946,2018.6;2018.7
_1190947,2018.6;2018.7
_1190948,2018.6;2018.7
_1190953,2018.6;2018.7
_1190954,2018.6;2018.7
_1190955,2018.6;2018.7
_1190956,2018.6;2018.7
_1190962,2018.6;2018.7
_1190963,2018.6;2018.7
_1190964,2018.6;2018.7
_1190965,2018.6;2018.7
_1190966,2018.6;2018.7
_1190968,2018.6;2018.7
_1190970,2018.6;2018.7
_1190971,2018.6;2018.7
_1190973,2018.6;2018.7
_1190974,2018.6;2018.7
_1190975,2018.6;2018.7
_1190977,2018.6;2018.7
_1190978,2018.6;2018.7
_1190979,2018.6;2018.7
_1190985,2018.6;2018.7
_1190988,2018.6;2018.7
_1190989,2018.6;2018.7
_1190992,2018.6;2018.7
_1190993,2018.6;2018.7
_1190995,2018.6;2018.7
_1190996,2018.6;2018.7
_1200001,2018.6;2018.7
_1200003,2018.6;2018.7
_1200004,2018.6;2018.7
_1200005,2018.6;2018.7
_1200006,2018.6;2018.7
_1200012,2018.6;2018.7
_1200014,2018.6;2018.7
_1200016,2018.6;2018.7
_1200019,2018.6;2018.7
_1200024,2018.6;2018.7
_1200029,2018.6;2018.7
_1200030,2018.6;2018.7
_1200031,2018.6;2018.7
_1200032,2018.6;2018.7
_1200033,2018.6;2018.7
_1200036,2018.6;2018.7
_1200040,2018.6;2018.7
_1200044,2018.6;2018.7
_1200045,2018.6;2018.7
_1200052-Pano,2018.6;2018.7
_B230814,2019.13;2019.14
_B230817,2019.13;2019.14
_D5C0020,2018.3;2021.1
_D5C0024,2020;2025.1
_D5C0049,2021.1;2025.2;2025.3
_D5C0051,2025.2;2025.3
_D5C0055,2025.2;2025.3
_D5C0065,2025.2;2025.3
_D5C0069,2025.2;2025.3
_D5C0071,2025.2;2025.3
_D5C0072,2025.2;2025.3
_D5C0078,2025.2;2025.3
_D5C0088,2025.2;2025.4
_D5C0096,2025.2;2025.3
_D5C0097,2025.2;2025.3
_D5C0131,2025.2;2025.4
_D5C0134,2021.1;2025.4
_D5C0152,2025.2;2025.3
_D5C0183,2025.2;2025.3
_D5C0195,2025.2;2025.3
_D5C0215,2025.2;2025.3
_D5C0230,2018.3;2021.1
_D5C0231,2025.2;2025.3
_D5C0232,2018.3;2025.2;2025.3
_D5C0233,2025.2;2025.3
_D5C0235,2021.1;2025.4
_D5C0254,2025.2;2025.3
_D5C0279,2018.3;2025.4
_D5C0302,2025.2;2025.3
_D5C0309,2025.2;2025.3
_D5C0323,2025.2;2025.3
_D5C0324,2021.6;2025.2;2025.3
_D5C0329,2025.2;2025.3
_D5C0330,2025.2;2025.3
_D5C0332,2025.2;2025.3
_D5C0336,2025.2;2025.3
_D5C0341,2021.1;2025.4
_D5C0347,2021.1;2025.2;2025.3
_D5C0366,2025.2;2025.3
_D5C0372,2021.6;2025.4
_D5C0374,2025.2;2025.3
_D5C0399,2021.1;2021.6
_D5C0401,2025.2;2025.3
_D5C0420,2025.2;2025.3;2025.4
_D5C0424,2021.1;2021.6;2025.2;2025.3
_D5C0437,2025.2;2025.3
_D5C0438,2025.2;2025.3
_D5C0439,2025.2;2025.3
_D5C0441,2025.2;2025.3
_D5C0442,2025.2;2025.3
_D5C0443,2025.2;2025.3
_D5C0465,2021.6;2025.4
_D5C0590,2021.6;2025.4
_D5C0593,2021.6;2025.4
_D5C0595,2025.2;2025.3
_D5C0610,2021.1;2025.2
_D5C0614,2021.6;2025.3
_D5C0625,2021.1;2025.2
_D5C0627,2021.6;2025.3
_D5C0629,2021.6;2025.3
_D5C0636,2025.2;2025.3
_D5C0644,2025.3;2025.4
_D5C0660,2021.6;2025.3
_D5C0668,2025.2;2025.4
_D5C0674,2025.2;2025.4
_D5C0685,2025.2;2025.3
_D5C0698,2021.6;2025.3
_D5C0784,2021.1;2025.2;2025.4
_D5C0789,2018.3;2021.1
_D5C0826,2019.1;2025.2;2025.4
_D5C0912,2019.1;2025.2
_D5C0984,2019.1;2025.2
_D5C0991,2018.3;2019.1
_D5C1078,2018.3;2025.3
_D5C1101,2025.3;2025.4
_D5C1105,2021.1;2025.2
_D5C1109,2019.1;2021.1
_D5C1133,2019.1;2021.1
_D5C1136,2025.2;2025.4
_D5C1143,2019.1;2025.4
_D5C1160,2021.1;2025.3
_D5C1161,2021.1;2025.3
_D5C1164,2021.1;2025.3
_D5C1166,2019.1;2025.4
_D5C1167,2019.1;2025.4
_D5C1169,2018.3;2025.3
_D5C1170,2021.1;2025.3;2025.4
_D5C1174,2018.3;2025.2;2025.3
_D5C1227,2019.1;2021.1
_D5C1228,2021.1;2021.6
_D5C1235,2019.1;2021.1
_D5C1269,2021.1;2025.2
_D5C1270,2018.3;2025.2
_D5C1441,2021.6;2025.3
_D5C1474,2018.3;2025.2
_D5C1553,2019.1;2021.3
_D5C1572,2018.3;2025.2
_D5C1594,2018.3;2021.3
_D5C1621,2019.1;2025.4
_D5C1629,2018.3;2025.3
_D5C1670,2019.1;2025.4
_D5C1687,2018.3;2025.4
_D5C1692,2019.1;2025.4
_D5C1694,2018.3;2025.4
_D5C1700,2018.3;2025.4
_D5C1704,2019.1;2025.2
_D5C1725,2019.1;2025.3
_D5C1733,2018.3;2021.3
_D5C1740,2021.3;2025.2
_D5C1757,2018.3;2019.1
_D5C1762,2018.3;2021.3
_D5C1771,2018.3;2021.3
_D5C1797,2018.3;2025.4
_D5C1802,2018.3;2025.3
_D5C1827,2021.3;2025.3
_D5C1837,2021.3;2025.2
_D5C1878,2018.3;2019.1
_D5C1892,2019.1;2025.3
_D5C1898,2021.3;2025.2
_D5C1901,2021.3;2025.2
_D5C1913,2019.1;2021.3
_D5C1916,2021.3;2025.2
_D5C1921,2018.3;2021.3
_D5C1923,2019.1;2021.3
_D5C1932,2021.3;2025.3
_D5C1940,2025.1;2025.3
_D5C1980,2021.3;2025.1
_D5C1982,2021.3;2025.3
_D5C1995,2025.2;2025.3
_D5C2008,2018.3;2025.1;2025.3
_D5C2041,2025.1;2025.3
_D5C2071,2025.1;2025.2
_D5C2072,2019.1;2025.2
_D5C2074,2019.1;2025.2
_D5C2104,2019.1;2025.1
_D5C2134,2019.1;2025.2
_D5C2142,2019.1;2025.1
_D5C2162,2019.1;2025.3
_D5C2309,2021.3;2025.2
_D5C2329,2018.3;2025.1;2025.2
_D5C2330,2019.1;2025.3
_D5C2335,2018.3;2025.2
_D5C2383,2019.1;2025.1
_D5C2464,2021.3;2025.2
_D5C2467,2019.1;2021.3
_D5C2481,2025.2;2025.3
_D5C2489,2019.1;2025.1
_D5C2526,2025.1;2025.2
_D5C2530,2021.3;2025.1;2025.3
_D5C2544,2021.3;2025.2
_D5C2548,2025.1;2025.2
_D5C2561,2019.1;2025.2
_D5C2582,2025.1;2025.2
_D5C2625,2018.3;2025.2
_D5C2633,2019.1;2021.3
_D5C2636,2021.3;2025.1
_D5C2644,2019.1;2025.1
_D5C2657,2018.3;2025.1
_D5C2667,2019.1;2021.3
_D5C2696,2021.3;2025.1
_D5C2701,2021.3;2025.2
_D5C2708,2019.1;2025.3
_D5C2721,2019.1;2025.3
_D5C2722,2018.3;2025.2
_D5C2725,2019.1;2021.3
_D5C2729,2019.1;2025.2
_D5C2734,2019.1;2025.2
_D5C2737,2021.3;2025.2
_D5C2782,2019.1;2021.3
_D5C2789,2021.3;2025.2
_D5C2799,2019.1;2025.2
_D5C2828,2021.3;2025.1
_D5C2846,2025.1;2025.3
_D5C2848,2021.3;2025.1
_D5C2873,2025.1;2025.2
_D5C2875,2019.1;2025.1
_D5C2878,2021.3;2025.1;2025.3
_D5C2879,2018.3;2021.3
_D5C2899,2019.1;2025.1
_D5C2902,2018.3;2021.3
_D5C2926,2025.1;2025.2
_D5C2933,2019.1;2025.1
_D5C2948,2019.1;2021.3;2025.1
_D5C2956,2025.1;2025.3
_D5C2963,2018.3;2025.3
_D5C2982,2018.3;2025.2
_D5C2987,2025.1;2025.3
_D5C3022,2021.3;2025.1
_D5C3028,2019.1;2019.2
_D5C3036,2019.2;2021.3
_D5C3041,2019.2;2025.1
_D5C3075,2019.2;2021.3;2025.1
_D5C3076,2018.3;2025.1
_D5C3081,2019.2;2025.3
_D5C3083,2019.1;2019.2
_D5C3095,2019.1;2025.3
_D5C3099,2019.2;2021.3;2025.3
_D5C3102,2025.1;2025.2
_D5C3110,2018.3;2025.1
_D5C3132,2019.2;2025.3
_D5C3138,2018.3;2021.3
_D5C3166,2019.1;2025.1
_D5C3166-Enhanced-NR,2025.1;2025.3
_D5C3198,2019.2;2021.3;2025.1
_D5C3203,2021.3;2025.1
_D5C3206,2025.1;2025.3
_D5C3207,2021.3;2025.1;2025.3
_D5C3211,2025.1;2025.3
_D5C3239,2019.2;2025.1
_D5C3243,2019.1;2025.3
_D5C3245,2021.3;2025.1
_D5C3247,2019.2;2025.1
_D5C3251,2018.4;2019.1
_D5C3253,2025.1;2025.2
_D5C3264,2019.2;2025.1;2025.2;2025.3
_D5C3293,2019.2;2021.3
_D5C3299,2025.1;2025.2
_D5C3322,2019.2;2025.2
_D5C3360,2019.2;2021.3
_D5C3362,2019.2;2021.3
_D5C3364,2021.3;2025.3
_D5C3386,2021.3;2025.1
_D5C3388,2018.4;2019.2
_D5C3394,2019.2;2025.1;2025.3
_D5C3399,2018.4;2025.1
_D5C3403,2025.1;2025.2
_D5C3409,2019.2;2025.1
_D5C3413,2025.1;2025.2
_D5C3443,2018.4;2025.1
_D5C3463,2018.4;2019.2
_D5C3465,2025.1;2025.3
_D5C3479,2025.1;2025.3
_D5C3484,2021.3;2025.3
_D5C3485,2025.1;2025.3
_D5C3504,2025.1;2025.2
_D5C3600,2019.2;2021.3
_D5C3725,2018.4;2019.2
_D5C3759,2018.4;2025.2
_D5C3776,2025.1;2025.2
_D5C3798,2018.4;2025.1
_D5C3805,2018.4;2021.3
_D5C3856,2025.2;2025.3
_D5C3876,2018.4;2019.2
_D5C3890,2019.2;2025.1
_D5C3898,2019.2;2025.1
_D5C3900,2021.3;2025.1
_D5C3903,2018.4;2025.3
_D5C3921,2021.3;2025.3
_D5C3934,2021.3;2025.1
_D5C3968,2025.1;2025.3
_D5C3981,2021.3;2025.2
_D5C4085,2018.4;2021.3
_D5C4109,2025.1;2025.2
_D5C4148,2025.2;2025.3
_D5C4188,2018.4;2025.1
_D5C4198,2021.3;2025.3
_D5C4217,2021.3;2025.2
_D5C4259,2018.4;2025.1
_D5C4267,2018.4;2025.3
_D5C4307,2021.3;2025.2
_D5C4331,2019.2;2019.3
_D5C4332,2025.2;2025.3
_D5C4341,2019.2;2019.3
_D5C4350,2019.2;2019.3
_D5C4353,2019.2;2019.3
_D5C4365,2019.2;2021.3
_D5C4370,2019.2;2019.3
_D5C4378,2021.3;2025.1
_D5C4386,2019.2;2019.3;2021.3
_D5C4404,2019.2;2019.3
_D5C4406,2019.2;2019.3;2025.2
_D5C4414,2019.2;2019.3
_D5C4423,2018.4;2019.2;2019.3
_D5C4438,2019.2;2019.3
_D5C4439,2019.2;2019.3;2025.3
_D5C4448,2019.2;2019.3
_D5C4464,2019.2;2025.2
_D5C4465,2019.2;2019.3;2025.1;2025.3
_D5C4469,2018.4;2019.2;2025.3
_D5C4474,2019.2;2019.3
_D5C4484,2019.2;2019.3;2025.3
_D5C4487,2019.2;2019.3;2025.3
_D5C4500,2019.2;2019.3
_D5C4503,2019.2;2025.2
_D5C4504,2019.2;2021.3
_D5C4510,2019.2;2019.3
_D5C4514,2019.2;2019.3
_D5C4530,2019.2;2019.3
_D5C4531,2019.2;2019.3
_D5C4542,2019.2;2019.3
_D5C4559,2019.2;2019.3
_D5C4563,2019.2;2025.3
_D5C4578,2019.2;2019.3
_D5C4581,2019.2;2019.3
_D5C4590,2019.2;2019.3
_D5C4604,2019.2;2019.3
_D5C4621,2019.2;2025.2
_D5C4644,2019.2;2019.3
_D5C4646,2019.2;2019.3
_D5C4659,2019.2;2019.3
_D5C4660,2019.2;2019.3
_D5C4680,2019.2;2025.1
_D5C4684,2019.2;2019.3
_D5C4694,2019.2;2021.3
_D5C4709,2019.2;2019.3
_D5C4725,2019.2;2019.3
_D5C4732,2019.2;2019.3;2025.2
_D5C4753,2021.3;2025.3
_D5C4754,2021.3;2021.4
_D5C4768,2019.2;2019.3;2021.3;2025.3
_D5C4778,2019.2;2019.3;2021.3;2025.3
_D5C4781,2021.4;2025.1
_D5C4804,2019.2;2019.3
_D5C4834,2019.2;2019.3;2025.2
_D5C4888,2021.4;2025.3
_D5C4893,2018.4;2025.3
_D5C4916,2021.4;2025.2
_D5C5052,2025.2;2025.3
_D5C5054,2018.4;2025.2
_D5C5075,2018.4;2025.2
_D5C5121,2021.4;2025.3
_D5C5127,2021.4;2025.3
_D5C5171,2021.4;2025.2
_D5C5238,2021.4;2025.1
_D5C5289,2019.15;2021.4
_D5C5348,2019.2;2019.3
_D5C5371,2019.2;2019.3
_D5C5403,2019.2;2019.3
_D5C5414,2019.2;2019.3
_D5C5422,2019.2;2019.3;2021.5
_D5C5429,2019.2;2019.3;2025.2
_D5C5438,2019.2;2019.3
_D5C5450,2019.2;2019.3
_D5C5452,2019.2;2019.3
_D5C5455,2019.2;2019.3
_D5C5459,2019.2;2019.3
_D5C5468,2019.2;2019.3
_D5C5475,2019.2;2019.3
_D5C5488,2019.2;2019.3
_D5C5493,2019.2;2019.3;2021.5
_D5C5495,2019.2;2019.3;2025.1
_D5C5500,2019.2;2019.3
_D5C5503,2019.2;2019.3
_D5C5589,2025.2;2025.3
_D5C5622,2019.2;2019.3
_D5C5641,2019.2;2019.3;2021.5
_D5C5644,2019.2;2019.3
_D5C5650,2019.2;2019.3;2025.2
_D5C5654,2019.2;2019.3
_D5C5667,2020;2021.5
_D5C5678,2021.5;2025.2
_D5C5690,2019.2;2019.3
_D5C5696,2018.4;2021.5
_D5C5705,2019.2;2019.3
_D5C5713,2019.2;2019.3
_D5C5724,2019.2;2019.3;2025.3
_D5C5742,2019.2;2019.3;2021.5
_D5C5750,2019.2;2019.3
_D5C5762,2020;2021.5
_D5C5764,2025.2;2025.3
_D5C5775,2018.4;2025.1
_D5C5782,2019.2;2019.3
_D5C5783,2019.2;2019.3
_D5C5797,2018.4;2020;2021.5
_D5C5798,2025.1;2025.2
_D5C5807,2020;2021.5
_D5C5839,2021.5;2025.2
_D5C5850,2019.2;2019.3;2021.5
_D5C5856,2019.2;2019.3
_D5C5864,2021.5;2025.1
_D5C5866,2021.5;2025.2
_D5C5898,2019.2;2019.3
_D5C5899,2025.2;2025.3
_D5C5905,2021.5;2025.2
_D5C5912,2021.5;2025.2;2025.3
_D5C5957,2019.2;2019.4
_D5C5982,2021.5;2025.1
_D5C6004,2019.2;2019.4
_D5C6009,2021.5;2025.1
_D5C6012,2019.2;2019.4;2025.2
_D5C6032,2018.4;2021.5
_D5C6033,2019.2;2019.4;2025.3
_D5C6035,2025.1;2025.2
_D5C6036,2021.5;2025.2
_D5C6060,2021.5;2025.3
_D5C6066,2021.5;2025.2;2025.3
_D5C6091,2021.5;2025.2
_D5C6108,2025.1;2025.3
_D5C6120,2018.4;2025.3
_D5C6125,2019.2;2019.4;2025.3
_D5C6134,2025.1;2025.2
_D5C6142,2021.5;2025.2;2025.3
_D5C6158,2025.2;2025.3
_D5C6187,2025.1;2025.2;2025.3
_D5C6193,2019.2;2019.4
_D5C6198,2019.2;2019.4;2025.1
_D5C6200,2025.1;2025.2
_D5C6201,2025.2;2025.3
_D5C6202,2018.4;2025.3
_D5C6217,2019.2;2019.4
_D5C6220,2019.2;2019.4
_D5C6257,2019.2;2019.4
_D5C6276,2021.5;2025.2
_D5C6287,2019.2;2019.4
_D5C6289,2019.2;2019.4
_D5C6367,2020;2021.5
_D5C6368,2020;2021.5
_D5C6369,2019.2;2019.4
_D5C6457,2019.2;2019.4
_D5C6500,2018.4;2025.1
_D5C6505,2020;2025.2
_D5C6514,2019.2;2019.4;2020;2025.2
_D5C6570,2018.4;2025.2
_D5C6608,2019.2;2019.4
_D5C6657,2019.2;2019.4
_D5C6664,2019.2;2019.4
_D5C6678,2019.2;2019.4;2025.1
_D5C6682,2018.4;2019.2;2019.4
_D5C6707,2019.2;2019.4
_D5C6709,2019.2;2019.4
_D5C6718,2025.1;2025.2
_D5C6735,2019.2;2019.4;2025.2
_D5C6743,2019.2;2019.4
_D5C6764,2025.1;2025.2
_D5C6768,2019.2;2019.4
_D5C6772,2019.2;2019.4
_D5C6783,2019.2;2019.4
_D5C6790,2019.2;2019.4
_D5C6794,2019.2;2019.4;2025.1
_D5C6800,2019.2;2019.4;2025.2
_D5C6803,2019.2;2019.4
_D5C6814,2019.2;2019.4
_D5C6821,2019.2;2019.4
_D5C6843,2019.2;2019.4
_D5C6855,2019.2;2019.4;2025.1
_D5C6865,2019.2;2019.4
_D5C6870,2019.2;2019.4
_D5C6874,2019.2;2019.4
_D5C6880,2025.1;2025.2
_D5C6905,2019.2;2019.4
_D5C6910,2019.2;2019.4
_D5C6912,2018.5;2025.1
_D5C6932,2019.2;2019.4
_D5C6934,2019.2;2019.4
_D5C6947,2019.2;2019.4;2021.5
_D5C6951,2018.5;2021.5
_D5C6973,2021.5;2025.1
_D5C6991,2019.2;2019.4
_D5C6992,2019.2;2019.4
_D5C7014,2021.5;2025.1
_D5C7024,2021.5;2025.1
_D5C7040,2018.5;2019.2;2019.4
_D5C7046,2019.2;2019.4
_D5C7047,2019.2;2019.4
_D5C7058,2018.5;2025.1
_D5C7065,2021.5;2025.2
_D5C7073,2019.2;2019.4
_D5C7075,2021.5;2025.2
_D5C7088,2019.2;2019.4;2025.2
_D5C7104,2019.2;2019.4
_D5C7113,2019.2;2019.4
_D5C7118,2025.1;2025.2
_D5C7120,2018.5;2025.2
_D5C7130,2018.5;2025.1
_D5C7134,2021.5;2025.1
_D5C7142,2018.5;2021.5;2025.1
_D5C7143,2019.2;2019.4
_D5C7144,2025.1;2025.2
_D5C7156,2018.5;2025.1
_D5C7179,2018.5;2019.2;2019.4;2021.5
_D5C7183,2019.2;2019.4;2025.2
_D5C7185,2018.5;2019.2;2019.4
_D5C7186,2021.5;2025.1
_D5C7205,2018.5;2019.2;2019.4
_D5C7212,2019.2;2019.4
_D5C7281,2018.5;2019.4;2025.2
_D5C7292,2021.5;2025.1;2025.2
_D5C7329,2019.4;2025.1
_D5C7337,2018.5;2025.2
_D5C7365,2018.5;2025.2
_D5C7377,2020;2021.5
_D5C7399,2020;2025.1;2025.2
_D5C7403,2025.1;2025.2
_D5C7420,2021.5;2025.2
_D5C7455,2025.1;2025.2
_D5C7470,2019.4;2021.5
_D5C7472,2025.1;2025.2
_D5C7481,2019.4;2021.5;2025.1
_D5C7485,2018.5;2025.2
_D5C7494,2019.5;2025.1
_D5C7498,2018.5;2025.1
_D5C7501,2018.5;2019.5
_D5C7505,2020;2021.5
_D5C7515,2021.5;2025.1
_D5C7520,2021.5;2025.1
_D5C7530,2018.5;2021.5
_D5C7537,2018.5;2025.1;2025.2
_D5C7547,2018.5;2020
_D5C7567,2018.5;2019.5
_D5C7593,2018.5;2019.5
_D5C7839,2018.7;2019.5
_D5C7872,2020;2021.5
_D5C7873,2018.7;2021.5
_D5C7879,2018.7;2021.5
_D5C7882,2018.7;2021.5
_D5C7884,2018.7;2021.5
_D5C7914,2018.7;2020
_D5C7920,2018.7;2019.5
_D5C7922,2018.7;2019.5
_D5C7956,2018.7;2025.1
_D5C7958,2018.7;2025.1
_D5C8003,2021.5;2025.1
_D5C8018,2018.7;2021.5
_D5C8036,2018.7;2025.1
_D5C8071,2018.7;2021.5
_D5C8072,2018.7;2021.5
_D5C8080,2018.7;2021.5
_D5C8088,2018.7;2025.1
_D5C8089,2018.7;2021.5;2025.1
_D5C8095,2018.7;2021.5
_D5C8099,2020;2021.5
_D5C8100,2020;2021.5
_D5C8101,2018.7;2020
_D5C8107,2018.7;2021.5
_D5C8176,2018.7;2025.2
_D5C8202,2018.7;2025.1
_D5C8206,2018.7;2021.5;2025.2
_D5C8311,2018.7;2025.4
_D5C8320,2025.1;2025.4
_D5C8352,2021.5;2025.1
_D5C8365,2018.7;2025.4
_D5C8374,2018.7;2021.5
_D5C8414,2018.7;2021.5
_D5C8418,2025.2;2025.3
_D5C8422,2025.2;2025.3
_D5C8437,2025.2;2025.3
_D5C8457,2025.2;2025.3
_D5C8459,2025.2;2025.3
_D5C8467,2018.7;2021.5;2025.2;2025.3
_D5C8496,2025.2;2025.3;2025.4
_D5C8525,2018.7;2025.4
_D5C8538,2025.2;2025.3
_D5C8545,2021.5;2025.2;2025.3
_D5C8549,2018.7;2025.1
_D5C8582,2018.7;2025.4
_D5C8584,2018.7;2025.1
_D5C8596,2018.7;2021.5
_D5C8607,2025.2;2025.3
_D5C8608,2025.2;2025.3
_D5C8608-2,2025.2;2025.3
_D5C8655,2021.5;2025.2;2025.3
_D5C8676,2018.7;2025.1
_D5C8687,2025.2;2025.3
_D5C8689,2025.2;2025.3
_D5C8692,2025.2;2025.3
_D5C8699,2018.7;2021.5
_D5C8712,2025.2;2025.3
_D5C8714,2025.2;2025.3
_D5C8716,2018.7;2025.2;2025.3
_D5C8721,2025.2;2025.3
_D5C8733,2018.7;2025.1
_D5C8752,2018.7;2025.4
_D5C8757,2021.5;2025.4
_D5C8761,2025.1;2025.2;2025.3
_D5C8765,2018.7;2021.5
_D5C8767,2025.2;2025.3
_D5C8769,2025.1;2025.2;2025.3
_D5C8770,2021.5;2025.1
_D5C8785,2021.5;2025.4
_D5C8790,2020;2021.5
_D5C8791,2025.2;2025.3
_D5C8804,2018.7;2025.1;2025.4
_D5C8833,2021.5;2025.1;2025.2;2025.3
_D5C8839,2025.2;2025.3
_D5C8841,2021.5;2025.2;2025.3
_D5C8842,2025.2;2025.3;2025.4
_D5C8845,2020;2021.5
_D5C8856,2025.2;2025.3
_D5C8859,2020;2021.5;2025.1
_D5C8860,2018.7;2021.5
_D5C8865,2025.2;2025.3
_D5C8868,2021.5;2025.1
_D5C8870,2018.7;2021.5
_D5C8872,2021.5;2025.4
_D5C8873,2018.7;2021.5;2025.2;2025.3
_D5C8875,2025.2;2025.3
_D5C8882,2018.7;2021.5
_D5C8886,2021.5;2025.1
_D5C8887,2021.5;2025.1
_D5C8889,2021.5;2025.1
_D5C8895,2025.1;2025.4
_D5C8902,2021.5;2025.1;2025.2;2025.3
_D5C8906,2025.2;2025.3
_D5C8921,2025.2;2025.3
_D5C8933,2025.1;2025.2;2025.3
_D5C8934,2020;2025.1
_D5C8939,2025.2;2025.3
_D5C8942,2018.7;2020;2025.1
_D5C8958,2025.2;2025.3
_D5C8969,2025.2;2025.3
_D5C8971,2025.2;2025.3
_D5C8986,2025.2;2025.3
_D5C8987,2025.2;2025.3
_D5C8993,2025.2;2025.3
_D5C8996,2025.2;2025.3
_D5C9007,2025.2;2025.3
_D5C9014,2018.7;2025.2;2025.3;2025.4
_D5C9040,2025.2;2025.3;2025.4
_D5C9047,2025.2;2025.3
_D5C9048,2025.2;2025.3
_D5C9050,2025.2;2025.3
_D5C9065,2025.2;2025.3;2025.4
_D5C9085,2025.2;2025.3
_D5C9109,2025.2;2025.3
_D5C9123,2025.2;2025.3
_D5C9129,2025.2;2025.3
_D5C9138,2025.2;2025.3
_D5C9141,2025.2;2025.3
_D5C9142,2021.6;2025.2;2025.3
_D5C9143,2025.2;2025.3
_D5C9146,2018.7;2025.2;2025.3
_D5C9156,2025.1;2025.2;2025.3
_D5C9174,2025.2;2025.3
_D5C9176,2025.2;2025.3
_D5C9192,2025.2;2025.3
_D5C9197,2025.2;2025.3
_D5C9223,2025.2;2025.3
_D5C9226,2025.2;2025.3
_D5C9254,2021.6;2025.4
_D5C9258,2025.2;2025.3
_D5C9279,2020;2025.4
_D5C9280,2021.6;2025.4
_D5C9288,2018.7;2021.6
_D5C9299,2025.2;2025.3
_D5C9300,2025.2;2025.3
_D5C9309,2020;2021.6;2025.4
_D5C9310,2025.2;2025.3;2025.4
_D5C9314,2025.2;2025.3
_D5C9329,2020;2025.1
_D5C9343,2025.2;2025.3;2025.4
_D5C9347,2021.6;2025.4
_D5C9382,2025.1;2025.4
_D5C9388,2025.2;2025.3
_D5C9390,2025.2;2025.3
_D5C9411,2025.2;2025.3
_D5C9417,2025.2;2025.3
_D5C9429,2020;2025.1
_D5C9439,2025.2;2025.3
_D5C9443,2025.2;2025.3;2025.4
_D5C9462,2025.2;2025.3
_D5C9464,2025.2;2025.3
_D5C9467,2025.2;2025.3
_D5C9470,2025.2;2025.3
_D5C9505,2025.1;2025.4
_D5C9508,2025.2;2025.3
_D5C9509,2025.2;2025.3
_D5C9511,2025.1;2025.2;2025.3
_D5C9512,2025.2;2025.3
_D5C9516,2025.2;2025.3
_D5C9518,2025.1;2025.2;2025.3
_D5C9519,2025.2;2025.3
_D5C9520,2025.1;2025.2;2025.3
_D5C9521,2025.2;2025.3
_D5C9522,2025.2;2025.3
_D5C9527,2025.2;2025.3
_D5C9531,2025.2;2025.3
_D5C9533,2025.2;2025.3
_D5C9542,2025.2;2025.3
_D5C9592,2025.2;2025.3
_D5C9601,2025.2;2025.3
_D5C9602,2025.2;2025.3
_D5C9605,2025.2;2025.3
_D5C9614,2025.2;2025.3
_D5C9615,2025.2;2025.3
_D5C9622,2021.6;2025.1
_D5C9700,2025.2;2025.3
_D5C9720,2021.1;2025.1;2025.4
_D5C9726,2025.2;2025.3
_D5C9734,2021.6;2025.4
_D5C9743,2021.1;2025.2;2025.3
_D5C9745,2021.1;2025.4
_D5C9804,2025.2;2025.3
_D5C9825,2025.2;2025.3
_D5C9837,2025.2;2025.3
_D5C9842,2025.2;2025.3
_D5C9847,2025.2;2025.3
_D5C9860,2021.1;2025.4
_D5C9862,2021.1;2025.4
_D5C9871,2025.2;2025.3
_D5C9874,2025.1;2025.2;2025.3
_D5C9876,2025.2;2025.3
_D5C9877,2025.2;2025.3
_D5C9879,2025.2;2025.3
_D5C9884,2025.2;2025.3
_D5C9908,2025.2;2025.3
_D5C9915,2021.1;2025.2;2025.3
_D5C9937,2025.2;2025.3
_D5C9943,2021.1;2025.2;2025.3
_D5C9945,2025.2;2025.3
_D5C9948,2025.2;2025.3
_D5C9951,2025.2;2025.3
_D5C9969,2025.2;2025.3
_D5C9970,2025.2;2025.3
_D5C9978,2025.1;2025.2;2025.3
_D5C9980,2025.2;2025.3
_D5C9983,2025.2;2025.3
_D5C9989,2025.2;2025.3
_D5D0003,2021.4;2024.4
_D5D0009,2018.3;2021.4;2022
_D5D0033,2024.1;2024.2
_D5D0034,2018.3;2022;2024.1
_D5D0043,2021.3;2024.2
_D5D0070,2018.1;2018.3;2021.2;2022;2024.4
_D5D0071,2021.3;2024.3
_D5D0075,2021.2;2024.1
_D5D0080,2018.1;2024.4
_D5D0093,2018.1;2024.2
_D5D0099,2018.1;2024.2
_D5D0104,2024.3;2024.4
_D5D0109,2018.1;2024.5
_D5D0110,2018.1;2024.2;2024.3
_D5D0114,2018.4;2024.2
_D5D0117,2022;2024.3
_D5D0123,2018.1;2018.3;2024.4;2024.5
_D5D0131,2021.5;2024.1
_D5D0132,2022;2024.1
_D5D0143,2022;2024.3;2024.4
_D5D0147,2018.1;2021.5;2022
_D5D0152,2018.3;2024.2
_D5D0156,2018.3;2021.1;2024.5
_D5D0161,2021.3;2024.4
_D5D0163,2021.5;2024.3
_D5D0166,2021.2;2022
_D5D0168,2021.4;2024.2
_D5D0169,2021.3;2024.2;2024.3
_D5D0179,2021.1;2024.5
_D5D0182,2021.5;2022
_D5D0192,2022;2024.5
_D5D0198,2021.5;2024.1
_D5D0202,2018.1;2022
_D5D0213,2018.1;2024.3
_D5D0219,2021.4;2024.3;2024.5
_D5D0233,2018.1;2022
_D5D0242,2022;2024.5
_D5D0243,2024.1;2024.5
_D5D0250,2018.1;2021.5
_D5D0254,2018.1;2022;2024.5
_D5D0257,2024.1;2024.3
_D5D0270,2018.1;2024.5
_D5D0280,2018.1;2024.3
_D5D0284,2018.1;2024.1
_D5D0293,2018.1;2018.3
_D5D0304,2021.1;2024.3
_D5D0318,2021.1;2024.5
_D5D0356,2018.1;2024.5
_D5D0358,2021.3;2024.4
_D5D0361,2018.1;2024.5
_D5D0400,2021.4;2024.5
_D5D0407,2021.1;2021.6
_D5D0421,2021.3;2024.3;2024.5
_D5D0425,2021.1;2024.2
_D5D0427,2018.1;2021.5
_D5D0437,2021.6;2024.5
_D5D0441,2021.3;2021.5
_D5D0443,2018.1;2021.1
_D5D0455,2018.1;2024.5
_D5D0467,2024.2;2024.4
_D5D0471,2021.4;2021.5
_D5D0473,2021.1;2024.4
_D5D0486,2021.1;2024.1
_D5D0489,2022;2024.1
_D5D0493,2024.1;2024.5
_D5D0500,2021.3;2024.4
_D5D0505,2024.1;2024.2
_D5D0516,2021.1;2024.5
_D5D0527,2021.1;2021.5
_D5D0528,2018.1;2024.5
_D5D0530,2021.5;2024.4
_D5D0532,2018.1;2022
_D5D0552,2022;2024.3
_D5D0553,2022;2024.5
_D5D0567,2021.1;2024.1
_D5D0569,2018.1;2021.5
_D5D0571,2021.5;2024.1
_D5D0573,2021.3;2024.5
_D5D0583,2021.1;2021.3;2024.2
_D5D0589,2021.3;2021.6
_D5D0597,2024.2;2024.5
_D5D0609,2024.1;2024.5
_D5D0620,2021.5;2023.1
_D5D0626,2021.1;2021.6
_D5D0631,2024.2;2024.5
_D5D0633,2021.3;2021.6
_D5D0634,2021.5;2024.1
_D5D0646,2018.1;2021.5;2024.5
_D5D0653,2021.1;2021.5
_D5D0660,2021.1;2021.5
_D5D0674,2021.3;2021.5;2024.3
_D5D0676,2021.1;2021.3
_D5D0699,2018.1;2021.4
_D5D0718,2018.1;2024.4
_D5D0719,2022;2023.1
_D5D0723,2021.1;2021.3
_D5D0726,2022;2024.5
_D5D0727,2021.5;2024.4
_D5D0731,2021.3;2021.4
_D5D0732,2021.1;2021.3;2022
_D5D0734,2021.3;2021.4
_D5D0735,2021.1;2021.4;2024.4
_D5D0737,2021.4;2024.4
_D5D0757,2018.1;2021.3
_D5D0765,2021.6;2024.2;2024.5
_D5D0768,2021.1;2024.5
_D5D0776,2018.1;2021.2
_D5D0782,2021.1;2024.4
_D5D0786,2018.1;2021.1;2021.3
_D5D0790,2021.2;2024.4
_D5D0800,2021.6;2024.3
_D5D0810,2021.1;2021.5
_D5D0811,2021.1;2021.3
_D5D0814,2018.3;2021.3
_D5D0818,2021.2;2024.5
_D5D0819,2021.4;2024.3
_D5D0820,2021.2;2021.5
_D5D0831,2018.3;2021.2
_D5D0836,2021.6;2024.2
_D5D0838,2021.2;2021.4
_D5D0839,2018.3;2021.4
_D5D0848,2018.1;2024.1
_D5D0851,2021.2;2024.4;2024.5
_D5D0854,2021.5;2024.2
_D5D0862,2021.6;2024.5
_D5D0869,2018.3;2023.1
_D5D0871,2018.3;2024.5
_D5D0892,2021.6;2024.2
_D5D0897,2021.2;2021.5
_D5D0902,2021.1;2021.6
_D5D0903,2021.4;2024.4
_D5D0912,2021.4;2024.1
_D5D0913,2018.1;2021.4;2021.5
_D5D0915,2021.1;2021.5
_D5D0916,2018.1;2024.2
_D5D0921,2018.1;2024.5
_D5D0931,2021.1;2021.5
_D5D0932,2021.5;2024.4
_D5D0937,2023.1;2024.2
_D5D0938,2024.3;2024.4
_D5D0951,2021.2;2021.4;2024.2;2024.5
_D5D0953,2024.3;2024.4
_D5D0962,2018.1;2021.2
_D5D0972,2018.3;2018.4
_D5D0980,2018.1;2021.5
_D5D0981,2023.1;2024.5
_D5D0982,2021.4;2024.4
_D5D0988,2023.1;2024.4
_D5D0994,2018.1;2021.5
_D5D0995,2021.1;2021.6
_D5D1007,2021.6;2024.1
_D5D1018,2021.6;2022
_D5D1019,2021.2;2021.3;2022
_D5D1022,2021.2;2021.5
_D5D1023,2018.1;2021.6
_D5D1025,2021.6;2022
_D5D1037,2018.3;2021.5;2024.4
_D5D1038,2021.5;2023.1
_D5D1044,2021.1;2022
_D5D1046,2018.1;2023.1
_D5D1056,2018.3;2021.5
_D5D1057,2018.1;2021.3;2021.4;2024.4
_D5D1069,2021.6;2024.4
_D5D1070,2018.1;2023.1
_D5D1072,2021.5;2023.1
_D5D1079,2018.1;2024.1
_D5D1090,2021.1;2021.5;2021.6
_D5D1092,2018.1;2021.2
_D5D1107,2018.1;2024.2
_D5D1112,2021.4;2021.6
_D5D1123,2018.3;2024.1
_D5D1124,2018.1;2021.5;2024.1;2024.5
_D5D1129,2018.1;2021.1;2024.5
_D5D1130,2021.1;2021.5
_D5D1135,2021.1;2021.3
_D5D1138,2018.1;2021.1;2024.5
_D5D1139,2018.1;2024.5
_D5D1142,2021.2;2021.5
_D5D1146,2018.1;2021.5
_D5D1153,2021.4;2023.1
_D5D1154,2018.1;2024.1;2024.4
_D5D1155,2021.5;2024.2;2024.5
_D5D1158,2018.1;2023.1
_D5D1173,2021.3;2021.5
_D5D1177,2018.1;2023.1
_D5D1181,2021.4;2022;2024.4
_D5D1183,2022;2023.1;2024.4
_D5D1185,2021.4;2021.6;2024.1
_D5D1186,2021.3;2021.4
_D5D1189,2018.1;2023.1
_D5D1194,2018.4;2024.4
_D5D1197,2023.1;2024.5
_D5D1198,2018.1;2018.4;2021.4
_D5D1203,2022;2023.1
_D5D1216,2021.2;2021.4
_D5D1219,2021.4;2021.5;2024.4
_D5D1220,2021.4;2024.5
_D5D1221,2021.1;2024.1
_D5D1227,2018.1;2021.4;2024.5
_D5D1228,2018.3;2021.4
_D5D1229,2018.4;2021.4;2023.1
_D5D1230,2021.1;2021.4
_D5D1232,2021.4;2022
_D5D1233,2023.1;2024.4
_D5D1234,2021.6;2022
_D5D1239,2021.5;2021.6
_D5D1246,2018.1;2021.4;2024.4
_D5D1247,2021.4;2024.2
_D5D1249,2021.4;2024.5
_D5D1255,2018.1;2024.4;2024.5
_D5D1257,2021.1;2024.4
_D5D1262,2018.1;2024.5
_D5D1264,2024.4;2024.5
_D5D1268,2021.4;2024.4
_D5D1275,2018.4;2021.1;2021.5
_D5D1281,2018.1;2021.1
_D5D1287,2024.1;2024.4
_D5D1290,2021.5;2022
_D5D1305,2018.1;2023.1
_D5D1311,2021.1;2024.3;2024.4
_D5D1312,2021.1;2021.5;2022
_D5D1314,2021.1;2024.1;2024.3
_D5D1317,2021.2;2024.1;2024.2
_D5D1324,2021.2;2021.4;2021.5;2024.4
_D5D1325,2018.1;2021.5;2021.6;2024.2
_D5D1343,2021.6;2023.1
_D5D1352,2021.4;2021.6;2024.1;2024.5
_D5D1355,2018.1;2021.3;2021.4
_D5D1361,2018.1;2021.3
_D5D1366,2021.4;2021.5;2024.2
_D5D1367,2021.5;2024.1;2024.4
_D5D1372,2021.2;2021.5
_D5D1373,2021.5;2023.1
_D5D1374,2021.1;2021.2
_D5D1378,2021.5;2024.1
_D5D1382,2021.3;2021.5
_D5D1384,2021.5;2022;2024.2
_D5D1389,2021.2;2023.1;2024.4
_D5D1391,2018.1;2023.1
_D5D1395,2018.4;2021.4;2023.1
_D5D1403,2018.1;2021.4
_D5D1406,2021.6;2022
_D5D1417,2021.6;2024.2
_D5D1418,2021.6;2023.1;2024.2
_D5D1420,2021.5;2021.6;2023.1;2024.2
_D5D1421,2024.1;2024.2
_D5D1422,2021.1;2021.2;2021.5;2023.1;2024.4
_D5D1427,2021.2;2021.3;2022;2024.1
_D5D1431,2018.3;2021.2;2021.4
_D5D1432,2021.3;2021.6
_D5D1436,2021.3;2021.4
_D5D1446,2021.6;2024.1
_D5D1450,2018.3;2024.5
_D5D1452,2018.1;2024.5
_D5D1455,2021.5;2024.1
_D5D1461,2018.1;2022
_D5D1462,2021.5;2022
_D5D1470,2018.1;2022
_D5D1477,2018.1;2024.5
_D5D1482,2018.1;2024.5
_D5D1483,2018.3;2021.4
_D5D1486,2021.6;2022;2023.1
_D5D1496,2018.1;2021.3
_D5D1504,2021.2;2024.1
_D5D1507,2018.1;2021.3;2022;2024.5
_D5D1508,2021.2;2021.6;2024.5
_D5D1509,2024.1;2024.4
_D5D1513,2021.2;2024.5
_D5D1514,2022;2024.5
_D5D1515,2018.1;2024.4
_D5D1517,2021.4;2021.5
_D5D1522,2024.1;2024.5
_D5D1523,2018.1;2024.1;2024.5
_D5D1529,2021.2;2021.5
_D5D1531,2018.3;2021.5;2024.5
_D5D1551,2018.4;2023.1
_D5D1552,2021.4;2024.4
_D5D1554,2018.1;2024.3
_D5D1559,2018.1;2021.6
_D5D1561,2021.5;2024.3
_D5D1565,2022;2024.3
_D5D1578,2018.3;2022;2024.4;2024.5
_D5D1579,2018.1;2023.1
_D5D1588,2021.6;2024.2
_D5D1595,2024.2;2024.5
_D5D1601,2018.1;2021.6
_D5D1605,2021.2;2024.1;2024.3
_D5D1606,2022;2024.4
_D5D1607,2018.3;2018.4;2021.6;2024.3
_D5D1609,2021.5;2023.1;2024.5
_D5D1614,2021.5;2022
_D5D1616,2018.1;2023.1;2024.4
_D5D1618,2021.6;2023.1
_D5D1625,2018.1;2021.6
_D5D1635,2021.6;2024.5
_D5D1640,2018.1;2021.1;2023.1
_D5D1641,2021.1;2021.6
_D5D1651,2021.1;2021.3;2021.6
_D5D1653,2021.5;2024.4
_D5D1654,2021.1;2021.6
_D5D1655,2021.2;2021.6
_D5D1656,2021.3;2021.5;2024.5
_D5D1658,2021.6;2022
_D5D1659,2021.5;2021.6;2022
_D5D1661,2018.1;2022;2024.1
_D5D1662,2021.4;2022
_D5D1675,2018.1;2022
_D5D1676,2018.1;2023.1;2024.4
_D5D1677,2021.6;2024.1
_D5D1678,2021.6;2024.4
_D5D1679,2021.6;2024.1
_D5D1681,2021.6;2023.1
_D5D1697,2021.6;2022
_D5D1698,2023.1;2024.2
_D5D1701,2018.1;2021.6
_D5D1710,2018.1;2018.4
_D5D1714,2021.6;2023.1
_D5D1717,2021.4;2022
_D5D1718,2018.1;2021.2
_D5D1721,2021.2;2021.6;2024.1;2024.4
_D5D1725,2021.2;2024.1
_D5D1730,2021.2;2021.6;2024.1
_D5D1737,2021.2;2022
_D5D1738,2018.1;2022
_D5D1739,2022;2023.1
_D5D1740,2021.2;2022
_D5D1749,2018.4;2023.1
_D5D1751,2021.5;2024.1
_D5D1760,2021.2;2021.4
_D5D1761,2023.1;2024.4
_D5D1763,2021.4;2024.1
_D5D1767,2021.2;2024.1;2024.5
_D5D1768,2021.2;2022
_D5D1771,2021.4;2024.1
_D5D1775,2024.1;2024.5
_D5D1778,2018.4;2023.1
_D5D1780,2022;2023.1;2024.4
_D5D1781,2018.4;2022
_D5D1783,2022;2024.1
_D5D1786,2018.4;2024.4
_D5D1788,2021.5;2022
_D5D1790,2018.4;2024.1
_D5D1795,2023.1;2024.1
_D5D1796,2022;2023.1
_D5D1800,2018.4;2024.1
_D5D1802,2021.4;2024.5
_D5D1806,2021.4;2021.6;2024.1;2024.5
_D5D1810,2018.4;2023.1;2024.1
_D5D1815,2021.1;2021.5;2024.5
_D5D1825,2021.4;2024.4
_D5D1829,2018.1;2018.4
_D5D1834,2024.3;2024.5
_D5D1839,2021.1;2021.4
_D5D1849,2018.4;2021.5
_D5D1856,2018.1;2024.5
_D5D1865,2018.1;2024.2
_D5D1880,2022;2024.5
_D5D1885,2021.3;2022
_D5D1889,2022;2024.3;2024.4
_D5D1895,2018.4;2021.4
_D5D1897,2021.4;2021.5;2024.2
_D5D1898,2021.5;2024.2
_D5D1899,2018.4;2021.5;2024.2
_D5D1900,2021.5;2024.5
_D5D1911,2018.1;2018.4;2024.3
_D5D1920,2022;2024.5
_D5D1924,2018.4;2021.4;2024.4
_D5D1933,2024.2;2024.5
_D5D1938,2024.2;2024.4
_D5D1943,2022;2024.5
_D5D1944,2018.4;2021.2
_D5D1945,2018.1;2022
_D5D1947,2021.3;2022
_D5D1970,2024.3;2024.5
_D5D1973,2022;2024.3
_D5D1976,2024.2;2024.5
_D5D1987,2021.3;2024.3;2024.4
_D5D1999,2021.3;2024.5
_D5D2000,2021.3;2022;2024.5
_D5D2011,2021.1;2021.3
_D5D2013,2023.1;2024.5
_D5D2014,2021.5;2024.3
_D5D2028,2021.5;2024.4
_D5D2030,2021.2;2021.3;2021.4
_D5D2041,2021.4;2024.3
_D5D2049,2021.1;2024.5
_D5D2054,2018.1;2023.1
_D5D2055,2018.4;2021.3
_D5D2058,2018.1;2021.4
_D5D2060,2021.3;2024.2
_D5D2064,2021.4;2024.5
_D5D2066,2024.1;2024.3
_D5D2068,2018.1;2021.2
_D5D2069,2018.4;2021.4
_D5D2074,2021.4;2024.5
_D5D2075,2021.4;2022
_D5D2077,2022;2023.1
_D5D2083,2018.1;2021.4;2024.5
_D5D2098,2021.5;2024.4
_D5D2099,2018.1;2021.4
_D5D2118,2023.1;2024.4
_D5D2119,2021.4;2024.5
_D5D2121,2021.5;2024.1
_D5D2128,2022;2024.1
_D5D2140,2021.4;2024.1
_D5D2142,2021.5;2022;2024.5
_D5D2149,2018.1;2024.5
_D5D2150,2021.2;2023.1
_D5D2151,2021.2;2024.5
_D5D2158,2021.5;2024.3
_D5D2166,2021.4;2024.2
_D5D2204,2022;2024.5
_D5D2206,2018.1;2024.1
_D5D2207,2023.1;2024.5
_D5D2215,2018.1;2021.3
_D5D2227,2021.3;2024.1
_D5D2228,2018.1;2023.1
_D5D2241,2021.2;2024.5
_D5D2246,2021.3;2021.4
_D5D2254,2023.1;2024.5
_D5D2265,2021.2;2023.1
_D5D2266,2018.1;2021.5
_D5D2272,2021.4;2021.5
_D5D2278,2021.5;2023.1
_D5D2281,2021.4;2021.5
_D5D2282,2018.1;2018.4;2021.5
_D5D2286,2021.4;2021.5;2024.2
_D5D2295,2021.4;2022
_D5D2303,2018.4;2021.1
_D5D2309,2021.1;2021.4
_D5D2329,2018.4;2021.3
_D5D2334,2021.5;2024.1
_D5D2348,2018.4;2024.5
_D5D2351,2018.1;2022
_D5D2360,2018.4;2021.2
_D5D2366,2021.3;2021.4
_D5D2383,2021.4;2024.5
_D5D2388,2021.4;2024.4;2024.5
_D5D2392,2024.4;2024.5
_D5D2404,2018.4;2022;2024.1
_D5D2413,2024.1;2024.3
_D5D2414,2022;2024.1
_D5D2415,2022;2024.3
_D5D2420,2024.3;2024.4
_D5D2421,2021.6;2024.3
_D5D2425,2021.6;2024.3
_D5D2435,2021.4;2024.5
_D5D2438,2021.3;2022
_D5D2440,2021.3;2022
_D5D2442,2018.4;2021.4
_D5D2453,2018.4;2021.4
_D5D2456,2018.1;2021.3
_D5D2460,2021.4;2024.5
_D5D2469,2021.2;2024.5
_D5D2479,2018.4;2024.2
_D5D2494,2021.1;2021.4
_D5D2496,2021.3;2024.5
_D5D2497,2021.3;2024.5
_D5D2498,2021.3;2022;2024.5
_D5D2500,2022;2023.1
_D5D2509,2022;2024.5
_D5D2510,2021.4;2021.6;2022
_D5D2518,2024.4;2024.5
_D5D2525,2018.4;2024.5
_D5D2526,2023.1;2024.4
_D5D2527,2018.4;2023.1
_D5D2534,2018.1;2018.4;2024.5
_D5D2535,2021.6;2024.3;2024.5
_D5D2539,2024.4;2024.5
_D5D2540,2021.3;2021.4
_D5D2548,2024.1;2024.5
_D5D2552,2018.1;2022
_D5D2560,2022;2024.5
_D5D2561,2021.6;2024.3
_D5D2562,2018.1;2023.1
_D5D2570,2022;2024.3
_D5D2574,2018.1;2023.1
_D5D2575,2022;2023.1
_D5D2576,2022;2024.5
_D5D2579,2018.1;2021.2
_D5D2590,2018.1;2023.1
_D5D2596,2018.1;2024.2;2024.5
_D5D2603,2021.2;2024.4
_D5D2604,2018.1;2018.4
_D5D2607,2021.3;2023.1
_D5D2610,2023.1;2024.5
_D5D2619,2018.1;2018.4;2024.5
_D5D2620,2018.4;2018.5
_D5D2625,2018.4;2018.5;2022
_D5D2627,2018.4;2018.5
_D5D2631,2018.4;2018.5
_D5D2633,2018.4;2018.5
_D5D2635,2018.4;2018.5
_D5D2638,2018.4;2018.5;2021.6;2022;2024.2
_D5D2642,2018.1;2024.1
_D5D2644,2018.4;2018.5;2024.2
_D5D2647,2018.4;2018.5
_D5D2661,2024.1;2024.5
_D5D2665,2018.1;2024.2;2024.5
_D5D2669,2021.6;2024.3
_D5D2676,2021.6;2024.4
_D5D2678,2022;2024.3;2024.4
_D5D2679,2018.1;2021.3
_D5D2680,2023.1;2024.3
_D5D2681,2023.1;2024.1
_D5D2685,2021.3;2021.6;2024.1
_D5D2708,2022;2024.1
_D5D2709,2022;2024.5
_D5D2715,2018.1;2021.6
_D5D2717,2018.4;2022
_D5D2738,2018.4;2022
_D5D2739,2022;2024.1
_D5D2743,2021.3;2024.2
_D5D2745,2018.1;2024.5
_D5D2747,2021.6;2024.3;2024.5
_D5D2749,2018.4;2024.3
_D5D2755,2021.6;2022;2023.1
_D5D2757,2022;2024.4
_D5D2760,2021.4;2022;2024.4
_D5D2761,2021.4;2023.1
_D5D2768,2018.5;2023.1
_D5D2770,2018.4;2021.4
_D5D2774,2018.4;2018.5;2023.1
_D5D2780,2023.1;2024.1
_D5D2798,2018.5;2024.4
_D5D2803,2018.5;2023.1
_D5D2809,2022;2024.4
_D5D2810,2022;2024.1
_D5D2811,2018.5;2024.5
_D5D2815,2018.5;2024.5
_D5D2818,2018.5;2024.5
_D5D2825,2018.1;2024.5
_D5D2841,2024.3;2024.4
_D5D2842,2024.3;2024.4
_D5D2844,2018.4;2021.4
_D5D2846,2021.4;2024.3;2024.5
_D5D2848,2021.4;2024.5
_D5D2860,2018.5;2021.3
_D5D2880,2024.3;2024.4
_D5D2888,2021.3;2024.1;2024.5
_D5D2897,2022;2024.5
_D5D2906,2018.5;2024.1
_D5D2908,2021.6;2024.1
_D5D2914,2018.5;2021.3
_D5D2917,2018.5;2024.4
_D5D2922,2022;2024.1;2024.4
_D5D2937,2018.1;2023.1;2024.4
_D5D2948,2018.5;2024.3
_D5D2949,2018.1;2021.6
_D5D2962,2021.2;2023.1
_D5D2964,2021.2;2024.5
_D5D2972,2021.2;2024.5
_D5D2976,2021.2;2022
_D5D2988,2018.4;2024.1
_D5D2989,2023.1;2024.4
_D5D2991,2023.1;2024.5
_D5D2993,2021.2;2024.4
_D5D3001,2018.1;2024.4
_D5D3003,2021.4;2022;2024.1
_D5D3006,2023.1;2024.4
_D5D3008,2022;2024.1
_D5D3016,2018.1;2023.1;2024.4
_D5D3020,2021.2;2021.6
_D5D3041,2021.4;2022
_D5D3043,2021.4;2024.5
_D5D3046,2021.4;2022
_D5D3050,2018.1;2021.1
_D5D3060,2018.1;2021.2
_D5D3064,2018.1;2022
_D5D3079,2018.1;2021.3;2022
_D5D3081,2021.4;2024.3
_D5D3085,2021.3;2022
_D5D3091,2018.1;2024.3
_D5D3097,2021.4;2022;2024.5
_D5D3100,2021.2;2024.3
_D5D3105,2018.1;2022
_D5D3111,2018.1;2024.1
_D5D3114,2021.2;2024.5
_D5D3118,2018.4;2024.1;2024.5
_D5D3119,2021.2;2021.3
_D5D3130,2023.1;2024.5
_D5D3134,2024.1;2024.5
_D5D3135,2022;2023.1;2024.4
_D5D3139,2022;2024.5
_D5D3140,2018.1;2024.1
_D5D3141,2024.1;2024.5
_D5D3142,2022;2024.4;2024.5
_D5D3153,2022;2024.5
_D5D3161,2018.1;2024.5
_D5D3163,2023.1;2024.5
_D5D3165,2018.4;2023.1
_D5D3171,2024.3;2024.5
_D5D3172,2018.1;2021.2
_D5D3174,2018.1;2021.6;2024.5
_D5D3199,2021.2;2023.1
_D5D3207,2022;2024.5
_D5D3208,2021.6;2022;2023.1
_D5D3212,2021.2;2021.3
_D5D3217,2018.5;2024.5
_D5D3219,2021.2;2021.3
_D5D3238,2021.2;2021.3;2023.1
_D5D3243,2018.1;2024.5
_D5D3244,2018.1;2024.4
_D5D3256,2021.6;2023.1
_D5D3258,2021.4;2021.6
_D5D3259,2021.3;2021.6
_D5D3260,2021.3;2021.6
_D5D3282,2018.1;2021.4
_D5D3283,2018.5;2021.3
_D5D3298,2018.4;2018.5
_D5D3312,2024.4;2024.5
_D5D3325,2023.1;2024.1
_D5D3327,2018.4;2021.4
_D5D3334,2022;2024.3
_D5D3337,2021.2;2024.4
_D5D3343,2018.4;2021.3
_D5D3372,2021.3;2021.4
_D5D3378,2021.6;2023.1
_D5D3381,2021.3;2024.3
_D5D3390,2021.2;2024.5
_D5D3402,2024.1;2024.5
_D5D3417,2018.4;2024.5
_D5D3418,2018.1;2023.1
_D5D3420,2023.1;2024.3;2024.5
_D5D3421,2021.4;2023.1
_D5D3426,2021.4;2023.1
_D5D3428,2018.5;2021.4
_D5D3430,2021.4;2023.1
_D5D3434,2021.3;2023.1
_D5D3498,2023.1;2024.3
_D5D3515,2018.1;2024.3
_D5D3516,2018.1;2024.4
_D5D3535,2021.4;2024.3
_D5D3567,2018.4;2018.5;2021.3
_D5D3572,2018.1;2018.4
_D5D3591,2021.3;2021.4
_D5D3596,2018.5;2021.3
_D5D3773,2018.4;2018.5
_D5D3780,2018.4;2021.1;2021.3
_D5D3797,2024.1;2024.4
_D5D3799,2021.4;2024.1;2024.4
_D5D3809,2021.3;2024.4
_D5D3827,2021.1;2021.5;2024.4
_D5D3838,2018.4;2021.3
_D5D3873,2021.4;2024.4
_D5D3893,2018.5;2024.4
_D5D3904,2018.5;2024.3
_D5D3922,2021.4;2024.3
_D5D3924,2021.3;2024.3
_D5D3938,2018.5;2021.5
_D5D3947,2018.5;2021.4;2024.4
_D5D3950,2018.5;2021.4
_D5D3951,2024.3;2024.4
_D5D3961,2018.5;2021.4
_D5D3970,2018.5;2021.4;2021.5
_D5D3975,2021.5;2024.4
_D5D4026,2021.3;2023.1
_D5D4031,2024.1;2024.3
_D5D4066,2018.4;2024.4
_D5D4085,2018.5;2021.4
_D5D4094,2023.1;2024.3
_D5D4116,2018.5;2024.3
_D5D4120,2018.4;2021.3
_D5D4160,2021.2;2021.5
_D5D4170,2023.1;2024.1
_D5D4174,2021.3;2024.3
_D5D4187,2021.2;2021.5
_D5D4190,2021.2;2024.3
_D5D4194,2021.5;2024.3
_D5D4206,2021.4;2021.5
_D5D4215,2021.2;2021.4
_D5D4238,2021.2;2024.4
_D5D4256,2018.4;2021.2
_D5D4260,2018.4;2018.5
_D5D4285,2021.5;2024.4
_D5D4289,2019.11;2021.4
_D5D4292,2021.4;2024.1
_D5D4298,2021.2;2024.4
_D5D4306,2018.4;2024.4
_D5D4350,2018.5;2021.3
_D5D4355,2021.3;2021.5
_D5D4362,2018.5;2021.2
_D5D4376,2021.3;2021.5
_D5D4377,2021.3;2021.4
_D5D4382,2018.5;2023.1
_D5D4384,2019.11;2021.2;2021.3
_D5D4390,2019.11;2021.3;2024.4
_D5D4407,2021.4;2024.4
_D5D4411,2021.2;2021.5;2023.1
_D5D4424,2021.4;2021.5;2024.1;2024.3
_D5D4433,2021.2;2021.3
_D5D4438,2021.3;2023.1
_D5D4454,2019.11;2021.6;2024.3
_D5D4455,2021.3;2024.4
_D5D4460,2021.6;2024.4
_D5D4473,2018.4;2021.5
_D5D4509,2021.3;2021.4;2021.5;2023.1
_D5D4534,2018.4;2021.2;2021.5
_D5D4553,2018.5;2021.3;2024.4
_D5D4589,2018.5;2021.5;2021.6
_D5D4604,2018.4;2021.5
_D5D4605,2021.5;2021.6
_D5D4611,2018.5;2023.1
_D5D4615,2018.5;2021.2;2021.6
_D5D4617,2018.5;2021.3;2021.4
_D5D4620,2018.5;2021.4
_D5D4623,2018.4;2024.4
_D5D4633,2021.2;2021.4;2024.4
_D5D4680,2021.2;2024.1
_D5D4704,2021.1;2021.3
_D5D4705,2021.3;2021.4
_D5D4707,2018.4;2023.1
_D5D4708,2021.1;2021.4
_D5D4711,2021.1;2024.4
_D5D4712,2021.1;2021.5
_D5D4717,2021.1;2024.4
_D5D4719,2018.4;2021.1
_D5D4720,2021.1;2024.4
_D5D4737,2021.1;2024.1
_D5D4747,2018.5;2021.1;2024.4
_D5D4757,2018.4;2021.3
_D5D4773,2018.5;2021.3;2021.5
_D5D4775,2021.1;2021.3
_D5D4779,2018.5;2021.1
_D5D4793,2018.5;2021.1;2021.5
_D5D4797,2018.4;2021.1;2021.4
_D5D4798,2021.3;2023.1
_D5D4799,2021.1;2023.1
_D5D4800,2021.1;2021.2
_D5D4801,2021.1;2021.2
_D5D4802,2021.1;2021.4;2021.5
_D5D4804,2021.2;2021.4
_D5D4805,2021.1;2024.4
_D5D4809,2021.1;2024.3
_D5D4811,2018.4;2021.1;2024.1
_D5D4813,2021.1;2021.5
_D5D4815,2021.3;2024.4
_D5D4816,2021.1;2021.5
_D5D4819,2021.3;2023.1
_D5D4820,2018.5;2021.1
_D5D4827,2021.4;2023.1
_D5D4833,2021.2;2023.1
_D5D4835,2021.1;2021.2;2023.1
_D5D4839,2021.2;2021.5
_D5D4842,2021.1;2021.5
_D5D4844,2021.1;2021.4
_D5D4848,2021.1;2021.2;2021.3
_D5D4850,2021.1;2024.3
_D5D4858,2021.1;2021.5
_D5D4859,2021.5;2023.1
_D5D4860,2021.1;2021.6
_D5D4862,2021.1;2024.4
_D5D4863,2018.5;2021.1
_D5D4869,2021.1;2021.2
_D5D4874,2024.3;2024.4
_D5D4881,2021.1;2021.3;2021.4
_D5D4890,2021.1;2021.3
_D5D4891,2018.5;2021.1;2021.3;2021.6
_D5D4901,2021.1;2023.1
_D5D4902,2021.3;2023.1
_D5D4919,2018.5;2024.4
_D5D4934,2018.5;2021.6
_D5D4935,2018.5;2021.5
_D5D4945,2021.5;2024.4
_D5D4947,2021.2;2021.6
_D5D4953,2021.6;2023.1
_D5D4954,2018.4;2023.1
_D5D4962,2021.6;2023.1
_D5D4972,2021.4;2021.6
_D5D4978,2021.6;2023.1
_D5D4984,2018.4;2021.6
_D5D4997,2018.4;2021.1;2021.2
_D5D5008,2021.6;2023.1
_D5D5010,2021.6;2024.4
_D5D5012,2021.6;2023.1
_D5D5019,2021.1;2023.1
_D5D5034,2018.4;2024.4
_D5D5062,2018.5;2021.2
_D5D5064,2021.3;2021.6
_D5D5065,2018.4;2021.4;2021.6
_D5D5067,2021.6;2022
_D5D5069,2021.4;2023.1;2024.3
_D5D5070,2021.4;2021.6
_D5D5072,2021.4;2022;2023.1;2024.2
_D5D5074,2021.1;2023.1
_D5D5089,2021.2;2021.3;2021.4
_D5D5090,2018.4;2022
_D5D5092,2018.5;2021.3
_D5D5095,2021.4;2023.1
_D5D5100,2021.6;2022;2023.1
_D5D5101,2021.1;2021.2;2022
_D5D5105,2021.2;2021.6;2024.4
_D5D5107,2021.1;2021.4;2022;2024.2
_D5D5111,2021.2;2022
_D5D5112,2021.2;2021.6
_D5D5119,2018.4;2021.6
_D5D5125,2018.5;2021.6
_D5D5130,2021.3;2021.4;2024.2;2024.4
_D5D5137,2018.5;2021.1
_D5D5152,2021.4;2022;2024.3
_D5D5155,2018.4;2024.4
_D5D5157,2021.1;2024.4
_D5D5166,2021.6;2023.1
_D5D5176,2018.5;2021.1
_D5D5187,2021.1;2021.2;2022
_D5D5189,2021.7;2024.4
_D5D5193,2021.7;2024.3
_D5D5197,2021.2;2021.7
_D5D5215,2021.7;2023.1
_D5D5238,2022;2024.3
_D5D5242,2024.2;2024.4
_D5D5250,2021.7;2022;2024.4
_D5D5267,2021.1;2024.3
_D5D5279,2023.1;2024.4
_D5D5280,2018.5;2021.3;2021.4
_D5D5289,2021.1;2023.1
_D5D5293,2021.1;2021.7
_D5D5297,2021.1;2021.6
_D5D5316,2021.1;2021.3;2024.2
_D5D5318,2021.1;2021.4;2021.7
_D5D5319,2021.4;2022
_D5D5323,2021.1;2021.7
_D5D5326,2018.5;2021.7
_D5D5329,2021.7;2024.4
_D5D5333,2021.1;2024.3;2024.4
_D5D5334,2018.5;2024.4
_D5D5340,2018.5;2024.4
_D5D5341,2021.4;2021.6
_D5D5353,2018.5;2024.2
_D5D5358,2021.6;2024.4
_D5D5369,2018.5;2021.3
_D5D5392,2021.6;2023.1
_D5D5393,2021.1;2024.2
_D5D5400,2021.7;2024.4
_D5D5406,2018.5;2021.7;2023.1;2024.4
_D5D5410,2021.6;2024.2
_D5D5414,2018.5;2021.3;2022
_D5D5416,2021.7;2022
_D5D5418,2021.7;2022;2024.3
_D5D5421,2021.1;2023.1
_D5D5430,2021.7;2024.4
_D5D5446,2021.1;2023.1
_D5D5451,2021.7;2024.5
_D5D5454,2021.1;2021.7;2024.3
_D5D5459,2021.7;2024.1
_D5D5464,2024.1;2024.5
_D5D5465,2018.5;2021.3;2021.7
_D5D5469,2018.5;2021.1;2022
_D5D5471,2018.5;2021.1;2021.4
_D5D5473,2021.1;2024.2;2024.5
_D5D5474,2021.1;2023.1;2024.5
_D5D5477,2021.1;2021.7
_D5D5478,2022;2023.1
_D5D5481,2022;2024.1
_D5D5488,2018.5;2021.1;2021.6
_D5D5489,2021.1;2024.1
_D5D5492,2021.4;2024.1;2024.2
_D5D5498,2018.5;2021.4;2022
_D5D5499,2021.1;2021.3
_D5D5503,2018.5;2024.5
_D5D5509,2021.3;2023.1;2024.5
_D5D5510,2018.5;2024.5
_D5D5512,2018.5;2022;2024.5
_D5D5518,2018.5;2024.5
_D5D5519,2021.1;2024.2
_D5D5520,2018.5;2021.4
_D5D5525,2021.3;2024.5
_D5D5528,2018.5;2021.4;2023.1;2024.2
_D5D5531,2021.1;2021.3;2021.4
_D5D5532,2019.12;2022;2024.1
_D5D5533,2024.2;2024.3
_D5D5546,2021.1;2024.2;2024.5
_D5D5556,2021.1;2021.4
_D5D5559,2021.1;2024.5
_D5D5565,2021.3;2021.4;2021.7
_D5D5573,2021.1;2021.4
_D5D5581,2021.1;2021.3
_D5D5583,2021.1;2021.3
_D5D5587,2021.1;2022;2023.1
_D5D5592,2021.4;2023.1
_D5D5595,2021.4;2021.6;2023.1;2023.2;2024.2;2024.5
_D5D5596,2021.1;2024.5
_D5D5600,2022;2024.2
_D5D5601,2022;2024.1
_D5D5610,2019.12;2021.4;2024.3
_D5D5616,2018.5;2021.1;2021.4
_D5D5620,2021.1;2022
_D5D5621,2021.1;2024.2
_D5D5626,2019.12;2022;2024.2
_D5D5632,2018.5;2021.6;2021.7
_D5D5633,2018.5;2021.4
_D5D5640,2018.5;2021.6
_D5D5641,2021.4;2021.6
_D5D5651,2019.12;2021.1;2021.4;2021.6
_D5D5652,2021.4;2024.5
_D5D5653,2021.4;2021.6
_D5D5654,2021.4;2021.6
_D5D5656,2019.12;2021.3;2024.5
_D5D5661,2019.12;2021.1;2024.2
_D5D5667,2019.12;2024.5
_D5D5668,2018.5;2019.12
_D5D5670,2021.6;2024.5
_D5D5672,2018.5;2021.6;2024.5
_D5D5673,2021.6;2024.2;2024.5
_D5D5679,2023.1;2024.1
_D5D5683,2019.12;2024.3
_D5D5689,2021.1;2024.3
_D5D5691,2021.1;2021.4;2024.3
_D5D5698,2021.1;2024.5
_D5D5702,2021.4;2024.2
_D5D5704,2019.12;2021.1;2024.5
_D5D5705,2018.5;2021.1;2024.5
_D5D5711,2024.2;2024.5
_D5D5722,2021.1;2021.4;2021.6
_D5D5725,2023.1;2023.2;2024.5
_D5D5727,2018.5;2019.12
_D5D5744,2021.7;2024.5
_D5D5747,2018.5;2021.4;2021.7
_D5D5753,2021.4;2024.5
_D5D5755,2021.4;2024.5
_D5D5758,2024.2;2024.5
_D5D5775,2018.5;2021.7
_D5D5776,2021.4;2024.2
_D5D5784,2021.4;2021.7
_D5D5792,2021.2;2021.7
_D5D5795,2021.4;2024.5
_D5D5796,2021.4;2021.7;2024.5
_D5D5797,2019.12;2021.2
_D5D5821,2018.5;2024.5
_D5D5822,2018.5;2021.7
_D5D5829,2021.2;2024.2
_D5D5834,2021.3;2024.2
_D5D5849,2023.1;2024.2
_D5D5850,2021.2;2023.1
_D5D5858,2018.5;2022
_D5D5869,2021.6;2023.1
_D5D5870,2021.6;2024.5
_D5D5882,2022;2023.1
_D5D5895,2021.4;2021.6
_D5D5901,2021.4;2024.2
_D5D5916,2024.2;2024.5
_D5D5933,2018.2;2024.2
_D5D5948,2023.1;2024.5
_D5D5952,2018.2;2021.2;2021.4
_D5D5957,2018.2;2021.4;2024.5
_D5D5958,2021.3;2021.4;2024.5
_D5D5974,2021.1;2021.4
_D5D5978,2021.3;2021.4
_D5D5979,2021.4;2022
_D5D5981,2020;2024.5
_D5D5984,2018.2;2024.5
_D5D5989,2021.4;2022
_D5D5998,2021.4;2022
_D5D6004,2024.2;2024.5
_D5D6010,2021.6;2022
_D5D6011,2021.4;2023.2
_D5D6013,2020;2024.5
_D5D6029,2023.2;2024.5
_D5D6031,2022;2024.5
_D5D6033,2022;2024.5
_D5D6034,2018.4;2021.2
_D5D6038,2018.4;2024.5
_D5D6044,2024.2;2024.5
_D5D6053,2021.1;2021.4
_D5D6075,2021.2;2024.2
_D5D6081,2021.6;2022;2024.2
_D5D6086,2024.2;2024.5
_D5D6090,2021.2;2021.6
_D5D6095,2024.2;2024.3
_D5D6098,2018.5;2024.5
_D5D6099,2023.2;2024.5
_D5D6104,2021.2;2024.2
_D5D6109,2018.2;2024.5
_D5D6114,2018.2;2021.3
_D5D6123,2020;2021.2;2024.2;2024.5
_D5D6125,2023.2;2024.2
_D5D6132,2018.4;2021.2
_D5D6138,2020;2024.3
_D5D6139,2024.2;2024.3
_D5D6141,2022;2024.3
_D5D6149,2021.6;2024.2
_D5D6151,2021.6;2024.2
_D5D6152,2018.4;2020;2021.6
_D5D6160,2021.5;2024.2
_D5D6161,2021.3;2021.5;2024.5
_D5D6168,2021.6;2024.5
_D5D6174,2021.3;2024.5
_D5D6191,2021.2;2021.5;2024.5
_D5D6202,2024.2;2024.5
_D5D6205,2023.2;2024.2
_D5D6207,2023.2;2024.5
_D5D6212,2023.2;2024.5
_D5D6219,2023.2;2024.2
_D5D6234,2021.2;2024.2
_D5D6235,2021.2;2022;2024.5
_D5D6236,2021.2;2024.3
_D5D6241,2018.2;2024.3
_D5D6246,2018.2;2024.3
_D5D6247,2023.2;2024.5
_D5D6259,2021.5;2023.2
_D5D6267,2022;2024.3
_D5D6273,2022;2023.2
_D5D6274,2022;2024.1
_D5D6275,2022;2023.2
_D5D6276,2018.4;2021.5
_D5D6279,2021.2;2023.2;2024.2
_D5D6290,2021.1;2021.6;2024.1
_D5D6295,2021.1;2022
_D5D6298,2018.5;2021.2
_D5D6331,2020;2021.2
_D5D6358,2018.5;2024.1
_D5D6364,2018.4;2024.2;2024.5
_D5D6373,2021.1;2021.5
_D5D6379,2022;2023.2
_D5D6383,2021.1;2021.3;2024.3;2024.5
_D5D6387,2021.1;2024.2
_D5D6397,2021.1;2021.5;2021.6;2022
_D5D6404,2024.3;2024.5
_D5D6408,2020;2022
_D5D6414,2018.4;2021.1;2024.1
_D5D6416,2021.6;2022;2024.3
_D5D6417,2022;2024.1
_D5D6428,2018.5;2020;2021.6;2024.1
_D5D6429,2018.5;2021.6
_D5D6430,2018.4;2018.5;2020
_D5D6433,2018.5;2022;2024.3
_D5D6449,2021.3;2021.6
_D5D6451,2018.5;2024.1;2024.3
_D5D6459,2018.4;2018.5
_D5D6466,2021.6;2024.1
_D5D6472,2021.3;2024.5
_D5D6474,2020;2024.5
_D5D6495,2018.4;2018.5
_D5D6497,2024.1;2024.3
_D5D6498,2018.5;2024.5
_D5D6500,2024.1;2024.5
_D5D6501,2018.5;2024.3;2024.5
_D5D6503,2018.5;2020
_D5D6504,2018.5;2022;2024.1
_D5D6515,2023.2;2024.1
_D5D6518,2018.2;2023.2
_D5D6519,2020;2024.5
_D5D6522,2018.2;2021.5
_D5D6535,2018.2;2018.4
_D5D6537,2018.5;2021.6
_D5D6544,2018.4;2022
_D5D6547,2018.5;2024.5
_D5D6549,2021.5;2024.5
_D5D6567,2024.3;2024.5
_D5D6572,2022;2024.5
_D5D6576,2018.2;2021.6
_D5D6592,2022;2024.5
_D5D6604,2022;2024.5
_D5D6613,2023.2;2024.5
_D5D6614,2021.6;2023.2;2024.5
_D5D6632,2024.1;2024.5
_D5D6635,2024.1;2024.5
_D5D6636,2021.6;2024.3;2024.5
_D5D6638,2018.5;2021.6
_D5D6640,2018.5;2021.6
_D5D6646,2018.4;2024.5
_D5D6660,2021.6;2024.5
_D5D6662,2022;2024.5
_D5D6664,2021.6;2024.5
_D5D6665,2022;2024.5
_D5D6691,2024.3;2024.5
_D5D6721,2021.6;2024.3;2024.5
_D5D6723,2021.5;2022
_D5D6742,2021.6;2022
_D5D6751,2022;2024.1
_D5D6753,2020;2021.3
_D5D6757,2021.3;2023.2
_D5D6760,2021.3;2024.2
_D5D6772,2018.5;2024.3;2024.5
_D5D6774,2022;2024.5
_D5D6776,2020;2024.3
_D5D6780,2018.4;2018.5;2024.2
_D5D6791,2021.6;2024.1
_D5D6802,2023.2;2024.2
_D5D6804,2022;2024.5
_D5D6813,2018.5;2024.2
_D5D6819,2021.6;2024.5
_D5D6827,2022;2023.2
_D5D6828,2023.2;2024.5
_D5D6884,2018.3;2021.4
_D5D6892,2021.5;2022
_D5D6895,2021.6;2022
_D5D6906,2018.4;2021.6;2022
_D5D6911,2022;2024.1
_D5D6916,2018.4;2021.1
_D5D6931,2021.2;2024.1
_D5D6933,2018.5;2024.1
_D5D6934,2021.1;2024.4
_D5D6937,2021.1;2024.1
_D5D6938,2021.2;2024.4
_D5D6939,2018.5;2022
_D5D6943,2021.6;2024.4
_D5D6948,2021.2;2021.6
_D5D6950,2021.1;2022
_D5D6958,2020;2024.4
_D5D6966,2022;2024.5
_D5D6967,2021.2;2022;2024.3
_D5D6973,2021.2;2021.6
_D5D6977,2020;2021.6;2022
_D5D6986,2020;2021.5;2024.3
_D5D6991,2020;2024.5
_D5D6995,2021.2;2022
_D5D7003,2021.1;2024.4
_D5D7013,2021.4;2022;2024.4
_D5D7027,2021.2;2021.6
_D5D7067,2018.3;2018.5
_D5D7084,2021.2;2021.5
_D5D7086,2018.4;2024.3
_D5D7088,2021.1;2022
_D5D7122,2018.4;2021.5;2024.4
_D5D7128,2018.5;2021.1
_D5D7131,2021.1;2022
_D5D7136,2021.1;2022
_D5D7137,2018.3;2018.5
_D5D7140,2018.4;2021.1
_D5D7147,2021.2;2024.3
_D5D7154,2021.2;2022;2024.3
_D5D7155,2021.2;2024.5
_D5D7178,2018.4;2021.4
_D5D7184,2021.2;2021.4
_D5D7185,2021.2;2024.5
_D5D7189,2018.3;2021.5
_D5D7207,2021.5;2024.4
_D5D7208,2021.2;2021.5
_D5D7213,2021.2;2024.3
_D5D7228,2021.2;2024.4
_D5D7235,2018.5;2021.5
_D5D7237,2021.5;2024.3
_D5D7238,2021.6;2024.2
_D5D7256,2018.5;2024.4
_D5D7259,2021.2;2024.3
_D5D7269,2018.5;2021.2;2022
_D5D7272,2021.2;2021.5
_D5D7273,2018.5;2021.6
_D5D7278,2018.5;2024.3
_D5D7286,2021.2;2024.5
_D5D7287,2018.4;2021.6;2024.5
_D5D7296,2021.2;2024.5
_D5D7304,2021.4;2022
_D5D7305,2018.4;2022
_D5D7306,2022;2024.4
_D5D7313,2021.5;2021.6
_D5D7315,2024.3;2024.4
_D5D7317,2018.6;2018.7
_D5D7321,2018.6;2018.7;2024.3
_D5D7322,2021.6;2024.3
_D5D7330,2021.2;2021.6
_D5D7339,2021.2;2024.4;2024.5
_D5D7340,2021.2;2022
_D5D7341,2022;2024.5
_D5D7352,2021.2;2022
_D5D7354,2021.2;2021.5
_D5D7362,2021.2;2024.5
_D5D7364,2021.6;2024.5
_D5D7373,2021.5;2024.4
_D5D7385,2021.4;2021.5
_D5D7392,2018.6;2018.7;2021.6
_D5D7396,2018.6;2018.7;2021.5;2022
_D5D7397,2021.2;2021.6
_D5D7400,2021.2;2024.2
_D5D7401,2018.6;2018.7
_D5D7403,2018.6;2018.7;2024.4
_D5D7404,2018.6;2018.7
_D5D7406,2018.6;2018.7;2021.6
_D5D7420,2018.6;2018.7;2021.2;2021.6
_D5D7424,2018.6;2018.7;2021.5
_D5D7429,2018.4;2024.5
_D5D7433,2018.3;2018.6;2018.7
_D5D7437,2018.3;2024.5
_D5D7446,2021.6;2024.5
_D5D7451,2021.4;2024.4;2024.5
_D5D7459,2018.6;2018.7
_D5D7461,2018.6;2018.7
_D5D7465,2021.2;2021.4
_D5D7466,2018.3;2021.2;2021.5;2022
_D5D7468,2018.4;2024.5
_D5D7475,2021.4;2021.5;2024.4
_D5D7482,2018.6;2018.7
_D5D7483,2021.2;2022
_D5D7485,2021.6;2022;2024.4;2024.5
_D5D7486,2021.4;2022;2024.5
_D5D7495,2021.4;2021.6
_D5D7497,2021.6;2022
_D5D7503,2021.6;2022
_D5D7506,2022;2024.5
_D5D7509,2018.4;2021.4;2021.6
_D5D7512,2018.6;2018.7
_D5D7515,2018.3;2021.4
_D5D7517,2018.6;2018.7
_D5D7521,2018.3;2021.6
_D5D7523,2021.5;2021.6
_D5D7526,2021.4;2021.6
_D5D7527,2018.6;2018.7;2021.6
_D5D7536,2018.4;2021.2
_D5D7537,2018.6;2018.7
_D5D7540,2021.5;2021.6
_D5D7544,2018.4;2021.5;2024.5
_D5D7554,2021.2;2024.5
_D5D7558,2021.6;2022;2024.5
_D5D7560,2021.2;2024.2;2024.5
_D5D7565,2018.4;2022;2024.2;2024.5
_D5D7566,2021.6;2024.4
_D5D7572,2021.5;2024.2;2024.5
_D5D7573,2018.4;2021.2
_D5D7574,2018.6;2018.7
_D5D7580,2018.3;2018.4;2024.4
_D5D7582,2021.2;2021.5
_D5D7585,2018.6;2018.7
_D5D7588,2018.6;2018.7
_D5D7589,2021.5;2024.2
_D5D7606,2021.2;2024.5
_D5D7607,2024.2;2024.5
_D5D7615,2018.6;2018.7
_D5D7636,2018.3;2018.4
_D5D7643,2021.5;2024.4
_D5D7646,2024.4;2024.5
_D5D7649,2018.3;2021.3
_D5D7654,2018.3;2024.4
_D5D7659,2021.3;2021.5
_D5D7660,2018.3;2018.4;2021.3
_D5D7663,2021.3;2021.5
_D5D7666,2021.3;2021.5
_D5D7668,2021.3;2024.5
_D5D7683,2018.3;2021.6
_D5D7688,2021.5;2024.5
_D5D7695,2018.4;2021.4;2022
_D5D7697,2021.3;2021.4
_D5D7706,2018.6;2018.7
_D5D7707,2018.3;2018.6;2018.7
_D5D7710,2018.6;2018.7
_D5D7719,2018.3;2021.3;2024.4
_D5D7727,2021.5;2024.5
_D5D7728,2018.3;2021.5
_D5D7730,2018.6;2018.7;2021.3
_D5D7769,2021.5;2021.6
_D5D7787,2021.5;2024.5
_D5D7794,2021.6;2024.4;2024.5
_D5D7802,2021.4;2021.6
_D5D7805,2021.5;2021.6
_D5D7808,2021.6;2022
_D5D7813,2018.7;2021.3;2021.4
_D5D7815,2021.4;2021.6
_D5D7829,2021.4;2024.5
_D5D7832,2021.6;2024.5
_D5D7833,2018.7;2021.6
_D5D7835,2018.7;2021.3
_D5D7846,2024.4;2024.5
_D5D7860,2022;2024.4
_D5D7862,2018.4;2021.3
_D5D7866,2021.3;2024.4
_D5D7879,2021.3;2021.6
_D5D7881,2021.4;2021.6
_D5D7882,2018.4;2021.6;2024.5
_D5D7885,2021.6;2024.4
_D5D7890,2018.7;2021.5
_D5D7895,2018.4;2024.4
_D5D7898,2018.3;2021.4
_D5D7901,2018.4;2024.4
_D5D7902,2018.4;2021.4
_D5D7904,2021.5;2024.4
_D5D7917,2018.4;2018.7
_D5D7920,2021.4;2021.5
_D5D7936,2018.7;2024.3
_D5D7939,2021.5;2024.5
_D5D7949,2018.7;2024.3
_D5D7950,2021.3;2021.6
_D5D7953,2021.3;2024.3
_D5D7956,2021.4;2024.2
_D5D7962,2024.2;2024.3
_D5D7963,2018.4;2024.2
_D5D7969,2018.4;2024.2
_D5D7970,2021.4;2021.5
_D5D7984,2021.3;2024.3
_D5D7986,2021.3;2021.6;2024.3
_D5D7988,2021.6;2024.4
_D5D7989,2021.5;2021.6
_D5D7993,2021.5;2024.3
_D5D7997,2021.3;2021.5
_D5D7999,2018.7;2021.3
_D5D8001,2021.5;2024.2
_D5D8012,2018.4;2022
_D5D8024,2021.4;2024.3
_D5D8030,2021.5;2024.4
_D5D8032,2021.5;2024.3
_D5D8033,2021.4;2021.5
_D5D8039,2018.7;2021.6
_D5D8040,2022;2024.5
_D5D8047,2018.7;2021.5
_D5D8050,2018.7;2024.2
_D5D8052,2021.4;2024.3
_D5D8063,2021.5;2024.4
_D5D8064,2021.5;2021.6
_D5D8068,2021.5;2024.5
_D5D8073,2022;2024.4
_D5D8076,2018.7;2024.2
_D5D8078,2024.2;2024.4
_D5D8082,2021.2;2024.5
_D5D8083,2021.2;2024.3
_D5D8091,2021.3;2021.4;2021.5
_D5D8093,2024.3;2024.4
_D5D8095,2021.4;2021.6;2024.2
_D5D8096,2021.4;2024.4
_D5D8100,2018.7;2021.6;2024.5
_D5D8101,2018.7;2021.6;2024.3
_D5D8105,2021.4;2021.5
_D5D8112,2018.3;2021.2
_D5D8113,2021.4;2024.3;2024.5
_D5D8126,2021.6;2024.4
_D5D8129,2021.4;2024.4
_D5D8139,2021.4;2021.6
_D5D8140,2020;2021.5
_D5D8144,2018.7;2021.3
_D5D8147,2018.7;2021.4;2021.5
_D5D8148,2020;2024.3
_D5D8149,2021.4;2024.5
_D5D8150,2018.4;2021.6
_D5D8155,2021.6;2022
_D5D8158,2021.4;2024.5
_D5D8160,2018.4;2024.3
_D5D8164,2020;2024.4
_D5D8177,2024.4;2024.5
_D5D8186,2018.7;2024.5
_D5D8188,2021.2;2021.5
_D5D8196,2021.4;2024.5
_D5D8199,2021.4;2021.6
_D5D8216,2020;2024.3
_D5D8222,2021.4;2021.5;2024.2
_D5D8238,2021.5;2022
_D5D8240,2018.4;2021.5
_D5D8256,2021.6;2024.3
_D5D8257,2022;2024.2
_D5D8266,2022;2024.3
_D5D8289,2021.6;2024.2
_D5D8292,2021.6;2024.3
_D5D8295,2020;2024.5
_D5D8298,2020;2021.5
_D5D8334,2020;2024.5
_D5D8343,2018.4;2024.3
_D5D8365,2020;2024.2
_D5D8369,2020;2021.4;2024.4
_D5D8379,2020;2024.2
_D5D8384,2020;2024.3
_D5D8389,2018.4;2024.4
_D5D8391,2018.3;2022
_D5D8394,2020;2022
_D5D8395,2021.6;2024.5
_D5D8405,2021.4;2024.2
_D5D8416,2020;2024.4
_D5D8423,2018.4;2021.2;2021.6
_D5D8424,2020;2021.6
_D5D8433,2021.5;2024.2
_D5D8442,2020;2024.2
_D5D8445,2018.4;2020
_D5D8447,2021.5;2022
_D5D8459,2020;2021.4
_D5D8460,2021.3;2024.3
_D5D8464,2020;2021.5;2024.5
_D5D8467,2021.6;2024.3
_D5D8469,2021.6;2024.4
_D5D8470,2021.6;2024.2
_D5D8475,2020;2021.3
_D5D8477,2022;2024.2
_D5D8491,2021.2;2021.4;2024.4
_D5D8495,2018.4;2021.4;2024.5
_D5D8499,2021.3;2021.4
_D5D8504,2021.4;2022
_D5D8506,2020;2021.3;2022
_D5D8507,2021.4;2024.4;2024.5
_D5D8510,2021.6;2022;2024.5
_D5D8512,2024.2;2024.3
_D5D8519,2021.4;2022;2024.3
_D5D8523,2021.4;2024.2
_D5D8526,2018.4;2024.2
_D5D8536,2021.4;2024.1
_D5D8548,2018.4;2021.2
_D5D8572,2021.6;2024.2
_D5D8580,2018.4;2021.3
_D5D8587,2021.3;2024.3
_D5D8588,2018.4;2021.3;2024.4
_D5D8591,2021.3;2024.5
_D5D8596,2018.3;2021.2;2021.3
_D5D8600,2018.4;2021.6
_D5D8601,2018.3;2024.4
_D5D8603,2018.3;2024.4;2024.5
_D5D8628,2018.4;2021.6
_D5D8640,2018.4;2024.5
_D5D8645,2021.3;2024.5
_D5D8654,2018.4;2022
_D5D8670,2021.2;2024.5
_D5D8673,2021.6;2024.2;2024.5
_D5D8675,2021.6;2024.3
_D5D8676,2024.2;2024.3
_D5D8683,2021.2;2024.3
_D5D8684,2021.2;2021.3
_D5D8688,2021.3;2021.5
_D5D8690,2024.1;2024.3;2024.5
_D5D8691,2021.6;2024.1
_D5D8692,2021.2;2021.5
_D5D8695,2022;2024.3
_D5D8704,2021.6;2024.5
_D5D8707,2021.3;2021.6;2024.5
_D5D8710,2018.3;2021.3
_D5D8715,2021.3;2022
_D5D8717,2021.5;2022
_D5D8730,2018.4;2021.3
_D5D8737,2021.3;2022
_D5D8746,2021.3;2022
_D5D8753,2018.4;2024.1
_D5D8755,2021.5;2024.4
_D5D8775,2018.4;2021.5
_D5D8794,2018.4;2021.6
_D5D8803,2021.3;2024.1
_D5D8810,2024.1;2024.2
_D5D8820,2021.6;2024.1
_D5D8823,2021.3;2024.1
_D5D8824,2018.4;2024.1
_D5D8825,2024.1;2024.2
_D5D8843,2024.1;2024.3;2024.4
_D5D8844,2021.6;2022;2024.2
_D5D8845,2021.5;2024.4
_D5D8848,2021.5;2022
_D5D8879,2021.3;2024.4
_D5D8882,2024.3;2024.5
_D5D8884,2021.3;2021.4
_D5D8905,2024.1;2024.2
_D5D8911,2021.4;2021.5;2024.1
_D5D8913,2018.4;2021.4;2024.1
_D5D8914,2021.5;2024.1
_D5D8917,2021.3;2021.5
_D5D8932,2021.4;2024.4
_D5D8936,2018.3;2024.3
_D5D8938,2021.4;2024.5
_D5D8941,2021.2;2021.3
_D5D8943,2021.2;2024.5
_D5D8954,2021.3;2021.4
_D5D8967,2021.3;2024.4
_D5D8974,2021.3;2021.4
_D5D8976,2021.3;2021.4
_D5D8993,2021.1;2021.4
_D5D9006,2021.1;2021.2;2024.1
_D5D9020,2021.3;2021.6
_D5D9026,2021.3;2022
_D5D9029,2021.3;2021.5;2021.6;2024.5
_D5D9031,2021.4;2022
_D5D9046,2021.1;2021.3
_D5D9063,2021.2;2022
_D5D9064,2021.1;2021.2
_D5D9068,2018.3;2021.2;2024.4
_D5D9084,2021.2;2021.3
_D5D9086,2021.1;2021.2
_D5D9091,2021.1;2021.6
_D5D9092,2018.3;2021.6
_D5D9096,2021.3;2024.5
_D5D9102,2021.1;2022
_D5D9112,2021.2;2024.2
_D5D9118,2021.1;2024.4
_D5D9121,2024.1;2024.4
_D5D9123,2018.4;2024.1
_D5D9139,2021.5;2021.6
_D5D9156,2021.1;2021.6;2024.3;2024.5
_D5D9160,2018.4;2024.5
_D5D9169,2021.3;2021.4
_D5D9170,2024.2;2024.5
_D5D9171,2021.1;2021.5
_D5D9182,2021.2;2021.5
_D5D9186,2021.5;2024.4
_D5D9191,2021.3;2021.4
_D5D9197,2021.1;2024.2
_D5D9198,2021.3;2021.4
_D5D9207,2021.3;2021.4;2022
_D5D9210,2021.4;2021.5
_D5D9229,2018.4;2024.1
_D5D9235,2021.1;2021.5;2022
_D5D9236,2021.1;2021.5;2024.4
_D5D9241,2021.5;2024.3
_D5D9243,2018.3;2024.2
_D5D9246,2018.3;2021.5
_D5D9247,2021.5;2024.4
_D5D9250,2018.3;2024.2;2024.5
_D5D9258,2018.3;2024.5
_D5D9260,2018.3;2018.4;2024.1
_D5D9261,2022;2024.2
_D5D9269,2021.5;2024.5
_D5D9288,2021.4;2021.6
_D5D9296,2021.6;2024.2;2024.4
_D5D9297,2021.6;2024.4
_D5D9299,2018.3;2021.1
_D5D9306,2021.6;2024.5
_D5D9307,2021.1;2021.6;2024.4
_D5D9314,2021.2;2021.3;2021.4
_D5D9316,2018.4;2021.2;2021.3;2024.4
_D5D9333,2024.1;2024.5
_D5D9335,2021.5;2021.6
_D5D9337,2021.6;2024.5
_D5D9343,2021.3;2024.5
_D5D9344,2021.4;2024.2
_D5D9350,2021.1;2021.4
_D5D9368,2018.3;2021.4
_D5D9379,2018.4;2021.3
_D5D9382,2021.3;2024.3
_D5D9386,2018.4;2022
_D5D9388,2021.3;2024.3
_D5D9389,2021.3;2021.5
_D5D9392,2021.3;2024.5
_D5D9396,2021.3;2022
_D5D9400,2021.2;2021.3
_D5D9407,2024.1;2024.3
_D5D9410,2021.3;2024.5
_D5D9424,2021.1;2021.3
_D5D9429,2021.2;2021.4
_D5D9432,2021.3;2024.1
_D5D9436,2018.3;2024.5
_D5D9450,2021.5;2024.5
_D5D9451,2021.3;2024.3
_D5D9459,2021.3;2021.4;2021.5
_D5D9460,2022;2024.3
_D5D9463,2024.1;2024.3
_D5D9472,2018.3;2024.5
_D5D9476,2021.3;2024.5
_D5D9477,2021.3;2024.5
_D5D9490,2021.4;2021.5
_D5D9492,2021.1;2021.4
_D5D9493,2021.3;2024.5
_D5D9500,2018.3;2024.3
_D5D9509,2021.5;2022
_D5D9521,2021.3;2021.4
_D5D9530,2021.1;2024.3;2024.4
_D5D9533,2018.3;2024.4
_D5D9536,2021.3;2024.5
_D5D9540,2021.3;2024.5
_D5D9546,2021.4;2021.5
_D5D9547,2018.3;2021.4;2024.1
_D5D9548,2021.4;2021.5
_D5D9549,2021.4;2021.5
_D5D9550,2021.4;2021.5
_D5D9551,2021.4;2021.5
_D5D9557,2024.2;2024.5
_D5D9559,2018.3;2021.5
_D5D9586,2024.3;2024.5
_D5D9587,2021.1;2024.5
_D5D9588,2021.1;2021.2;2024.3
_D5D9589,2018.3;2021.4
_D5D9593,2018.3;2022
_D5D9595,2021.4;2024.5
_D5D9606,2018.4;2024.3
_D5D9607,2018.3;2021.1
_D5D9616,2021.1;2021.5
_D5D9623,2018.3;2021.2;2021.5
_D5D9625,2021.1;2021.4;2024.1
_D5D9629,2021.2;2024.4
_D5D9660,2021.3;2022
_D5D9661,2021.2;2024.4
_D5D9664,2021.4;2024.5
_D5D9666,2018.4;2021.2
_D5D9684,2021.4;2024.1
_D5D9686,2021.4;2022
_D5D9692,2018.3;2021.3
_D5D9699,2018.3;2018.4;2024.3;2024.5
_D5D9700,2021.4;2024.5
_D5D9706,2021.4;2024.4
_D5D9717,2018.3;2021.4
_D5D9722,2018.4;2024.5
_D5D9724,2021.2;2022
_D5D9726,2018.4;2024.2;2024.4
_D5D9730,2021.1;2024.4
_D5D9734,2021.4;2024.2
_D5D9738,2024.4;2024.5
_D5D9745,2021.2;2021.4
_D5D9752,2018.4;2021.3
_D5D9755,2018.3;2024.1
_D5D9756,2021.3;2024.2
_D5D9761,2021.2;2024.4
_D5D9767,2024.2;2024.5
_D5D9772,2018.4;2021.3
_D5D9780,2018.3;2021.3
_D5D9784,2018.3;2021.4
_D5D9788,2021.1;2024.2
_D5D9789,2018.4;2021.4
_D5D9790,2024.2;2024.3
_D5D9792,2018.3;2024.2
_D5D9801,2021.2;2022
_D5D9810,2021.1;2022
_D5D9828,2021.2;2024.4
_D5D9837,2021.4;2022;2024.4
_D5D9848,2021.3;2024.4
_D5D9854,2021.1;2024.5
_D5D9856,2018.4;2024.5
_D5D9858,2024.1;2024.4;2024.5
_D5D9873,2022;2024.5
_D5D9889,2021.4;2024.2
_D5D9907,2021.1;2021.2;2024.4
_D5D9909,2021.3;2024.4
_D5D9920,2021.1;2021.3;2024.4
_D5D9931,2021.3;2022
_D5D9939,2018.1;2024.1
_D5D9982,2018.3;2021.2
_D5D9983,2024.1;2024.4
_D5D9984,2022;2024.1
_D5D9989,2021.2;2022;2024.2
_D5D9993,2018.1;2021.2
_D5S0388,2018.1;2018.2
_D5S1193,2018.1;2018.2
_D5S2003,2018.1;2018.2
_D5S2371,2018.1;2018.2
_D5S2468,2018.1;2018.2
_D5S2480,2018.1;2018.2
_D5S2509,2018.1;2018.2
_D5S2575,2018.1;2018.2
_D5S3121,2018.1;2018.2
_D5S3505,2018.1;2018.2
_D5S5113,2018.1;2018.2
_D5S5450,2018.1;2018.2
_D5S5821,2018.1;2018.2
_D5S6640,2018.1;2018.2
_D5S7029,2018.1;2018.2
_D5S7160,2018.1;2018.2
_D5S7369,2018.1;2018.2
_D5S7445,2018.1;2018.2
_D5S7676,2018.1;2018.2
_D5S9239,2018.1;2018.2
_D5S9864,2018.1;2018.2
_D5V0357,2018.6;2018.7
_D5V0381,2018.6;2018.7
_D5V0384,2018.6;2018.7
_D5V0387,2018.6;2018.7
_D5V0392,2018.6;2018.7
_D5V0393,2018.6;2018.7
_D5V0397,2018.6;2018.7
_D5V0404,2018.6;2018.7
_D5V0407,2018.6;2018.7
_D5V0408,2018.6;2018.7
_D5V0431,2018.6;2018.7
_D5V0434,2018.6;2018.7
_D5V0436,2018.6;2018.7
_D5V0438,2018.6;2018.7
_D5V0443,2018.6;2018.7
_D5V0445,2018.6;2018.7
_D5V0451,2018.6;2018.7
_D5V0456,2018.6;2018.7
_D5V0461,2018.6;2018.7
_D5V0463,2018.6;2018.7
_D5V0469,2018.6;2018.7
_D5V0475,2018.6;2018.7
_D5V0479,2018.6;2018.7
_D5V0481,2018.6;2018.7
_D5V0487,2018.6;2018.7
_D5V0493,2018.6;2018.7
_D5V0495,2018.6;2018.7
_D5V0498,2018.6;2018.7
_D5V0501,2018.6;2018.7
_D5V3035,2018.2;2018.3
_D5V5613,2018.3;2024.2
_D5V5618,2018.3;2024.2
_D5V5640,2018.3;2024.2
_D5V5649,2018.3;2024.2
_D5V5704,2018.3;2024.2
_D5V6938,2018.4;2018.5
_D5V6940,2018.4;2018.5
_D5V6946,2018.4;2018.5
_D5V6953,2018.4;2018.5
_D5V6966,2018.4;2018.5
_D5V6973,2018.4;2018.5
_D5V6980,2018.4;2018.5
_D5V6981,2018.4;2018.5
_D5V6984,2018.4;2018.5
_D8S0001,2018.3;2024.5
_D8S0009,2018.6;2018.7
_D8S0011,2018.3;2018.6;2018.7
_D8S0014,2018.3;2024.5
_D8S0027,2018.6;2018.7
_D8S0054,2018.6;2018.7
_D8S0061,2018.6;2018.7
_D8S0065,2018.6;2018.7
_D8S0090,2018.6;2018.7
_D8S0096,2018.3;2021.6
_D8S0099,2020;2024.5
_D8S0115,2020;2021.6
_D8S0122,2018.3;2024.5
_D8S0126,2018.6;2018.7;2024.5
_D8S0128,2018.6;2018.7
_D8S0133,2018.6;2018.7;2020
_D8S0147,2018.6;2018.7;2024.5
_D8S0174,2018.6;2018.7
_D8S0176,2018.6;2018.7;2021.6
_D8S0200,2018.6;2018.7;2020
_D8S0208,2018.6;2018.7
_D8S0212,2018.3;2020;2024.5
_D8S0230,2018.6;2018.7
_D8S0231,2018.6;2018.7
_D8S0263,2018.6;2018.7
_D8S0277,2018.6;2018.7
_D8S0287,2018.6;2018.7
_D8S0302,2018.6;2018.7
_D8S0303,2018.6;2018.7
_D8S0317,2018.6;2018.7
_D8S0361,2018.6;2018.7
_D8S0378,2018.6;2018.7
_D8S0388,2018.6;2018.7
_D8S0404,2018.6;2018.7
_D8S0412,2018.6;2018.7
_D8S0420,2018.6;2018.7
_D8S0426,2018.3;2018.6;2018.7
_D8S0428,2018.6;2018.7
_D8S0435,2018.6;2018.7
_D8S0436,2018.6;2018.7
_D8S0439,2018.6;2018.7
_D8S0441,2018.6;2018.7
_D8S0445,2018.6;2018.7
_D8S0449,2018.3;2018.6;2018.7
_D8S0455,2018.6;2018.7
_D8S0467,2018.6;2018.7
_D8S0470,2018.6;2018.7
_D8S0474,2018.6;2018.7
_D8S0478,2018.3;2018.6;2018.7
_D8S0499,2018.6;2018.7
_D8S0508,2018.6;2018.7
_D8S0511,2018.6;2018.7
_D8S0514,2018.6;2018.7
_D8S0517,2018.6;2018.7
_D8S0522,2018.6;2018.7
_D8S0546,2018.6;2018.7;2020
_D8S0554,2018.6;2018.7
_D8S0556,2018.6;2018.7
_D8S0558,2018.6;2018.7
_D8S0566,2018.6;2018.7
_D8S0568,2018.6;2018.7
_D8S0580,2018.6;2018.7
_D8S0600,2018.6;2018.7
_D8S0607,2018.3;2020
_D8S0620,2020;2021.6
_D8S0622,2018.6;2018.7
_D8S0627,2018.6;2018.7;2021.6
_D8S0639,2018.6;2018.7
_D8S0657,2018.6;2018.7
_D8S0685,2018.6;2018.7
_D8S0697,2018.1;2019.1;2024.5
_D8S0707,2018.6;2018.7
_D8S0734,2018.6;2018.7;2020
_D8S0742,2018.6;2018.7
_D8S0743,2019.1;2021.7
_D8S0748,2019.1;2021.7
_D8S0749,2018.6;2018.7
_D8S0764,2018.3;2019.1
_D8S0791,2020;2024.7
_D8S0804,2018.6;2018.7
_D8S0805,2024.5;2024.7
_D8S0810,2020;2024.5
_D8S0811,2018.6;2018.7
_D8S0813,2018.6;2018.7
_D8S0824,2018.6;2018.7
_D8S0829,2018.3;2024.7
_D8S0835,2024.5;2024.7
_D8S0836,2020;2024.7
_D8S0862,2021.7;2024.7
_D8S0871,2018.6;2018.7
_D8S0904,2018.6;2018.7
_D8S0918,2018.6;2018.7
_D8S0928,2018.6;2018.7
_D8S0930,2018.6;2018.7
_D8S0932,2024.5;2024.7
_D8S0939,2018.6;2018.7
_D8S0943,2018.6;2018.7
_D8S0945,2018.6;2018.7
_D8S0948,2018.6;2018.7
_D8S0950,2018.6;2018.7
_D8S0959,2018.6;2018.7
_D8S0964,2018.6;2018.7
_D8S0969,2018.6;2018.7
_D8S0973,2018.6;2018.7
_D8S0975,2021.7;2024.7
_D8S0979,2020;2024.7
_D8S0982,2018.6;2018.7;2021.7
_D8S0990,2018.6;2018.7
_D8S0997,2018.6;2018.7
_D8S1000,2018.6;2018.7
_D8S1005,2018.6;2018.7
_D8S1012,2018.6;2018.7
_D8S1014,2020;2024.8
_D8S1016,2018.6;2018.7
_D8S1023,2018.6;2018.7
_D8S1027,2018.6;2018.7;2024.8
_D8S1042,2018.6;2018.7
_D8S1050,2018.6;2018.7
_D8S1060,2018.6;2018.7
_D8S1063,2021.7;2024.5
_D8S1065,2018.6;2018.7
_D8S1081,2021.7;2024.8
_D8S1086,2018.6;2018.7
_D8S1088,2018.6;2018.7
_D8S1099,2021.7;2024.5
_D8S1104,2018.4;2024.5
_D8S1106,2021.7;2024.5
_D8S1133,2021.7;2024.5
_D8S1151,2021.7;2024.8
_D8S1153,2018.1;2018.4
_D8S1156,2020;2024.5
_D8S1157,2021.7;2024.8
_D8S1162,2018.6;2018.7
_D8S1164,2018.1;2021.7
_D8S1167,2018.4;2024.8
_D8S1177,2020;2021.7
_D8S1183,2018.6;2018.7
_D8S1188,2018.6;2018.7
_D8S1222,2018.6;2018.7
_D8S1227,2021.7;2024.5
_D8S1229,2018.6;2018.7
_D8S1233,2018.4;2020
_D8S1250,2018.6;2018.7;2021.7
_D8S1287,2018.4;2022
_D8S1293,2020;2024.5
_D8S1296,2024.5;2024.8
_D8S1304,2018.6;2018.7;2024.8
_D8S1321,2024.6;2024.7
_D8S1325,2018.6;2018.7
_D8S1333,2018.4;2018.6;2018.7
_D8S1343,2024.6;2024.7
_D8S1347,2022;2024.6;2024.7
_D8S1360,2024.6;2024.7
_D8S1360-Enhanced-NR,2024.6;2024.7
_D8S1369,2024.6;2024.7;2024.8
_D8S1371,2018.6;2018.7
_D8S1380,2024.6;2024.7
_D8S1383,2024.6;2024.7
_D8S1386,2018.6;2018.7
_D8S1388,2024.6;2024.7
_D8S1392,2022;2024.8
_D8S1397,2018.6;2018.7
_D8S1404,2018.6;2018.7
_D8S1430,2018.6;2018.7;2020
_D8S1435,2018.6;2018.7
_D8S1451,2024.6;2024.7
_D8S1463,2024.6;2024.7
_D8S1464,2024.6;2024.7
_D8S1469,2024.6;2024.7
_D8S1470,2024.6;2024.7
_D8S1474,2024.6;2024.7;2024.8
_D8S1477,2018.6;2018.7
_D8S1478,2024.6;2024.7
_D8S1510,2018.6;2018.7
_D8S1512,2024.5;2024.8
_D8S1518,2022;2024.6;2024.7
_D8S1535,2020;2022
_D8S1554,2024.5;2024.6;2024.7
_D8S1558,2024.6;2024.7
_D8S1565,2018.6;2018.7
_D8S1566,2022;2024.6;2024.7
_D8S1573,2018.6;2018.7
_D8S1586,2024.6;2024.7
_D8S1587,2024.6;2024.7
_D8S1592,2018.2;2022
_D8S1594,2022;2024.8
_D8S1596,2018.6;2018.7
_D8S1602,2018.6;2018.7
_D8S1608,2018.6;2018.7
_D8S1610,2018.4;2024.5
_D8S1613,2024.6;2024.7
_D8S1614,2018.4;2022
_D8S1617,2018.6;2018.7
_D8S1622,2024.6;2024.7
_D8S1622-2,2024.6;2024.7
_D8S1622-3,2024.6;2024.7
_D8S1634,2024.6;2024.7
_D8S1647,2018.4;2024.6;2024.7
_D8S1655,2018.4;2020
_D8S1659,2018.6;2018.7
_D8S1678,2018.4;2018.6;2018.7
_D8S1683,2024.6;2024.7
_D8S1698,2018.6;2018.7
_D8S1711,2018.6;2018.7
_D8S1733,2022;2024.6;2024.7
_D8S1739,2024.6;2024.7;2024.8
_D8S1787,2018.6;2018.7
_D8S1799,2018.6;2018.7
_D8S1802,2018.4;2024.8
_D8S1807,2024.5;2024.8
_D8S1828,2020;2022
_D8S1830,2020;2022
_D8S1848,2018.4;2018.6;2018.7
_D8S1875,2018.4;2018.6;2018.7
_D8S1881,2018.1;2024.5
_D8S1882,2018.4;2020
_D8S1886,2018.4;2020
_D8S1888,2018.2;2018.4;2020
_D8S1914,2018.4;2024.5
_D8S1946,2018.6;2018.7
_D8S1950,2018.6;2018.7
_D8S1955,2018.6;2018.7;2024.5;2024.8
_D8S1960,2020;2024.8
_D8S1967,2018.6;2018.7
_D8S1971,2018.6;2018.7
_D8S1984,2018.6;2018.7
_D8S1986,2018.6;2018.7
_D8S1994,2018.4;2018.6;2018.7
_D8S2002,2018.6;2018.7
_D8S2004,2018.6;2018.7
_D8S2006,2018.2;2020
_D8S2017,2018.6;2018.7
_D8S2023,2018.6;2018.7
_D8S2046,2018.6;2018.7
_D8S2053,2018.6;2018.7
_D8S2086,2018.4;2024.8
_D8S2097,2018.6;2018.7
_D8S2103,2018.6;2018.7;2020
_D8S2116,2018.6;2018.7
_D8S2143,2019.1;2024.8
_D8S2150,2018.6;2018.7
_D8S2158,2018.6;2018.7
_D8S2164,2018.6;2018.7
_D8S2168,2019.1;2024.8
_D8S2170,2018.1;2019.1
_D8S2178,2018.4;2018.6;2018.7;2024.5
_D8S2199,2018.4;2020
_D8S2218,2018.6;2018.7
_D8S2229,2019.1;2020
_D8S2242,2018.4;2019.1
_D8S2278,2019.1;2022
_D8S2285,2019.1;2024.8
_D8S2298,2024.5;2024.8
_D8S2299,2018.6;2018.7;2024.5
_D8S2301,2018.6;2018.7
_D8S2306,2019.1;2024.6;2024.7
_D8S2308,2024.6;2024.7
_D8S2309,2022;2024.6;2024.7
_D8S2311,2024.6;2024.7
_D8S2313,2024.6;2024.7
_D8S2314,2024.6;2024.7
_D8S2317,2018.6;2018.7
_D8S2320,2024.6;2024.7
_D8S2321,2024.6;2024.7
_D8S2324,2018.4;2024.6;2024.7
_D8S2335,2019.1;2022
_D8S2336,2024.6;2024.7
_D8S2345,2018.4;2024.5
_D8S2349,2018.4;2024.6;2024.7
_D8S2351,2024.6;2024.7
_D8S2360,2024.6;2024.7
_D8S2362,2024.6;2024.7
_D8S2374,2018.6;2018.7;2019.1
_D8S2380,2024.6;2024.7
_D8S2383,2024.6;2024.7
_D8S2388,2024.6;2024.7
_D8S2396,2024.6;2024.7
_D8S2401,2018.1;2018.4
_D8S2402,2018.2;2024.6;2024.7
_D8S2408,2019.1;2024.8
_D8S2431,2024.6;2024.7
_D8S2432,2024.6;2024.7
_D8S2434,2022;2024.8
_D8S2443,2024.6;2024.7;2024.8
_D8S2445,2024.5;2024.8
_D8S2446,2018.1;2018.6;2018.7;2022
_D8S2447,2018.6;2018.7
_D8S2449,2018.1;2018.4;2024.8
_D8S2452,2024.5;2024.8
_D8S2462,2018.6;2018.7
_D8S2467,2019.1;2024.8
_D8S2470,2018.6;2018.7;2022
_D8S2484,2024.6;2024.7
_D8S2485,2018.1;2018.4;2019.1
_D8S2487,2022;2024.6;2024.7
_D8S2488,2018.6;2018.7
_D8S2492,2018.1;2024.6;2024.7
_D8S2502,2018.1;2024.8
_D8S2503,2024.6;2024.7
_D8S2509,2019.1;2024.6;2024.7
_D8S2514,2024.6;2024.7
_D8S2518,2018.1;2024.8
_D8S2526,2024.6;2024.7
_D8S2529,2018.1;2024.6
_D8S2532,2018.6;2018.7
_D8S2534,2024.6;2024.7
_D8S2544,2020;2024.6
_D8S2552,2018.1;2024.8
_D8S2555,2024.6;2024.7
_D8S2557,2018.1;2024.8
_D8S2562,2018.6;2018.7;2024.6;2024.7
_D8S2565,2024.6;2024.7
_D8S2566,2018.1;2018.6;2018.7
_D8S2568,2024.6;2024.7
_D8S2569,2024.6;2024.7
_D8S2573,2018.1;2024.6;2024.7;2024.8
_D8S2576,2024.6;2024.7
_D8S2581,2019.1;2024.8
_D8S2582,2018.1;2024.6;2024.7;2024.8
_D8S2583,2022;2024.6;2024.7
_D8S2586,2019.1;2024.8
_D8S2590,2018.6;2018.7
_D8S2598,2018.4;2024.8
_D8S2612,2024.6;2024.7
_D8S2630,2024.6;2024.7
_D8S2637,2019.1;2024.8
_D8S2639,2018.1;2020
_D8S2641,2022;2024.6;2024.7
_D8S2642,2018.1;2019.1;2022
_D8S2646,2018.1;2018.4
_D8S2653,2024.6;2024.7
_D8S2655,2018.6;2018.7;2024.6;2024.7
_D8S2657,2018.6;2018.7
_D8S2664,2024.6;2024.7
_D8S2666,2020;2024.6;2024.7
_D8S2676,2018.4;2024.6;2024.7
_D8S2677,2018.4;2020
_D8S2679,2020;2024.6;2024.7
_D8S2687,2019.1;2020
_D8S2688,2018.4;2020
_D8S2694,2018.4;2020;2024.8
_D8S2695,2022;2024.8
_D8S2698,2024.6;2024.7
_D8S2700,2020;2022
_D8S2702,2019.1;2020;2024.6
_D8S2703,2024.6;2024.8
_D8S2705,2024.6;2024.7
_D8S2706,2020;2024.8
_D8S2708,2019.1;2020;2024.8
_D8S2712,2024.6;2024.8
_D8S2715,2020;2022;2024.8
_D8S2718,2019.1;2020
_D8S2721,2024.6;2024.7
_D8S2723,2024.6;2024.8
_D8S2728,2018.4;2024.6;2024.7
_D8S2741,2020;2024.6;2024.8
_D8S2744,2024.6;2024.7
_D8S2751,2024.6;2024.7
_D8S2755,2020;2024.6;2024.7;2024.8
_D8S2764,2018.4;2024.8
_D8S2767,2024.6;2024.7
_D8S2769,2018.4;2024.6;2024.7
_D8S2769-2,2024.6;2024.7
_D8S2775,2024.6;2024.7;2024.8
_D8S2777,2018.6;2018.7;2024.6;2024.7;2024.8
_D8S2778,2024.6;2024.7;2024.8
_D8S2778-2,2024.6;2024.7
_D8S2790,2018.4;2020
_D8S2795,2024.6;2024.7
_D8S2797,2019.1;2020
_D8S2826,2024.6;2024.7
_D8S2828,2018.1;2020
_D8S2831,2018.1;2020
_D8S2836,2019.1;2024.6
_D8S2838,2024.6;2024.7
_D8S2841,2019.1;2020
_D8S2842,2024.6;2024.7
_D8S2842-2,2024.6;2024.7
_D8S2843,2024.6;2024.7;2024.8
_D8S2853,2024.6;2024.8
_D8S2861,2020;2024.6
_D8S2864,2020;2024.5;2024.8
_D8S2868,2018.1;2020
_D8S2872,2020;2024.6
_D8S2879,2019.1;2020;2024.6
_D8S2880,2024.6;2024.7
_D8S2883,2018.4;2020
_D8S2906,2024.6;2024.7
_D8S2907,2024.5;2024.6;2024.7;2024.8
_D8S2912,2019.1;2024.6;2024.7
_D8S2914,2024.5;2024.8
_D8S2919,2019.2;2021.1
_D8S2922,2021.1;2024.6
_D8S2931,2018.4;2024.5
_D8S2938,2018.6;2018.7;2019.2
_D8S2939,2018.1;2021.1;2024.8
_D8S2942,2024.5;2024.8
_D8S2944,2019.2;2024.5
_D8S2947,2018.1;2018.6;2018.7
_D8S2949,2019.2;2021.1
_D8S2951,2021.1;2024.5
_D8S2953,2021.1;2024.8
_D8S2969,2018.4;2019.2
_D8S2974,2018.6;2018.7
_D8S2976,2024.6;2024.7
_D8S2981,2024.6;2024.7
_D8S2982,2018.4;2019.2;2024.6;2024.7
_D8S2984,2024.6;2024.7
_D8S2985,2024.6;2024.7
_D8S2988,2018.4;2024.5;2024.6;2024.7
_D8S2989,2024.6;2024.7
_D8S2996,2018.1;2019.2
_D8S3007,2018.1;2018.4
_D8S3015,2018.1;2024.8
_D8S3016,2024.6;2024.7
_D8S3017,2024.5;2024.8
_D8S3018,2024.6;2024.7
_D8S3019,2024.6;2024.7
_D8S3020,2024.5;2024.6;2024.7
_D8S3028,2018.1;2018.4
_D8S3033,2018.4;2024.8
_D8S3035,2024.5;2024.6;2024.7
_D8S3044,2018.2;2024.8
_D8S3049,2024.6;2024.7
_D8S3054,2024.6;2024.7
_D8S3055,2024.6;2024.7
_D8S3057,2024.6;2024.7
_D8S3058,2024.6;2024.7
_D8S3081,2018.1;2024.5
_D8S3083,2024.6;2024.7
_D8S3091,2018.1;2024.8
_D8S3097,2018.4;2024.8
_D8S3104,2024.6;2024.8
_D8S3110,2024.6;2024.7
_D8S3141,2024.7;2024.8
_D8S3146,2024.5;2024.7
_D8S3150,2021.1;2024.8
_D8S3153,2024.6;2024.7
_D8S3161,2021.1;2024.7
_D8S3165,2018.4;2024.5
_D8S3173,2018.4;2024.5
_D8S3176,2024.5;2024.6
_D8S3183,2019.2;2024.7
_D8S3189,2018.4;2024.5
_D8S3200,2024.6;2024.8
_D8S3203,2024.5;2024.6;2024.7
_D8S3206,2018.1;2024.8
_D8S3208,2024.6;2024.7
_D8S3209,2024.5;2024.6;2024.8
_D8S3212,2018.4;2024.7
_D8S3215,2021.1;2024.7
_D8S3218,2024.7;2024.8
_D8S3219,2024.7;2024.8
_D8S3225,2018.4;2024.6
_D8S3229,2024.6;2024.7
_D8S3231,2018.4;2024.6;2024.7
_D8S3235,2024.6;2024.7
_D8S3236,2024.7;2024.8
_D8S3241,2021.1;2024.6
_D8S3263,2021.1;2024.7;2024.8
_D8S3278,2018.1;2024.5
_D8S3279,2024.5;2024.8
_D8S3291,2024.7;2024.8
_D8S3292,2024.7;2024.8
_D8S3293,2024.6;2024.7
_D8S3294,2021.1;2024.7
_D8S3298,2018.4;2021.1;2024.7
_D8S3302,2024.5;2024.8
_D8S3326,2021.1;2024.5
_D8S3344,2021.1;2024.5;2024.6
_D8S3348,2019.2;2021.1;2024.5
_D8S3354,2021.1;2024.7
_D8S3380,2018.4;2024.7
_D8S3382,2024.5;2024.6
_D8S3387,2018.4;2021.1;2024.6
_D8S3431,2019.2;2024.5
_D8S3435,2021.1;2024.6;2024.7
_D8S3457,2018.4;2019.2
_D8S3469,2019.2;2021.1;2024.5;2024.7
_D8S3496,2024.5;2024.7
_D8S3497,2021.1;2024.5
_D8S3521,2021.1;2024.8
_D8S3522,2021.1;2024.5
_D8S3539,2024.5;2024.7
_D8S3542,2021.1;2024.5;2024.6
_D8S3549,2021.1;2024.6
_D8S3554,2018.4;2024.5
_D8S3559,2018.4;2021.1;2024.8
_D8S3565,2018.2;2024.5
_D8S3575,2018.2;2024.7
_D8S3585,2018.4;2024.7
_D8S3628,2018.4;2024.6;2024.7
_D8S3659,2024.6;2024.7
_D8S3677,2024.5;2024.7
_D8S3690,2018.4;2024.5
_D8S3701,2018.4;2024.7
_D8S3713,2018.2;2024.5
_D8S3721,2021.1;2024.7
_D8S3729,2018.2;2021.1
_D8S3735,2021.1;2024.7
_D8S3741,2018.6;2018.7
_D8S3743,2018.6;2018.7
_D8S3748,2018.5;2024.5
_D8S3758,2018.1;2021.1
_D8S3759,2024.5;2024.8
_D8S3760,2018.1;2018.5
_D8S3761,2021.1;2024.8
_D8S3770,2018.5;2021.1
_D8S3789,2018.1;2019.2
_D8S3794,2024.7;2024.8
_D8S3795,2024.7;2024.8
_D8S3796,2018.5;2024.6
_D8S3798,2018.1;2019.2;2024.6
_D8S3799,2018.5;2019.2
_D8S3805,2018.5;2024.5;2024.6;2024.7
_D8S3811,2024.5;2024.7
_D8S3815,2024.5;2024.6
_D8S3818,2018.5;2021.1
_D8S3830,2018.5;2021.1
_D8S3835,2018.5;2024.6
_D8S3841,2018.5;2024.6
_D8S3847,2018.1;2018.5;2021.1
_D8S3848,2018.1;2018.5;2018.6;2018.7
_D8S3849,2018.5;2024.7
_D8S3852,2018.5;2024.5
_D8S3855,2018.5;2021.1
_D8S3864,2018.5;2021.1
_D8S3866,2018.6;2018.7
_D8S3867,2021.1;2024.5
_D8S3874,2019.3;2021.1
_D8S3875,2018.5;2019.3;2021.1
_D8S3884,2018.5;2019.2;2019.3
_D8S3886,2018.5;2021.1;2024.5
_D8S3889,2018.5;2024.5
_D8S3891,2018.5;2019.2;2019.3;2021.1
_D8S3892,2024.6;2024.7
_D8S3894,2018.1;2018.5
_D8S3896,2018.5;2021.1;2024.5
_D8S3897,2021.1;2024.6
_D8S3902,2018.5;2021.1
_D8S3903,2018.6;2018.7
_D8S3905,2018.5;2019.2;2019.3
_D8S3907,2018.5;2021.1
_D8S3923,2019.2;2019.3
_D8S3926,2018.6;2018.7
_D8S3931,2018.5;2019.2;2019.3
_D8S3933,2018.5;2021.1
_D8S3938,2019.2;2019.3;2021.1
_D8S3949,2018.2;2018.5
_D8S3952,2024.5;2024.6
_D8S3954,2019.2;2019.3;2024.5;2024.6
_D8S3959,2018.6;2018.7;2019.2;2019.3
_D8S3962,2018.6;2018.7;2024.7;2024.8
_D8S3963,2024.6;2024.8
_D8S3966,2018.6;2018.7;2024.6
_D8S3975,2018.5;2018.6;2018.7
_D8S3976,2019.2;2019.3;2021.1
_D8S3979,2021.1;2024.5
_D8S3980,2021.1;2024.7
_D8S3984,2018.1;2024.8
_D8S3991,2018.6;2018.7
_D8S3994,2018.6;2018.7
_D8S4004,2019.2;2019.3
_D8S4006,2018.1;2018.5
_D8S4008,2018.5;2024.6
_D8S4009,2018.1;2018.5;2021.1
_D8S4013,2018.5;2019.2;2019.3
_D8S4019,2019.2;2019.3
_D8S4029,2019.2;2019.3
_D8S4036,2018.5;2019.2;2019.3
_D8S4041,2018.5;2024.6
_D8S4042,2018.5;2024.6;2024.7
_D8S4051,2019.2;2019.3
_D8S4060,2018.6;2018.7
_D8S4065,2018.5;2018.6;2018.7
_D8S4067,2019.2;2019.3;2024.5
_D8S4068,2018.5;2024.5
_D8S4071,2018.5;2019.2;2019.3
_D8S4074,2018.5;2024.6
_D8S4075,2018.6;2018.7
_D8S4076,2019.2;2019.3
_D8S4082,2018.1;2018.5
_D8S4083,2018.5;2018.6;2018.7;2019.2;2019.3
_D8S4085,2018.5;2021.1
_D8S4087,2018.6;2018.7
_D8S4088,2018.5;2019.2;2019.3
_D8S4096,2019.2;2019.3
_D8S4097,2018.5;2019.2;2019.3
_D8S4098,2019.2;2019.3
_D8S4101,2019.2;2019.3
_D8S4105,2018.5;2018.6;2018.7
_D8S4107,2018.5;2021.1
_D8S4108,2018.1;2018.6;2018.7
_D8S4118,2018.6;2018.7
_D8S4124,2018.5;2019.2;2019.3;2024.5
_D8S4125,2018.5;2024.5
_D8S4126,2018.5;2024.5
_D8S4127,2018.1;2024.5
_D8S4128,2018.5;2018.6;2018.7;2024.5
_D8S4133,2018.1;2024.7
_D8S4148,2018.1;2018.2;2021.1
_D8S4150,2018.6;2018.7;2024.5
_D8S4152,2018.2;2018.5
_D8S4165,2018.5;2024.6
_D8S4167,2018.5;2024.6;2024.7
_D8S4168,2018.6;2018.7;2024.7
_D8S4169,2018.2;2018.5;2024.7
_D8S4170,2019.2;2019.3;2024.6
_D8S4172,2018.5;2018.6;2018.7;2024.6
_D8S4174,2018.5;2024.6
_D8S4175,2018.5;2021.1
_D8S4176,2021.1;2024.6
_D8S4177,2018.5;2021.1
_D8S4178,2018.5;2021.1
_D8S4179,2018.5;2021.1
_D8S4180,2018.5;2019.2;2019.3;2024.7
_D8S4182,2019.2;2019.3;2024.6
_D8S4184,2018.5;2021.1
_D8S4193,2018.5;2019.2;2019.3
_D8S4199,2021.1;2024.6
_D8S4200,2018.5;2019.2;2019.3
_D8S4201,2018.5;2021.1
_D8S4202,2018.5;2021.1;2024.6
_D8S4205,2018.5;2018.6;2018.7;2021.1
_D8S4216,2018.6;2018.7;2021.1
_D8S4217,2019.2;2019.3;2021.1
_D8S4218,2018.5;2021.1
_D8S4219,2018.5;2024.8
_D8S4222,2018.5;2024.8
_D8S4225,2021.1;2024.5;2024.6
_D8S4226,2018.5;2024.5
_D8S4227,2018.5;2019.2;2019.3;2024.6
_D8S4229,2019.2;2019.3;2021.1
_D8S4231,2018.5;2021.1
_D8S4233,2018.5;2024.7
_D8S4234,2018.5;2024.5
_D8S4242,2018.5;2021.1
_D8S4243,2018.6;2018.7
_D8S4244,2018.5;2024.6
_D8S4250,2018.5;2024.6;2024.7
_D8S4252,2018.5;2021.1
_D8S4253,2018.5;2019.2;2019.3;2021.1
_D8S4254,2018.6;2018.7;2024.7
_D8S4255,2018.5;2024.6;2024.7
_D8S4260,2018.6;2018.7
_D8S4263,2021.1;2024.6
_D8S4272,2018.5;2021.1
_D8S4274,2018.5;2024.6
_D8S4276,2018.5;2021.1
_D8S4283,2018.5;2019.2;2019.3;2024.8
_D8S4284,2021.1;2024.5
_D8S4285,2018.5;2018.6;2018.7
_D8S4288,2018.5;2019.2;2019.3
_D8S4289,2018.6;2018.7;2021.1
_D8S4290,2018.6;2018.7
_D8S4294,2018.5;2024.7
_D8S4295,2018.6;2018.7
_D8S4303,2019.2;2019.3
_D8S4306,2018.5;2021.1
_D8S4308,2018.1;2021.1
_D8S4309,2018.5;2024.7
_D8S4312,2021.1;2024.7
_D8S4313,2024.7;2024.8
_D8S4314,2018.2;2018.5;2024.5
_D8S4315,2021.1;2024.5
_D8S4316,2018.5;2021.1
_D8S4317,2018.5;2021.1
_D8S4319,2019.2;2019.3;2024.7
_D8S4331,2018.5;2024.6
_D8S4332,2018.5;2024.5
_D8S4333,2019.2;2019.3;2024.7
_D8S4335,2018.5;2019.2;2019.3;2021.1
_D8S4336,2018.5;2024.6
_D8S4337,2018.1;2018.5
_D8S4343,2019.2;2019.3
_D8S4346,2018.5;2021.1;2024.8
_D8S4347,2018.5;2024.8
_D8S4348,2018.5;2019.2;2019.3;2024.8
_D8S4352,2018.5;2024.6
_D8S4355,2018.5;2024.6
_D8S4357,2021.2;2024.6
_D8S4358,2019.2;2019.3
_D8S4369,2018.5;2024.7
_D8S4378,2018.1;2019.2;2019.3
_D8S4380,2018.6;2018.7
_D8S4382,2018.1;2024.7
_D8S4384,2018.6;2018.7;2019.2;2019.3
_D8S4385,2018.1;2018.5;2018.6;2018.7;2024.6
_D8S4387,2018.1;2018.6;2018.7
_D8S4389,2018.1;2018.5
_D8S4390,2018.5;2018.6;2018.7
_D8S4391,2018.1;2018.5
_D8S4393,2018.6;2018.7;2024.5
_D8S4394,2019.2;2019.3
_D8S4396,2018.5;2018.6;2018.7
_D8S4397,2018.5;2018.6;2018.7
_D8S4398,2019.2;2019.3;2024.5
_D8S4400,2018.5;2018.6;2018.7
_D8S4401,2018.5;2018.6;2018.7
_D8S4402,2018.5;2018.6;2018.7
_D8S4404,2018.6;2018.7;2024.6
_D8S4407,2018.6;2018.7;2024.6
_D8S4408,2018.6;2018.7;2024.6
_D8S4409,2021.2;2024.7
_D8S4410,2018.5;2018.6;2018.7;2019.2;2019.3
_D8S4411,2018.6;2018.7
_D8S4413,2018.5;2021.2
_D8S4414,2019.2;2019.3
_D8S4415,2018.5;2024.6
_D8S4417,2021.2;2024.7
_D8S4418,2018.5;2018.6;2018.7
_D8S4419,2018.6;2018.7;2021.2;2024.5
_D8S4420,2018.5;2019.2;2019.3;2021.2
_D8S4421,2018.5;2021.2
_D8S4422,2018.5;2018.6;2018.7
_D8S4425,2018.6;2018.7
_D8S4426,2018.5;2024.7
_D8S4427,2018.5;2018.6;2018.7
_D8S4428,2018.5;2021.2
_D8S4429,2018.5;2024.7
_D8S4431,2018.5;2024.6
_D8S4434,2019.2;2019.3;2024.7
_D8S4435,2018.5;2024.5
_D8S4439,2018.5;2018.6;2018.7;2021.2
_D8S4440,2018.6;2018.7
_D8S4442,2018.1;2018.5;2018.6;2018.7;2024.7
_D8S4443,2018.5;2018.6;2018.7;2024.6
_D8S4444,2018.5;2024.6;2024.8
_D8S4445,2018.6;2018.7
_D8S4453,2019.2;2019.3;2024.6
_D8S4458,2018.5;2019.2;2019.3
_D8S4460,2018.5;2021.2
_D8S4466,2021.2;2024.7
_D8S4468,2018.5;2018.6;2018.7;2024.7
_D8S4470,2024.7;2024.8
_D8S4471,2018.5;2024.8
_D8S4473,2018.1;2018.5
_D8S4475,2019.2;2019.3;2021.2
_D8S4484,2018.6;2018.7
_D8S4486,2019.2;2019.3
_D8S4490,2018.6;2018.7;2021.2
_D8S4492,2019.2;2019.3;2021.2
_D8S4493,2018.1;2024.6
_D8S4499,2018.6;2018.7
_D8S4500,2018.6;2018.7
_D8S4501,2021.2;2024.7;2024.8
_D8S4502,2021.2;2024.8
_D8S4503,2018.1;2024.7
_D8S4508,2018.6;2018.7
_D8S4509,2018.1;2024.8
_D8S4511,2018.5;2024.5
_D8S4515,2018.6;2018.7;2024.5
_D8S4516,2018.5;2024.6
_D8S4517,2018.6;2018.7
_D8S4522,2021.2;2024.5;2024.7
_D8S4524,2019.2;2019.3
_D8S4533,2021.2;2024.6
_D8S4534,2021.2;2024.6
_D8S4535,2018.5;2018.6;2018.7;2021.2
_D8S4539,2019.2;2019.3;2021.2
_D8S4542,2018.6;2018.7;2024.5
_D8S4544,2021.2;2024.6
_D8S4547,2021.2;2024.5
_D8S4553,2018.6;2018.7
_D8S4554,2018.5;2021.2
_D8S4558,2018.6;2018.7
_D8S4560,2018.6;2018.7;2024.8
_D8S4563,2018.6;2018.7
_D8S4567,2018.5;2018.6;2018.7;2024.8
_D8S4568,2018.5;2018.6;2018.7;2021.2
_D8S4569,2018.5;2021.2
_D8S4570,2021.2;2024.5
_D8S4572,2019.2;2019.3
_D8S4575,2018.5;2024.6
_D8S4579,2018.5;2019.2;2019.3
_D8S4585,2018.6;2018.7
_D8S4589,2019.2;2019.3
_D8S4594,2024.6;2024.8
_D8S4598,2018.6;2018.7
_D8S4600,2018.6;2018.7;2024.6
_D8S4607,2018.6;2018.7;2024.6
_D8S4609,2018.5;2018.6;2018.7
_D8S4612,2018.6;2018.7
_D8S4618,2018.5;2018.6;2018.7
_D8S4625,2018.5;2018.6;2018.7
_D8S4626,2019.2;2019.3
_D8S4631,2018.6;2018.7
_D8S4633,2018.5;2019.2;2019.3
_D8S4635,2018.6;2018.7;2021.2;2024.8
_D8S4636,2018.5;2024.6
_D8S4637,2018.5;2019.2;2019.3;2024.8
_D8S4638,2018.5;2019.2;2019.3
_D8S4643,2019.2;2019.3;2024.8
_D8S4644,2018.1;2018.5
_D8S4646,2018.5;2024.8
_D8S4650,2018.6;2018.7;2024.5
_D8S4651,2019.2;2019.3
_D8S4657,2018.5;2018.6;2018.7
_D8S4659,2019.2;2019.3
_D8S4662,2018.6;2018.7
_D8S4663,2018.6;2018.7
_D8S4671,2019.2;2019.3;2024.5
_D8S4673,2019.2;2019.3;2021.2
_D8S4675,2018.6;2018.7;2021.2
_D8S4681,2018.6;2018.7;2021.2
_D8S4682,2018.6;2018.7;2021.2
_D8S4685,2018.5;2018.6;2018.7
_D8S4690,2018.6;2018.7;2021.2
_D8S4697,2018.5;2018.6;2018.7;2019.2;2019.3;2021.2
_D8S4707,2018.5;2018.6;2018.7
_D8S4709,2018.5;2019.2;2019.3
_D8S4710,2018.5;2018.6;2018.7
_D8S4711,2018.5;2024.6
_D8S4712,2018.5;2024.6
_D8S4715,2019.2;2019.3
_D8S4721,2018.5;2021.2
_D8S4724,2018.5;2024.6
_D8S4729,2018.5;2019.2;2019.3
_D8S4731,2019.2;2019.3
_D8S4733,2018.5;2024.6
_D8S4736,2018.5;2024.6
_D8S4748,2018.5;2021.2
_D8S4752,2018.5;2024.5
_D8S4759,2018.5;2024.6
_D8S4762,2018.5;2024.6
_D8S4763,2018.1;2018.5
_D8S4770,2018.5;2024.5
_D8S4797,2018.5;2021.2
_D8S4803,2018.2;2024.5
_D8S4809,2019.2;2019.3
_D8S4815,2019.2;2019.3
_D8S4820,2018.6;2018.7;2021.2
_D8S4823,2018.6;2018.7
_D8S4828,2018.6;2018.7
_D8S4834,2018.6;2018.7
_D8S4835,2018.6;2018.7
_D8S4838,2018.6;2018.7
_D8S4839,2018.5;2021.2
_D8S4844,2018.5;2021.2
_D8S4849,2018.5;2021.2
_D8S4850,2018.5;2021.2
_D8S4858,2018.2;2018.5
_D8S4861,2019.2;2019.3;2021.2
_D8S4866,2018.5;2024.5
_D8S4873,2019.2;2019.3
_D8S4877,2019.2;2019.3;2024.6
_D8S4878,2019.2;2019.3;2024.6
_D8S4879,2019.2;2019.3
_D8S4882,2019.2;2019.3
_D8S4889,2019.2;2019.3
_D8S4900,2019.2;2019.3
_D8S4912,2018.5;2019.2;2019.3
_D8S4926,2019.2;2019.3
_D8S4927,2019.2;2019.3;2024.6
_D8S4928,2021.2;2024.6
_D8S4940,2018.5;2024.6
_D8S4952,2021.2;2024.6
_D8S4959,2019.2;2019.3
_D8S4960,2021.2;2024.5
_D8S4968,2021.2;2024.6
_D8S4969,2019.2;2019.3
_D8S4979,2019.2;2019.3
_D8S4984,2019.2;2019.3
_D8S4985,2018.5;2021.2
_D8S4986,2018.5;2021.2
_D8S4990,2018.5;2021.2
_D8S4997,2021.2;2024.6
_D8S5003,2018.5;2024.5
_D8S5021,2021.2;2024.5
_D8S5032,2019.2;2019.3;2021.2
_D8S5037,2021.2;2024.6
_D8S5039,2018.5;2021.2
_D8S5040,2018.5;2024.6
_D8S5041,2018.5;2021.2
_D8S5044,2018.5;2019.2;2019.3
_D8S5046,2018.5;2021.2;2024.5
_D8S5048,2019.2;2019.3;2021.2;2024.6
_D8S5050,2021.2;2024.6
_D8S5051,2021.2;2024.6
_D8S5053,2018.5;2021.2
_D8S5054,2018.5;2024.5;2024.6
_D8S5056,2019.2;2019.3;2021.2
_D8S5060,2018.5;2021.2
_D8S5071,2021.2;2024.6
_D8S5073,2018.5;2024.6
_D8S5075,2018.5;2021.2
_D8S5081,2018.5;2024.6
_D8S5092,2018.5;2019.2;2019.3
_D8S5112,2019.2;2019.3;2021.2
_D8S5113,2018.5;2021.2
_D8S5114,2021.2;2024.6
_D8S5130,2021.2;2024.6
_D8S5142,2021.2;2024.5
_D8S5143,2018.5;2024.5;2024.6
_D8S5144,2019.2;2019.3
_D8S5147,2018.5;2021.2;2024.6
_D8S5148,2021.2;2024.6
_D8S5149,2018.5;2021.2
_D8S5153,2021.2;2024.6
_D8S5157,2019.2;2019.3
_D8S5159,2021.2;2024.6
_D8S5162,2019.2;2019.3;2021.2
_D8S5167,2018.5;2024.6
_D8S5172,2021.2;2024.6
_D8S5174,2019.2;2019.3;2024.6
_D8S5175,2019.2;2019.3;2024.6
_D8S5177,2019.2;2019.3;2024.6
_D8S5178,2018.5;2024.6
_D8S5181,2019.2;2019.3
_D8S5184,2019.2;2019.3;2024.6
_D8S5186,2021.2;2024.6
_D8S5189,2019.2;2019.3;2024.6
_D8S5193,2018.5;2021.2;2024.6
_D8S5194,2019.2;2019.3
_D8S5196,2021.2;2024.6
_D8S5199,2019.2;2019.3
_D8S5201,2019.2;2019.3;2021.2
_D8S5203,2019.2;2019.3
_D8S5208,2019.2;2019.3;2021.2
_D8S5209,2019.2;2019.3
_D8S5215,2019.2;2019.3
_D8S5216,2019.2;2019.3
_D8S5230,2019.2;2019.3;2024.6
_D8S5241,2019.2;2019.3
_D8S5243,2018.5;2021.2
_D8S5244,2018.5;2021.2
_D8S5262,2019.2;2019.3
_D8S5268,2019.2;2019.3
_D8S5271,2019.2;2019.3
_D8S5279,2019.2;2019.3
_D8S5281,2018.5;2021.2
_D8S5284,2021.2;2024.6
_D8S5287,2018.5;2019.2;2019.3
_D8S5292,2018.5;2019.2;2019.3
_D8S5293,2018.5;2021.2
_D8S5299,2019.2;2019.3;2021.2
_D8S5304,2021.2;2024.6
_D8S5329,2018.5;2019.2;2019.3
_D8S5330,2018.5;2021.2
_D8S5332,2019.2;2019.3
_D8S5337,2018.5;2021.2
_D8S5338,2018.5;2019.2;2019.3
_D8S5340,2018.5;2021.2;2024.6
_D8S5343,2018.5;2021.2
_D8S5347,2019.2;2019.3
_D8S5352,2018.6;2018.7;2021.2
_D8S5353,2018.6;2018.7
_D8S5354,2021.2;2024.5
_D8S5357,2019.2;2019.3;2021.2
_D8S5358,2018.5;2021.2;2024.6
_D8S5361,2018.6;2018.7
_D8S5362,2018.5;2021.2
_D8S5363,2018.5;2018.6;2018.7
_D8S5364,2018.6;2018.7;2019.2;2019.3
_D8S5366,2018.5;2021.2
_D8S5369,2018.5;2021.2
_D8S5384,2019.2;2019.3;2021.2
_D8S5386,2019.2;2019.3;2024.6
_D8S5393,2019.2;2019.3;2021.2
_D8S5394,2019.2;2019.3
_D8S5396,2019.2;2019.3
_D8S5407,2018.1;2024.6
_D8S5411,2019.2;2019.3
_D8S5412,2019.2;2019.3;2021.2
_D8S5414,2018.6;2018.7
_D8S5422,2019.2;2019.3;2024.5
_D8S5423,2019.2;2019.3
_D8S5426,2018.5;2019.2;2019.3;2024.5
_D8S5428,2019.2;2019.3;2024.5
_D8S5431,2018.6;2018.7
_D8S5433,2018.6;2018.7
_D8S5438,2019.2;2019.3
_D8S5442,2018.6;2018.7
_D8S5443,2019.2;2019.3;2024.5
_D8S5445,2018.6;2018.7
_D8S5446,2019.2;2019.3
_D8S5450,2018.6;2018.7
_D8S5452,2019.2;2019.3
_D8S5460,2018.5;2024.5
_D8S5469,2021.2;2024.5
_D8S5475,2021.2;2024.6
_D8S5479,2019.2;2019.3;2021.2
_D8S5484,2018.6;2018.7;2021.2
_D8S5494,2019.2;2019.3
_D8S5505,2021.2;2024.5
_D8S5511,2021.2;2024.6
_D8S5512,2018.6;2018.7;2021.2
_D8S5521,2018.5;2021.2;2024.6
_D8S5522,2018.5;2021.2;2024.6
_D8S5523,2018.5;2018.6;2018.7
_D8S5525,2018.5;2021.2
_D8S5526,2021.2;2024.5
_D8S5532,2019.2;2019.3
_D8S5534,2018.5;2019.2;2019.3
_D8S5537,2019.2;2019.3
_D8S5538,2018.5;2019.2;2019.3
_D8S5549,2018.6;2018.7
_D8S5557,2018.6;2018.7;2024.6
_D8S5558,2018.6;2018.7
_D8S5559,2019.2;2019.3
_D8S5563,2018.5;2019.2;2019.3
_D8S5564,2019.2;2019.3
_D8S5574,2019.2;2019.3
_D8S5583,2019.2;2019.3;2024.7
_D8S5584,2018.6;2018.7;2024.7
_D8S5588,2018.5;2019.2;2019.3
_D8S5593,2018.5;2019.2;2019.3;2024.7
_D8S5600,2018.5;2024.5
_D8S5610,2018.5;2024.6
_D8S5612,2018.5;2024.7
_D8S5613,2018.1;2018.5
_D8S5623,2018.5;2024.7
_D8S5628,2018.6;2018.7
_D8S5630,2024.6;2024.7
_D8S5633,2018.6;2018.7
_D8S5636,2019.2;2019.3
_D8S5638,2019.2;2019.3;2024.6
_D8S5648,2018.6;2018.7
_D8S5660,2019.2;2019.3
_D8S5664,2019.2;2019.3;2024.7
_D8S5669,2018.1;2018.6;2018.7;2019.2;2019.3
_D8S5673,2019.2;2019.3
_D8S5695,2019.2;2019.3
_D8S5699,2019.2;2019.3
_D8S5701,2018.6;2018.7
_D8S5703,2018.6;2018.7;2019.2;2019.3
_D8S5704,2019.2;2019.3
_D8S5705,2019.2;2019.3
_D8S5706,2018.5;2019.2;2019.3
_D8S5709,2018.6;2018.7
_D8S5710,2018.6;2018.7
_D8S5711,2019.2;2019.3
_D8S5714,2018.6;2018.7
_D8S5715,2019.2;2019.3
_D8S5720,2019.2;2019.3
_D8S5725,2018.6;2018.7;2024.5;2024.7
_D8S5726,2019.2;2019.3
_D8S5727,2019.2;2019.3
_D8S5729,2019.2;2019.3
_D8S5737,2019.2;2019.3;2024.7
_D8S5738,2018.5;2019.2;2019.3;2024.5
_D8S5749,2019.2;2019.3
_D8S5751,2019.2;2019.3
_D8S5752,2018.6;2018.7
_D8S5767,2019.2;2019.3
_D8S5771,2018.6;2018.7
_D8S5773,2019.2;2019.3;2024.5
_D8S5784,2018.1;2019.2;2019.3
_D8S5814,2019.2;2019.3
_D8S5820,2018.6;2018.7
_D8S5821,2019.2;2019.3;2024.6
_D8S5823,2019.2;2019.3
_D8S5825,2018.5;2019.2;2019.3;2024.6
_D8S5828,2018.5;2019.2;2019.3
_D8S5833,2019.2;2019.3
_D8S5834,2018.5;2024.7
_D8S5837,2018.6;2018.7
_D8S5849,2018.6;2018.7
_D8S5851,2018.6;2018.7
_D8S5855,2019.2;2019.3
_D8S5860,2018.1;2024.5
_D8S5893,2018.1;2024.7
_D8S5899,2019.2;2019.3;2024.7
_D8S5920,2019.2;2019.3;2024.7
_D8S5924,2024.6;2024.7
_D8S5931,2018.1;2019.2;2019.3
_D8S5933,2018.5;2024.7
_D8S5935,2019.2;2019.3
_D8S5938,2019.2;2019.3
_D8S5941,2019.2;2019.3
_D8S5945,2019.2;2019.3;2024.7
_D8S5948,2018.6;2018.7;2019.2;2019.3
_D8S5950,2018.5;2024.7
_D8S5951,2018.6;2018.7;2024.5
_D8S5953,2018.5;2018.6;2018.7;2024.6
_D8S5954,2024.6;2024.7
_D8S5955,2019.2;2019.3;2024.6
_D8S5962,2019.2;2019.3;2024.5
_D8S5965,2019.2;2019.3
_D8S5968,2019.2;2019.3;2024.5;2024.7
_D8S5971,2018.5;2019.2;2019.3
_D8S5980,2018.6;2018.7
_D8S6000,2019.2;2019.3;2024.7
_D8S6011,2019.2;2019.3
_D8S6015,2018.1;2019.2;2019.3
_D8S6016,2018.6;2018.7
_D8S6018,2019.2;2019.3
_D8S6029,2019.2;2019.3
_D8S6032,2019.2;2019.3;2024.7
_D8S6035,2019.2;2019.3;2021.2
_D8S6038,2019.2;2019.3
_D8S6039,2021.2;2024.7
_D8S6040,2018.5;2024.7
_D8S6043,2019.2;2019.3
_D8S6045,2018.5;2021.2
_D8S6048,2018.5;2021.2
_D8S6051,2018.6;2018.7;2021.2
_D8S6053,2021.2;2024.7
_D8S6054,2019.2;2019.3;2021.2
_D8S6057,2019.2;2019.3
_D8S6060,2019.2;2019.3
_D8S6069,2021.2;2024.7
_D8S6078,2018.6;2018.7;2024.7
_D8S6079,2019.2;2019.3
_D8S6080,2019.2;2019.3
_D8S6083,2019.2;2019.3
_D8S6094,2021.2;2024.6
_D8S6099,2018.6;2018.7
_D8S6111,2019.4;2021.2
_D8S6113,2018.6;2018.7;2021.2
_D8S6114,2021.2;2024.7
_D8S6117,2019.4;2024.6;2024.7
_D8S6118,2021.2;2024.6
_D8S6120,2019.4;2024.6
_D8S6121,2019.2;2019.4;2024.6
_D8S6124,2019.2;2019.3;2021.2
_D8S6131,2021.2;2024.5
_D8S6134,2019.2;2019.3;2021.2;2024.5
_D8S6143,2018.5;2019.4
_D8S6148,2019.2;2019.3
_D8S6149,2021.2;2024.5
_D8S6150,2019.2;2019.3;2021.2
_D8S6156,2019.4;2021.2
_D8S6168,2021.2;2024.6
_D8S6169,2019.4;2021.2
_D8S6172,2019.4;2021.2
_D8S6175,2019.2;2019.3;2021.2
_D8S6176,2019.4;2021.2
_D8S6178,2019.2;2019.3
_D8S6193,2019.4;2024.7
_D8S6196,2018.6;2018.7
_D8S6200,2021.2;2024.7
_D8S6205,2018.5;2019.4
_D8S6206,2019.4;2024.7
_D8S6209,2019.4;2021.2
_D8S6212,2019.4;2021.2
_D8S6215,2018.5;2021.2
_D8S6217,2021.2;2024.5
_D8S6226,2021.2;2024.7
_D8S6227,2018.5;2019.4;2024.6
_D8S6231,2018.6;2018.7
_D8S6238,2024.6;2024.7
_D8S6252,2018.6;2018.7
_D8S6263,2019.4;2024.7
_D8S6264,2024.5;2024.7
_D8S6272,2019.4;2024.6
_D8S6295,2024.5;2024.6;2024.7
_D8S6298,2024.5;2024.7
_D8S6303,2018.6;2018.7
_D8S6310,2019.4;2024.5
_D8S6323,2018.6;2018.7;2021.2
_D8S6330,2018.6;2018.7;2021.2;2024.7
_D8S6333,2021.2;2024.5
_D8S6338,2021.2;2024.5
_D8S6343,2018.6;2018.7;2024.7
_D8S6364,2018.6;2018.7
_D8S6409,2019.4;2024.7
_D8S6445,2019.4;2021.2;2024.7
_D8S6465,2021.2;2024.7
_D8S6474,2018.5;2021.2
_D8S6477,2019.4;2021.2
_D8S6483,2021.2;2024.5
_D8S6490,2018.5;2024.7
_D8S6491,2018.5;2024.5
_D8S6492,2019.4;2024.5
_D8S6497,2021.2;2024.7
_D8S6500,2021.2;2024.7
_D8S6506,2018.5;2019.4
_D8S6517,2018.5;2024.5
_D8S6520,2018.5;2021.2
_D8S6544,2018.6;2018.7
_D8S6550,2018.5;2021.2;2024.6
_D8S6552,2018.5;2024.7
_D8S6553,2019.4;2024.7
_D8S6557,2018.5;2019.4
_D8S6560,2019.4;2021.2
_D8S6564,2021.2;2024.7
_D8S6574,2018.5;2021.2;2024.5;2024.7
_D8S6575,2021.2;2024.5
_D8S6579,2018.5;2021.2
_D8S6592,2018.5;2019.4;2024.7
_D8S6648,2021.2;2024.6
_D8S6650,2021.2;2024.7
_D8S6654,2018.5;2021.2
_D8S6668,2019.4;2021.2;2024.6
_D8S6671,2018.6;2018.7
_D8S6702,2019.4;2024.6
_D8S6706,2024.5;2024.7
_D8S6760,2018.6;2018.7;2024.5
_D8S6763,2018.6;2018.7
_D8S6775,2024.6;2024.7
_D8S6807,2019.4;2021.2;2024.7
_D8S6809,2018.2;2024.7
_D8S6822,2018.2;2024.6
_D8S6831,2019.4;2021.2
_D8S6835,2024.5;2024.7
_D8S6836,2018.2;2018.5;2024.7
_D8S6840,2018.5;2024.5
_D8S6841,2018.2;2018.5
_D8S6843,2018.2;2024.7
_D8S6857,2018.5;2024.7
_D8S6861,2021.2;2024.6
_D8S6872,2018.2;2024.5
_D8S6875,2021.2;2024.5
_D8S6883,2019.4;2024.7
_D8S6884,2021.2;2024.7
_D8S6887,2021.2;2024.6
_D8S6889,2021.2;2024.7
_D8S6901,2018.5;2024.6
_D8S6903,2018.5;2024.7
_D8S6919,2018.6;2018.7
_D8S6920,2024.5;2024.7
_D8S6924,2024.5;2024.7
_D8S6932,2021.2;2024.6
_D8S6936,2018.5;2024.7
_D8S6939,2018.5;2021.2
_D8S6943,2024.5;2024.7
_D8S6948,2021.2;2024.6
_D8S6950,2019.4;2021.2;2024.7
_D8S6967,2018.2;2021.2
_D8S6968,2024.5;2024.7
_D8S6969,2018.2;2021.2;2024.7
_D8S6970,2018.2;2018.6;2018.7
_D8S6973,2019.11;2021.2
_D8S6976,2018.2;2021.2
_D8S6977,2018.2;2024.7
_D8S6984,2018.5;2018.6;2018.7;2021.2
_D8S6985,2018.5;2021.2
_D8S6988,2021.2;2024.5
_D8S6998,2018.5;2024.7
_D8S7003,2021.2;2024.7
_D8S7004,2021.2;2024.7
_D8S7007,2019.11;2021.2;2024.7
_D8S7008,2018.6;2018.7;2024.7
_D8S7015,2019.11;2021.2;2024.6
_D8S7020,2021.2;2024.7
_D8S7021,2021.2;2024.7
_D8S7027,2019.11;2021.2
_D8S7031,2018.6;2018.7
_D8S7032,2018.5;2021.2
_D8S7034,2018.5;2021.2;2024.7
_D8S7042,2018.5;2024.5;2024.7
_D8S7055,2024.5;2024.7
_D8S7065,2018.5;2021.2
_D8S7066,2021.2;2024.7
_D8S7067,2018.6;2018.7;2019.4
_D8S7074,2019.4;2021.2
_D8S7075,2018.5;2019.4
_D8S7077,2024.5;2024.7
_D8S7079,2021.2;2024.7
_D8S7086,2021.2;2024.5
_D8S7090,2021.2;2024.5
_D8S7093,2019.4;2021.2;2024.5
_D8S7099,2018.5;2021.2;2024.6
_D8S7102,2021.2;2024.5;2024.7
_D8S7110,2021.2;2024.6
_D8S7119,2019.4;2021.2
_D8S7121,2021.2;2024.5
_D8S7123,2019.11;2021.2;2024.6
_D8S7125,2021.2;2024.6
_D8S7128,2019.4;2021.2
_D8S7130,2021.2;2024.5
_D8S7137,2021.2;2024.7
_D8S7138,2021.2;2024.5
_D8S7139,2019.4;2024.5;2024.7
_D8S7140,2018.5;2021.2
_D8S7146,2021.2;2024.5;2024.6
_D8S7148,2021.2;2024.7
_D8S7152,2021.2;2024.7
_D8S7153,2019.11;2021.2
_D8S7158,2018.5;2019.11;2021.2
_D8S7160,2018.6;2018.7;2019.4
_D8S7166,2021.2;2024.5
_D8S7170,2018.1;2021.2
_D8S7195,2021.2;2024.5
_D8S7210,2018.3;2018.6;2018.7
_D8S7249,2019.11;2021.2
_D8S7259,2019.11;2024.5
_D8S7260,2019.11;2021.2
_D8S7261,2021.2;2024.6
_D8S7274,2021.2;2024.5
_D8S7277,2018.3;2024.5
_D8S7332,2024.5;2024.6
_D8S7339,2021.2;2024.5
_D8S7356,2018.6;2018.7;2024.5
_D8S7360,2024.6;2024.7
_D8S7364,2024.6;2024.7
_D8S7373,2018.6;2018.7;2021.2
_D8S7392,2018.3;2024.5
_D8S7401,2024.5;2024.6
_D8S7404,2021.2;2024.5
_D8S7419,2024.5;2024.6
_D8S7454,2024.5;2024.7
_D8S7457,2019.4;2024.5
_D8S7461,2019.4;2024.5
_D8S7488,2018.5;2021.2
_D8S7508,2024.5;2024.7
_D8S7517,2018.3;2024.7
_D8S7518,2019.4;2024.5
_D8S7531,2018.6;2018.7
_D8S7539,2018.3;2019.4
_D8S7546,2018.3;2018.5;2019.4
_D8S7562,2018.6;2018.7;2019.4;2024.7
_D8S7564,2018.6;2018.7;2019.4
_D8S7574,2018.6;2018.7
_D8S7581,2018.6;2018.7
_D8S7582,2018.6;2018.7
_D8S7590,2018.6;2018.7
_D8S7592,2018.6;2018.7
_D8S7602,2018.6;2018.7
_D8S7608,2018.5;2021.2
_D8S7614,2018.5;2018.6;2018.7;2021.2
_D8S7618,2018.5;2019.4;2024.5
_D8S7621,2018.6;2018.7
_D8S7631,2018.5;2024.7
_D8S7632,2018.5;2019.4
_D8S7640,2018.5;2021.2
_D8S7641,2018.5;2021.2
_D8S7644,2018.6;2018.7;2019.4;2021.2
_D8S7647,2019.4;2024.7
_D8S7653,2018.6;2018.7;2019.4
_D8S7659,2018.6;2018.7
_D8S7661,2018.6;2018.7
_D8S7662,2018.5;2021.2
_D8S7667,2018.5;2018.6;2018.7
_D8S7669,2018.6;2018.7
_D8S7670,2018.5;2019.4;2024.6
_D8S7672,2018.5;2019.4;2024.7
_D8S7688,2019.4;2024.6
_D8S7694,2018.5;2024.5
_D8S7703,2018.6;2018.7;2024.6
_D8S7704,2024.6;2024.7
_D8S7707,2018.6;2018.7
_D8S7709,2024.5;2024.7
_D8S7710,2018.6;2018.7
_D8S7719,2018.6;2018.7;2019.4
_D8S7721,2018.6;2018.7
_D8S7732,2018.5;2019.12;2024.6
_D8S7735,2018.5;2024.7
_D8S7750,2018.5;2018.6;2018.7
_D8S7758,2019.5;2024.7
_D8S7759,2018.5;2021.2
_D8S7761,2018.3;2018.6;2018.7;2021.2
_D8S7763,2018.5;2019.5
_D8S7778,2021.2;2024.6
_D8S7779,2018.1;2019.12
_D8S7780,2018.1;2024.5;2024.7
_D8S7782,2018.1;2019.5
_D8S7785,2018.5;2019.5
_D8S7792,2019.12;2021.2
_D8S7793,2018.5;2019.5
_D8S7796,2018.5;2021.2
_D8S7820,2018.5;2019.5
_D8S7838,2018.5;2019.5
_D8S7849,2018.5;2021.2
_D8S7851,2018.1;2019.5
_D8S7860,2021.2;2024.6
_D8S7861,2018.6;2018.7;2024.6
_D8S7863,2018.6;2018.7
_D8S7874,2019.5;2021.2
_D8S7880,2018.1;2021.2
_D8S7915,2019.5;2024.5
_D8S7918,2019.5;2024.5
_D8S7935,2018.6;2018.7
_D8S7939,2018.1;2024.5
_D8S7954,2019.5;2024.7
_D8S7958,2018.3;2019.5
_D8S7961,2018.3;2024.7
_D8S7962,2021.2;2024.5
_D8S7964,2021.2;2024.5
_D8S7992,2018.1;2024.7
_D8S8007,2019.5;2024.5
_D8S8014,2019.5;2024.7
_D8S8018,2024.5;2024.7
_D8S8034,2021.2;2024.7
_D8S8040,2021.2;2024.7
_D8S8057,2018.6;2018.7
_D8S8058,2018.6;2018.7;2021.2
_D8S8059,2018.3;2018.6;2018.7
_D8S8065,2018.6;2018.7;2019.12;2024.5;2024.7
_D8S8085,2019.12;2024.6
_D8S8098,2018.1;2018.3;2024.7
_D8S8100,2018.1;2019.12
_D8S8102,2019.5;2024.7
_D8S8111,2019.12;2021.2
_D8S8112,2019.12;2021.2
_D8S8120,2019.5;2024.5
_D8S8123,2018.3;2021.2
_D8S8124,2024.5;2024.6
_D8S8126,2018.3;2021.2
_D8S8132,2021.2;2024.7
_D8S8137,2018.3;2019.5;2024.7
_D8S8144,2024.5;2024.7
_D8S8145,2018.3;2019.12
_D8S8146,2021.2;2024.7
_D8S8148,2019.5;2021.2
_D8S8153,2021.2;2024.7
_D8S8161,2019.12;2024.5
_D8S8164,2018.3;2024.6
_D8S8165,2018.3;2021.2
_D8S8168,2019.12;2024.6
_D8S8172,2019.5;2021.2;2024.7
_D8S8176,2019.5;2021.2
_D8S8177,2019.5;2021.2;2024.5
_D8S8180,2019.5;2021.2;2024.5
_D8S8181,2021.2;2024.7
_D8S8196,2021.2;2024.6
_D8S8215,2018.6;2018.7;2019.5;2021.2;2024.6
_D8S8216,2021.2;2024.5
_D8S8217,2018.6;2018.7;2021.2
_D8S8219,2018.3;2018.6;2018.7;2021.2
_D8S8224,2018.6;2018.7
_D8S8227,2019.5;2024.5;2024.7
_D8S8230,2018.3;2019.12
_D8S8233,2018.6;2018.7;2019.5
_D8S8239,2018.6;2018.7
_D8S8241,2024.6;2024.7
_D8S8244,2019.12;2024.6
_D8S8245,2018.3;2024.6;2024.7
_D8S8253,2019.5;2024.7
_D8S8255,2018.6;2018.7
_D8S8259,2019.5;2024.6
_D8S8265,2018.6;2018.7
_D8S8266,2019.5;2021.3;2024.5
_D8S8267,2018.1;2024.5
_D8S8275,2024.5;2024.6
_D8S8290,2018.6;2018.7;2024.6
_D8S8298,2021.3;2024.5
_D8S8301,2018.1;2019.12
_D8S8303,2018.6;2018.7;2019.12
_D8S8311,2019.12;2024.7
_D8S8312,2019.12;2021.3
_D8S8313,2019.12;2024.7
_D8S8314,2019.12;2021.3
_D8S8320,2018.6;2018.7
_D8S8323,2018.6;2018.7;2024.7
_D8S8329,2018.1;2021.3;2024.7
_D8S8333,2018.6;2018.7
_D8S8342,2018.1;2019.12
_D8S8351,2019.5;2024.7
_D8S8353,2018.6;2018.7
_D8S8354,2018.1;2019.5
_D8S8359,2018.1;2024.5
_D8S8374,2019.12;2024.7
_D8S8393,2018.1;2024.6
_D8S8407,2019.12;2024.6
_D8S8446,2024.5;2024.6
_D8S8487,2018.3;2019.5
_D8S8499,2018.1;2019.5;2024.6
_D8S8508,2019.5;2024.5
_D8S8518,2024.5;2024.6
_D8S8601,2019.5;2024.5
_D8S8609,2019.5;2024.6
_D8S8613,2018.3;2024.5
_D8S8619,2019.12;2024.7
_D8S8680,2018.1;2018.3;2019.5
_D8S8686,2018.3;2019.12
_D8S8689,2018.3;2019.5
_D8S8690,2018.3;2024.7
_D8S8695,2018.3;2024.5;2024.7
_D8S8709,2018.3;2024.6
_D8S8711,2018.3;2024.6
_D8S8714,2018.3;2024.6
_D8S8722,2018.3;2019.12
_D8S8727,2018.3;2024.6
_D8S8729,2018.3;2019.12
_D8S8732,2018.3;2019.12
_D8S8769,2018.3;2021.6
_D8S8775,2019.12;2021.6
_D8S8782,2019.5;2024.5
_D8S8783,2018.3;2019.12
_D8S8803,2018.3;2019.5
_D8S8816,2018.1;2024.7
_D8S8826,2019.5;2024.7
_D8S8828,2024.5;2024.7
_D8S8838,2018.1;2018.3
_D8S8845,2018.1;2019.5
_D8S8886,2018.3;2019.5
_D8S8889,2018.3;2019.5
_D8S8916,2018.3;2019.5;2024.5
_D8S8919,2018.3;2024.6
_D8S8923,2018.3;2024.7
_D8S8935,2018.3;2024.5;2024.7
_D8S8947,2018.3;2021.6
_D8S8950,2024.6;2024.7
_D8S8962,2021.6;2024.5
_D8S8963,2021.6;2024.5
_D8S8969,2021.6;2024.7
_D8S8972,2024.5;2024.6
_D8S8978,2018.3;2024.6
_D8S9006,2018.3;2019.5;2024.6
_D8S9007,2018.3;2024.5
_D8S9010,2024.5;2024.6
_D8S9043,2018.3;2024.5
_D8S9044,2018.3;2024.5
_D8S9045,2018.3;2024.7
_D8S9054,2019.5;2024.6
_D8S9077,2018.3;2024.5
_D8S9081,2018.1;2019.5;2024.7
_D8S9090,2018.3;2021.6;2024.5
_D8S9092,2018.3;2024.7
_D8S9094,2018.3;2024.5
_D8S9099,2024.5;2024.7
_D8S9108,2019.5;2024.7
_D8S9118,2018.3;2024.6
_D8S9122,2018.3;2021.6
_D8S9126,2024.6;2024.7
_D8S9130,2018.3;2024.7
_D8S9134,2018.3;2024.7
_D8S9149,2021.6;2024.5
_D8S9157,2018.3;2024.6
_D8S9158,2018.3;2024.5
_D8S9159,2024.5;2024.6
_D8S9163,2019.5;2024.5
_D8S9188,2018.3;2024.5
_D8S9190,2018.3;2019.5
_D8S9199,2018.3;2019.5
_D8S9205,2018.3;2018.6;2018.7
_D8S9214,2018.6;2018.7
_D8S9220,2018.3;2018.6;2018.7;2019.5
_D8S9226,2018.6;2018.7;2024.5
_D8S9235,2018.1;2018.6;2018.7
_D8S9248,2018.6;2018.7
_D8S9250,2018.3;2018.6;2018.7
_D8S9254,2018.6;2018.7;2024.5
_D8S9256,2018.3;2019.5
_D8S9260,2018.3;2019.5
_D8S9281,2018.3;2024.5
_D8S9285,2021.6;2024.5
_D8S9344,2019.5;2021.6
_D8S9363,2018.6;2018.7;2019.15
_D8S9382,2018.1;2019.15
_D8S9383,2019.15;2021.6;2024.5
_D8S9388,2018.6;2018.7
_D8S9392,2018.6;2018.7
_D8S9402,2019.15;2021.6
_D8S9428,2018.6;2018.7
_D8S9431,2018.6;2018.7
_D8S9435,2018.6;2018.7;2021.6
_D8S9437,2018.6;2018.7
_D8S9438,2018.6;2018.7
_D8S9451,2018.6;2018.7
_D8S9455,2019.15;2024.5
_D8S9469,2018.3;2021.6
_D8S9471,2018.6;2018.7
_D8S9474,2018.6;2018.7
_D8S9480,2018.3;2021.6
_D8S9504,2018.6;2018.7
_D8S9507,2018.6;2018.7;2024.5
_D8S9509,2018.6;2018.7;2024.5
_D8S9530,2018.6;2018.7;2021.6
_D8S9532,2018.3;2019.15
_D8S9541,2019.15;2021.6
_D8S9546,2021.6;2024.5
_D8S9548,2021.6;2024.5
_D8S9558,2018.6;2018.7
_D8S9567,2018.6;2018.7;2024.5
_D8S9568,2018.6;2018.7
_D8S9570,2018.6;2018.7
_D8S9577,2018.1;2018.6;2018.7
_D8S9580,2018.6;2018.7
_D8S9588,2018.6;2018.7;2024.5
_D8S9603,2018.3;2024.5
_D8S9605,2018.6;2018.7
_D8S9616,2018.6;2018.7
_D8S9624,2018.6;2018.7
_D8S9636,2019.15;2024.5
_D8S9662,2018.6;2018.7
_D8S9669,2018.6;2018.7
_D8S9674,2018.6;2018.7
_D8S9690,2018.6;2018.7
_D8S9694,2018.3;2024.5
_D8S9697,2018.6;2018.7
_D8S9716,2018.6;2018.7
_D8S9720,2018.6;2018.7
_D8S9732,2019.15;2024.5
_D8S9738,2018.6;2018.7
_D8S9753,2018.6;2018.7
_D8S9762,2018.6;2018.7
_D8S9785,2018.6;2018.7
_D8S9808,2018.6;2018.7
_D8S9810,2018.6;2018.7;2020
_D8S9824,2018.6;2018.7
_D8S9833,2018.6;2018.7
_D8S9851,2018.6;2018.7
_D8S9855,2018.6;2018.7
_D8S9855-2,2018.6;2018.7
_D8S9863,2018.6;2018.7
_D8S9866,2018.3;2018.6;2018.7
_D8S9871,2018.6;2018.7
_D8S9885,2018.1;2024.5
_D8S9907,2018.3;2018.6;2018.7
_D8S9911,2018.3;2024.5
_D8S9913,2018.6;2018.7
_D8S9917,2021.6;2024.5
_D8S9927,2018.1;2024.5
_D8S9940,2018.3;2024.5
_D8S9944,2021.6;2024.5
_D8S9951,2018.6;2018.7
_D8S9959,2021.6;2024.5
_D8S9967,2018.3;2018.6;2018.7;2021.6;2024.5
_D8S9969,2018.6;2018.7
_D8S9974,2018.6;2018.7
_D8S9976,2018.6;2018.7
_D8S9979,2018.6;2018.7
_D8S9980,2018.6;2018.7
_D8S9982,2018.1;2021.6
_D8S9990,2018.6;2018.7;2024.5
_D8S9998,2018.6;2018.7
_DSC0029,2018.4;2019.1
_DSC0048,2019.2;2019.3
_DSC0055,2019.2;2019.3
_DSC0065,2019.2;2019.3
_DSC0068,2019.2;2019.3
_DSC0083,2019.2;2019.3
_DSC0084,2019.2;2019.3
_DSC0091,2018.3;2019.4
_DSC0170,2018.6;2018.7
_DSC0171,2018.3;2018.6;2018.7
_DSC0178,2018.6;2018.7;2019.4
_DSC0191,2018.5;2018.6;2018.7
_DSC0193,2018.5;2019.4
_DSC0215,2018.6;2018.7
_DSC0217,2018.6;2018.7
_DSC0223,2018.5;2019.4
_DSC0235,2018.5;2019.4
_DSC0245,2018.3;2018.5
_DSC0247,2018.3;2018.5
_DSC0281,2018.3;2019.4
_DSC0301,2018.3;2018.5
_DSC0325,2018.3;2018.5
_DSC0384,2018.3;2019.4
_DSC0531,2018.5;2019.4
_DSC0739,2019.4;2019.5
_DSC0818,2018.3;2018.5
_DSC0879,2018.3;2019.5
_DSC0895,2018.5;2019.5
_DSC0924,2018.3;2018.5
_DSC0944,2018.3;2018.5
_DSC1063,2023.2;2024.1
_DSC1094,2018.5;2024.1
_DSC1114,2023.2;2024.1
_DSC1125,2018.5;2024.1
_DSC1146,2018.5;2024.1
_DSC1150,2018.5;2024.1
_DSC1174,2018.5;2024.1
_DSC1199,2018.5;2024.1
_DSC1221,2018.5;2024.1
_DSC1224,2018.5;2024.1
_DSC1238,2018.5;2024.1
_DSC1667,2018.3;2018.5
_DSC1729,2018.3;2018.7
_DSC1741,2018.5;2018.7
_DSC1765,2018.5;2018.7
_DSC1789,2018.5;2018.7
_DSC1825,2018.5;2018.7
_DSC1848,2018.5;2018.7
_DSC1859,2018.5;2018.7
_DSC1888,2018.5;2018.7
_DSC1907,2018.5;2018.7
_DSC1961,2018.3;2018.7
_DSC1970,2018.5;2018.7
_DSC2022,2018.3;2018.7
_DSC2230,2018.3;2018.5
_DSC2770,2018.3;2018.5
_DSC3090,2018.1;2018.3;2018.5
_DSC3139,2018.1;2018.3
_DSC3260,2018.3;2018.5
_DSC3436,2018.1;2018.5
_DSC3811,2018.6;2018.7
_DSC3815,2018.6;2018.7
_DSC4344,2018.6;2018.7
_DSC4347,2018.6;2018.7
_DSC4353,2018.6;2018.7
_DSC4488,2018.6;2018.7
_DSC4501,2018.6;2018.7
_DSC4506,2018.6;2018.7
_DSC4507,2018.6;2018.7
_DSC4514,2018.6;2018.7
_DSC4563,2018.6;2018.7
_DSC4569,2018.6;2018.7
_DSC4591,2018.6;2018.7
_DSC4595,2018.6;2018.7
_DSC4599,2018.6;2018.7
_DSC4604,2018.6;2018.7
_DSC4605,2018.6;2018.7
_DSC4609,2018.6;2018.7
_DSC4617,2018.6;2018.7
_DSC4661,2018.6;2018.7
_DSC4665,2018.6;2018.7
_DSC4669,2018.6;2018.7
_DSC4672,2018.6;2018.7
_DSC4680,2018.6;2018.7
_DSC4683,2018.6;2018.7
_DSC4687,2018.6;2018.7
_DSC4695,2018.6;2018.7
_DSC4705,2018.6;2018.7
_DSC4706,2018.6;2018.7
_DSC4737,2018.6;2018.7
_DSC4753,2018.6;2018.7
_DSC4759,2018.6;2018.7
_DSC4765,2018.6;2018.7
_DSC4783,2018.6;2018.7
_DSC4783-2,2018.6;2018.7
_DSC4793,2018.6;2018.7
_DSC4795,2018.6;2018.7
_DSC4798,2018.6;2018.7
_DSC4799,2018.6;2018.7
_DSC4801,2018.6;2018.7
_DSC4808,2018.6;2018.7
_DSC4809,2018.6;2018.7
_DSC4813,2018.6;2018.7
_DSC4820,2018.6;2018.7
_DSC4825,2018.6;2018.7
_DSC4828,2018.6;2018.7
_DSC4845,2018.6;2018.7
_DSC4850,2018.6;2018.7
_DSC4896,2018.6;2018.7
_DSC4909,2018.6;2018.7
_DSC4946,2018.6;2018.7
_DSC4974,2018.6;2018.7
_DSC5001,2018.6;2018.7
_DSC5017,2018.6;2018.7
_DSC5030,2018.6;2018.7
_DSC5044,2018.6;2018.7
_DSC5052,2018.6;2018.7
_DSC5065,2018.6;2018.7
_DSC5066,2018.6;2018.7
_DSC5070,2018.6;2018.7
_DSC5074,2018.6;2018.7
_DSC5084,2018.6;2018.7
_DSC5085,2018.6;2018.7
_DSC5089,2018.6;2018.7
_DSC5092,2018.6;2018.7
_DSC5097,2018.6;2018.7
_DSC5112,2018.6;2018.7
_DSC5113,2018.6;2018.7
_DSC5125,2018.6;2018.7
_DSC5134,2018.6;2018.7
_DSC5170,2018.6;2018.7
_DSC5208,2018.6;2018.7
_DSC5265,2018.6;2018.7
_DSC5279,2018.6;2018.7
_DSC5316,2018.6;2018.7
_DSC5421,2018.6;2018.7
_DSC5427,2018.6;2018.7
_DSC5449,2018.6;2018.7
_DSC5469,2018.6;2018.7
_DSC5472,2018.6;2018.7
_DSC5501,2018.6;2018.7
_DSC5504,2018.6;2018.7
_DSC5513,2018.6;2018.7
_DSC5534,2018.6;2018.7
_DSC5539,2018.6;2018.7
_DSC5551,2018.6;2018.7
_DSC5556,2018.6;2018.7
_DSC5577,2018.6;2018.7
_DSC5595,2018.6;2018.7
_DSC5640,2018.6;2018.7
_DSC5671,2018.6;2018.7
_DSC5684,2018.6;2018.7
_DSC5690,2018.6;2018.7
_DSC5698,2018.6;2018.7
_DSC5740,2018.6;2018.7
_DSC5742,2018.6;2018.7
_DSC5746,2018.6;2018.7
_DSC5750,2018.6;2018.7
_DSC5765,2018.6;2018.7
_DSC5770,2018.6;2018.7
_DSC5798,2018.6;2018.7
_DSC5832,2018.6;2018.7
_DSC5869,2018.6;2018.7
_DSC5875,2018.6;2018.7
_DSC5894,2018.6;2018.7
_DSC5896,2018.6;2018.7
_DSC5907,2018.6;2018.7
_DSC5920,2018.6;2018.7
_DSC5934,2018.6;2018.7
_DSC5952,2018.6;2018.7
_DSC5954,2018.6;2018.7
_DSC5964,2018.6;2018.7
_DSC6048,2018.6;2018.7
_DSC6073,2018.6;2018.7
_DSC6138,2018.6;2018.7
_DSC6352,2018.6;2018.7
_DSC6360,2018.6;2018.7
_DSC6400,2018.6;2018.7
_DSC6403,2018.6;2018.7
_DSC6409,2018.6;2018.7
_DSC6432,2018.6;2018.7
_DSC6449,2018.6;2018.7
_DSC6471,2018.6;2018.7
_DSC6476,2018.6;2018.7
_DSC6480,2018.6;2018.7
_DSC6488,2018.6;2018.7
_DSC6515,2018.6;2018.7
_DSC6519,2018.6;2018.7
_DSC6522,2019.12;2019.13
_DSC6528,2018.6;2018.7;2019.13
_DSC6534,2018.6;2018.7
_DSC6551,2019.12;2019.13
_DSC6570,2018.6;2018.7
_DSC6639,2018.6;2018.7
_DSC6720,2018.6;2018.7
_DSC6741,2018.6;2018.7
_DSC6815,2019.12;2019.13
_DSC6891,2018.6;2018.7
_DSC6903,2018.6;2018.7
_DSC6970,2019.13;2020
_DSC7017,2019.14;2019.15
_DSC7018,2019.14;2019.15
_DSC7019,2018.6;2018.7;2019.14;2019.15
_DSC7020,2019.15;2020
_DSC7031,2019.15;2020
_DSC7035,2019.15;2020
_DSC7038,2019.15;2020
_DSC7044,2019.15;2020
_DSC7090,2018.6;2018.7
_DSC7098,2019.15;2020
_DSC7110,2018.6;2018.7;2019.15
_DSC7114,2019.15;2020
_DSC7149,2018.6;2018.7
_DSC7154,2019.15;2020
_DSC7164,2019.15;2020
_DSC7199,2018.6;2018.7
_DSC7222,2018.6;2018.7
_DSC7293,2018.6;2018.7
_DSC7307,2018.6;2018.7;2024.5
_DSC7372,2019.15;2024.5
_DSC7377,2019.15;2024.5
_DSC7402,2018.6;2018.7;2019.15;2024.5
_DSC7425,2019.15;2024.5
_DSC7441,2018.6;2018.7;2019.15
_DSC7443,2018.6;2018.7;2024.5
_DSC7454,2018.6;2018.7
_DSC7485,2018.6;2018.7
_DSC7494,2019.15;2024.5
_DSC7496,2019.15;2024.5
_DSC7545,2018.6;2018.7
_DSC8084,2019.15;2024.5
_DSC8093,2019.15;2024.5
_DSC8206,2019.15;2024.5
_DSC8364,2019.15;2024.5
_DSC8367,2019.15;2024.5
_DSC8377,2019.15;2024.5
_DSC8384,2019.14;2019.15
_DSC8416,2019.15;2024.5
_DSC8418,2019.15;2024.5
_DSC8427,2019.15;2024.5
_V9A0025,2021.1;2021.6;2022
_V9A0111,2021.6;2022
_V9A0122,2021.6;2022
_V9A0189,2021.4;2021.6
_V9A0229,2021.1;2021.2
_V9A0410,2021.6;2022
_V9A0548,2020;2021.2
_V9A0709,2020;2021.4
_V9A0732,2021.4;2022
_V9A0734,2021.2;2021.4;2022
_V9A0738,2021.4;2022
_V9A0744,2021.4;2022
_V9A0757,2021.4;2022
_V9A0771,2021.4;2022
_V9A0781,2021.2;2021.4
_V9A0789,2021.4;2022
_V9A0828,2021.2;2021.4
_V9A0864,2020;2022
_V9A0962,2020;2021.4
_V9A0966,2020;2022
_V9A1229,2021.4;2024.2
_V9A1232,2021.4;2024.2
_V9A1330,2021.2;2024.2
_V9A1337,2021.3;2024.2
_V9A1354,2021.2;2021.3
_V9A1367,2021.3;2024.2
_V9A1370,2021.2;2024.2
_V9A1373,2021.2;2024.2
_V9A1381,2021.2;2021.3
_V9A1395,2021.2;2021.3
_V9A1399,2021.2;2021.3
_V9A1404,2021.2;2024.2
_V9A1405,2021.3;2024.2
_V9A1408,2021.2;2024.2
_V9A1409,2021.2;2021.3
_V9A1414,2021.2;2024.2
_V9A1417,2021.2;2021.3
_V9A1420,2021.2;2021.3
_V9A1424,2021.2;2024.2
_V9A1433,2021.2;2021.3
_V9A1434,2021.3;2024.2
_V9A1439,2021.2;2021.3
_V9A1444,2021.2;2021.3
_V9A1518,2021.2;2024.2
_V9A1522,2020;2021.3
_V9A1527,2020;2021.2
_V9A1529,2020;2024.2
_V9A1535,2021.2;2024.2
_V9A1551,2021.2;2021.3
_V9A1573,2021.2;2024.2
_V9A1578,2020;2021.2
_V9A1613,2020;2021.2
_V9A1659,2020;2021.4
_V9A1695,2020;2021.4
_V9A1701,2021.2;2021.4
_V9A1764,2020;2021.4
_V9A1777,2020;2021.2
_V9A1786,2021.2;2024.2
_V9A1787,2020;2024.2
_V9A1788,2020;2024.2
_V9A1792,2020;2021.2
_V9A1793,2020;2024.2
_V9A1794,2020;2024.2
_V9A1797,2020;2024.2
_V9A1847,2021.4;2024.2
_V9A1851,2021.4;2024.2
_V9A1856,2021.4;2024.2
_V9A1859,2021.4;2024.3
_V9A1870,2021.4;2024.3
_V9A1871,2021.4;2024.3
_V9A1876,2021.4;2024.3
_V9A1882,2020;2021.4;2024.3
_V9A2026,2021.3;2024.4
_V9A2065,2021.3;2024.4
_V9A2078,2021.3;2024.4
_V9A2664,2020;2021.4
_V9A2806,2021.4;2025.2
_V9A3070,2021.2;2025.2
_V9A3090,2021.2;2025.2
_V9A3192,2021.5;2025.2
_V9A3202,2021.2;2025.2
_V9A3214,2021.5;2025.2
_V9A3234,2021.2;2025.2
_V9A3241,2021.5;2025.2
_V9A3278,2021.2;2021.5
_V9A3334,2021.2;2025.2
_V9A3350,2021.2;2025.2
_V9A3382,2021.5;2021.6
_V9A3383,2021.2;2021.5
_V9A3395,2021.5;2025.2
_V9A3399,2021.2;2025.2
_V9A3451,2021.6;2025.2
_V9A3476,2021.2;2025.2
_V9A3480,2020;2025.2
_V9A3484,2021.6;2025.2
_V9A3496,2021.2;2025.2
_V9A3512,2021.5;2025.2
_V9A3538,2021.2;2025.2
_V9A3579,2021.6;2025.4
_V9A3589,2021.6;2025.4
_V9A3619,2021.5;2025.4
_V9A3628,2020;2021.2
_V9A3796,2021.2;2021.5
_V9A4087,2021.5;2021.6
_V9A4240,2021.2;2021.5
_V9A4562,2021.2;2021.3
_V9A4593,2021.2;2021.3
_V9A4596,2021.3;2021.5
_V9A4604,2021.2;2021.3
_V9A4648,2021.2;2021.5
_V9A4649,2021.5;2021.6
_V9A4703,2021.3;2021.5
_V9A5171,2021.2;2021.3
_V9A5229,2021.2;2022
_V9A5243,2021.2;2021.3
_V9A5320,2021.2;2021.3
_V9A5869,2021.3;2022
_V9A5871,2020;2021.3
_V9A6527,2021.3;2021.5
_V9A6551,2021.3;2021.5
_V9A6568,2020;2021.3
_V9A6814,2020;2021.2
_V9A6854,2021.2;2021.4
_V9A7059,2021.2;2021.4
_V9A7144,2020;2021.2
_V9A7154,2020;2021.2
_V9A7157,2021.2;2021.6
_V9A7162,2020;2021.2;2022
_V9A7165,2021.2;2022
_V9A7173,2021.2;2021.6
_V9A7179,2020;2021.2
_V9A7185,2021.2;2021.6;2022
_V9A7201,2021.4;2021.6
_V9A7221,2020;2021.2
_V9A7241,2021.2;2022
_V9A7242,2020;2021.2
_V9A7243,2021.2;2022
_V9A7245,2020;2021.2
_V9A7248,2020;2021.2
_V9A7249,2021.2;2021.6
_V9A7250,2020;2022
_V9A7254,2020;2021.2
_V9A7256,2020;2021.2
_V9A7258,2021.2;2022
_V9A7262,2020;2021.2;2021.4
_V9A7264,2021.2;2022
_V9A7268,2021.2;2022
_V9A7270,2020;2021.6
_V9A7274,2020;2021.2
_V9A7280,2020;2021.2;2022
_V9A7282,2020;2021.2;2021.6
_V9A7284,2021.2;2022
_V9A7293,2021.2;2021.4
_V9A7303,2021.2;2022
_V9A7309,2021.2;2022
_V9A7310,2020;2021.2
_V9A7312,2020;2021.2
_V9A7318,2021.2;2021.4
_V9A7319,2021.2;2022
_V9A7323,2021.2;2022
_V9A7329,2020;2021.4;2022
_V9A7333,2021.2;2021.6
_V9A7337,2021.2;2021.4;2022
_V9A7338,2020;2021.2
_V9A7339,2021.2;2022
_V9A7348,2021.2;2022
_V9A7354,2021.2;2021.6
_V9A7367,2020;2021.2
_V9A7370,2020;2021.2;2021.6
_V9A7372,2020;2021.2
_V9A7375,2021.2;2021.4
_V9A7377,2020;2021.2
_V9A7382,2020;2021.2;2021.4
_V9A7386,2020;2021.2;2021.6
_V9A7401,2020;2021.2
_V9A7410,2020;2021.2
_V9A7412,2021.2;2021.6
_V9A7424,2020;2021.2
_V9A7437,2021.2;2022
_V9A7438,2020;2021.2
_V9A7440,2020;2021.2
_V9A7444,2020;2021.2;2022
_V9A7455,2021.2;2022
_V9A7459,2020;2022
_V9A7469,2021.2;2022
_V9A7472,2020;2021.2;2022
_V9A7474,2021.2;2022
_V9A7475,2021.2;2022
_V9A7479,2021.2;2022
_V9A7516,2020;2021.4
_V9A7522,2021.2;2022
_V9A7526,2020;2021.2
_V9A7554,2021.6;2022
_V9A7567,2020;2021.4;2022
_V9A7571,2020;2021.4
_V9A7574,2020;2021.2;2021.4
_V9A7601,2021.2;2021.6
_V9A7603,2021.2;2022
_V9A7619,2021.6;2022
_V9A7622,2020;2021.2
_V9A7623,2020;2021.2
_V9A7664,2021.2;2021.4
_V9A7698,2020;2021.2
_V9A7705,2021.2;2021.6
_V9A7706,2021.2;2021.6
_V9A7708,2021.2;2021.6;2022
_V9A7717,2020;2021.2
_V9A7720,2020;2021.2
_V9A7723,2021.2;2021.6
_V9A7737,2020;2021.6
_V9A7738,2020;2021.2
_V9A7747,2021.2;2021.4
_V9A7749,2020;2021.2
_V9A7753,2020;2021.2
_V9A7755,2020;2021.2
_V9A7761,2020;2021.2
_V9A7770,2020;2021.2
_V9A7775,2021.2;2021.6
_V9A7776,2021.2;2021.6
_V9A7778,2020;2021.2
_V9A7811,2020;2022
_V9A7834,2021.6;2022
_V9A7841,2020;2021.6
_V9A7849,2020;2021.2
_V9A7862,2020;2021.2;2021.6
_V9A7881,2020;2021.2
_V9A7906,2020;2021.4
_V9A7916,2020;2021.6
_V9A7944,2020;2021.2
_V9A7945,2020;2021.6
_V9A7956,2020;2021.2
_V9A7959,2020;2021.2
_V9A7969,2020;2022
_V9A7970,2020;2022
_V9A7978,2020;2021.2
_V9A7990,2020;2021.2;2021.4
_V9A7995,2020;2021.2
_V9A8000,2020;2021.6
_V9A8047,2020;2021.2
_V9A8129,2020;2021.2
_V9A8130,2020;2021.4
_V9A8131,2020;2021.2;2021.4
_V9A8134,2020;2021.2
_V9A8139,2020;2021.2
_V9A8144,2020;2021.2
_V9A8147,2020;2021.2
_V9A8149,2020;2021.2
_V9A8162,2020;2021.2
_V9A8165,2020;2021.2
_V9A8176,2020;2021.2
_V9A8177,2021.2;2021.4
_V9A8181,2020;2021.2
_V9A8182,2020;2021.2
_V9A8184,2021.2;2022
_V9A8207,2020;2021.2
_V9A8378,2021.4;2021.6
_V9A8390,2021.4;2022
_V9A8480,2021.2;2021.4
_V9A8518,2021.4;2021.6
_V9A8543,2021.2;2021.6
_V9A8577,2021.2;2021.4
_V9A8740,2021.1;2021.2
_V9A8750,2021.1;2021.6
_V9A8811,2021.2;2021.6
_V9A8844,2021.1;2022
_V9A8918,2021.1;2021.4
_V9A8965,2021.1;2022
_V9A9004,2021.1;2021.2
_V9A9007,2021.1;2021.6
_V9A9073,2021.1;2022
_V9A9092,2021.1;2021.6
_V9A9128,2021.1;2021.6
_V9A9220,2021.2;2022
_V9A9233,2021.1;2022
_V9A9236,2021.1;2021.6
_V9A9268,2021.2;2021.6
_V9A9271,2021.2;2021.6
_V9A9325,2021.1;2021.2
_V9A9374,2021.1;2021.6
_V9A9382,2021.2;2021.6
_V9A9486,2021.1;2021.2
_V9A9513,2021.1;2021.4
_V9A9620,2021.4;2022
_V9A9743,2021.4;2021.6
_V9A9897,2021.2;2021.4
_V9A9909,2021.2;2021.6
_Z9C0003,2024.5;2024.7
_Z9C0021,2025.1;2025.4
_Z9C0024,2024.2;2025.2
_Z9C0028,2024.5;2025.4
_Z9C0040,2025.1;2025.2
_Z9C0044,2025.3;2025.4
_Z9C0045,2024.2;2025.1
_Z9C0047,2024.2;2024.7;2025.3
_Z9C0053,2024.5;2025.2
_Z9C0061,2024.5;2025.1
_Z9C0065,2024.5;2025.3
_Z9C0068,2024.5;2025.1
_Z9C0079,2024.7;2025.2
_Z9C0080,2024.5;2025.1
_Z9C0095,2024.5;2024.7
_Z9C0104,2024.7;2025.1
_Z9C0128,2024.5;2025.1
_Z9C0134,2024.5;2025.2
_Z9C0156,2024.5;2024.7
_Z9C0161,2024.2;2024.5;2025.1;2025.2
_Z9C0170,2024.2;2024.5
_Z9C0172,2022;2024.7
_Z9C0178,2022;2024.5;2024.7
_Z9C0179,2024.5;2025.1
_Z9C0180,2024.7;2025.2
_Z9C0185,2022;2024.5;2025.1
_Z9C0188,2022;2024.5
_Z9C0193,2022;2025.2
_Z9C0199,2024.5;2025.1
_Z9C0205,2022;2024.5
_Z9C0208,2024.5;2025.1
_Z9C0210,2024.5;2025.2
_Z9C0218,2024.5;2025.2
_Z9C0221,2024.5;2024.7
_Z9C0225,2024.5;2025.1
_Z9C0228,2022;2024.5
_Z9C0245,2022;2024.5;2025.1
_Z9C0251,2022;2024.5
_Z9C0252,2022;2024.5;2025.1
_Z9C0256,2022;2025.2
_Z9C0259,2022;2024.5
_Z9C0260,2022;2024.5
_Z9C0261,2022;2024.5
_Z9C0262,2022;2024.5;2024.7
_Z9C0263,2022;2024.5;2025.1
_Z9C0269,2024.5;2025.1;2025.2
_Z9C0275,2024.5;2024.7;2025.1
_Z9C0279,2024.5;2025.1
_Z9C0285,2024.5;2024.7
_Z9C0289,2024.5;2025.1
_Z9C0291,2025.1;2025.2
_Z9C0333,2024.5;2025.2
_Z9C0336,2024.2;2025.1
_Z9C0337,2024.5;2024.7
_Z9C0345,2024.7;2025.1
_Z9C0347,2024.7;2025.1
_Z9C0399,2024.7;2025.2
_Z9C0411,2024.8;2025.2
_Z9C0444,2024.5;2025.2
_Z9C0479,2025.2;2025.3
_Z9C0487,2024.5;2025.2
_Z9C0529,2024.2;2025.4
_Z9C0597,2025.1;2025.2;2025.4
_Z9C0616,2024.2;2025.1
_Z9C0625,2025.2;2025.4
_Z9C0628,2025.2;2025.4
_Z9C0640,2025.1;2025.2
_Z9C0693,2024.5;2025.1
_Z9C0770,2024.2;2025.2
_Z9C0775,2025.2;2025.4
_Z9C0780,2024.2;2025.2
_Z9C0794,2024.5;2025.2
_Z9C0795,2024.5;2025.2
_Z9C0801,2024.2;2024.5
_Z9C0819,2025.2;2025.3
_Z9C0824,2024.2;2025.2
_Z9C0826,2024.2;2025.1;2025.2
_Z9C0830,2024.2;2025.2
_Z9C0833,2025.1;2025.4
_Z9C0846,2023.1;2025.1
_Z9C0855,2023.1;2025.2
_Z9C0871,2023.1;2024.2
_Z9C0894,2024.2;2025.2
_Z9C0896,2025.1;2025.2
_Z9C0908,2025.3;2025.4
_Z9C0917,2023.1;2025.1
_Z9C0925,2024.2;2025.3
_Z9C0931,2023.1;2025.2
_Z9C0934,2025.1;2025.2
_Z9C0939,2025.2;2025.3
_Z9C0942,2025.1;2025.3
_Z9C0949,2023.1;2025.2
_Z9C0952,2023.1;2025.2;2025.3
_Z9C0960,2023.1;2025.3
_Z9C0963,2023.1;2025.2
_Z9C0965,2023.1;2025.3
_Z9C0966,2025.2;2025.4
_Z9C0968,2023.1;2025.2
_Z9C0969,2023.1;2025.3
_Z9C0970,2025.1;2025.2
_Z9C0974,2025.2;2025.3
_Z9C0977,2023.1;2025.1
_Z9C0982,2023.1;2025.3
_Z9C0983,2023.1;2025.2
_Z9C0984,2023.1;2025.3
_Z9C0987,2023.1;2025.3
_Z9C0989,2025.1;2025.2;2025.3
_Z9C0995,2023.1;2025.2
_Z9C0996,2023.1;2025.2
_Z9C0998,2023.1;2024.2
_Z9C1001,2025.1;2025.2
_Z9C1006,2023.1;2025.1
_Z9C1018,2023.1;2025.1
_Z9C1021,2024.8;2025.1
_Z9C1023,2023.1;2025.2
_Z9C1025,2023.1;2025.1
_Z9C1026,2023.1;2024.2
_Z9C1035,2025.1;2025.2
_Z9C1049,2024.2;2025.4
_Z9C1054,2025.2;2025.4
_Z9C1056,2024.8;2025.2
_Z9C1061,2023.1;2025.1;2025.2
_Z9C1067,2023.1;2024.2
_Z9C1072,2023.1;2025.1
_Z9C1076,2024.5;2024.8;2025.1
_Z9C1078,2023.1;2024.2
_Z9C1081,2023.1;2025.2
_Z9C1084,2023.1;2024.5
_Z9C1087,2023.1;2025.2
_Z9C1101,2024.5;2025.1
_Z9C1105,2025.1;2025.4
_Z9C1106,2024.2;2024.5;2025.2
_Z9C1107,2025.2;2025.4
_Z9C1135,2023.1;2025.2;2025.4
_Z9C1157,2023.1;2025.1
_Z9C1161,2023.1;2025.4
_Z9C1166,2022;2025.4
_Z9C1175,2023.1;2025.4
_Z9C1183,2023.1;2024.2;2025.4
_Z9C1195,2022;2024.2
_Z9C1220,2023.1;2025.4
_Z9C1223,2025.1;2025.2
_Z9C1240,2023.1;2024.2;2025.1
_Z9C1244,2024.8;2025.1
_Z9C1252,2023.1;2025.1;2025.4
_Z9C1253,2023.1;2024.5;2025.4
_Z9C1256,2023.1;2025.2
_Z9C1268,2023.1;2025.4
_Z9C1272,2024.2;2025.2
_Z9C1273,2023.1;2025.4
_Z9C1283,2022;2023.1
_Z9C1284,2023.1;2025.2
_Z9C1285,2023.1;2025.1
_Z9C1321,2024.2;2025.2
_Z9C1372,2023.1;2024.2;2024.5
_Z9C1379,2023.1;2024.2;2025.4
_Z9C1384,2025.1;2025.4
_Z9C1386,2023.1;2025.4
_Z9C1389,2023.1;2025.4
_Z9C1395,2023.1;2025.4
_Z9C1415,2023.1;2025.4
_Z9C1416,2023.1;2025.4
_Z9C1420,2025.1;2025.4
_Z9C1424,2023.1;2025.4
_Z9C1425,2024.5;2025.1
_Z9C1453,2025.1;2025.4
_Z9C1466,2023.1;2025.1
_Z9C1467,2023.1;2025.4
_Z9C1468,2023.1;2025.4
_Z9C1469,2023.1;2025.4
_Z9C1470,2023.1;2025.4
_Z9C1472,2023.1;2025.4
_Z9C1473,2023.1;2025.4
_Z9C1497,2023.1;2025.4
_Z9C1522,2023.1;2024.2
_Z9C1524,2023.1;2025.4
_Z9C1531,2023.1;2025.4
_Z9C1543,2023.1;2025.4
_Z9C1548,2023.1;2025.4
_Z9C1612,2023.1;2024.2
_Z9C1625,2023.1;2025.4
_Z9C1626,2023.1;2024.2
_Z9C1633,2023.1;2025.4
_Z9C1661,2023.1;2025.4
_Z9C1674,2025.2;2025.4
_Z9C1676,2025.1;2025.2
_Z9C1685,2024.2;2025.1;2025.2
_Z9C1706,2022;2025.1;2025.4
_Z9C1712,2023.1;2025.1
_Z9C1730,2023.1;2025.4
_Z9C1733,2023.1;2025.4
_Z9C1737,2023.1;2025.1;2025.2
_Z9C1857,2023.1;2025.2
_Z9C1902,2022;2023.1
_Z9C1922,2022;2025.2
_Z9C1944,2023.1;2025.2
_Z9C1945,2023.1;2024.2;2024.5
_Z9C1970,2022;2023.1
_Z9C1977,2023.1;2025.2
_Z9C2026,2022;2023.1
_Z9C2035,2022;2025.2
_Z9C2041,2023.1;2024.5
_Z9C2076,2025.1;2025.4
_Z9C2079,2024.2;2024.8
_Z9C2089,2024.5;2025.1;2025.4
_Z9C2093,2025.1;2025.4
_Z9C2109,2024.5;2024.8
_Z9C2110,2024.5;2024.8;2025.1
_Z9C2114,2022;2024.2
_Z9C2118,2024.2;2025.1
_Z9C2123,2024.5;2025.1
_Z9C2127,2023.1;2025.1
_Z9C2131,2022;2025.1
_Z9C2142,2024.2;2024.5
_Z9C2163,2022;2023.1
_Z9C2165,2022;2024.8
_Z9C2176,2022;2024.5
_Z9C2179,2023.1;2024.5
_Z9C2185,2022;2024.5
_Z9C2188,2024.5;2025.4
_Z9C2192,2024.5;2025.4
_Z9C2198,2022;2024.5
_Z9C2203,2024.5;2025.4
_Z9C2204,2024.2;2024.5
_Z9C2213,2023.1;2024.5
_Z9C2241,2024.2;2024.5
_Z9C2261,2024.2;2024.5;2025.4
_Z9C2273,2023.1;2024.5
_Z9C2274,2022;2024.5
_Z9C2280,2023.1;2024.5
_Z9C2282,2022;2023.1
_Z9C2284,2023.1;2024.5
_Z9C2322,2023.1;2024.2
_Z9C2325,2023.1;2024.5
_Z9C2337,2023.1;2024.5
_Z9C2344,2023.1;2024.5
_Z9C2363,2022;2023.1
_Z9C2378,2024.5;2025.4
_Z9C2384,2024.5;2025.4
_Z9C2391,2024.8;2025.4
_Z9C2400,2024.5;2025.1
_Z9C2403,2024.5;2025.4
_Z9C2411,2022;2025.1
_Z9C2425,2024.5;2024.8
_Z9C2462,2024.5;2025.2
_Z9C2470,2024.5;2025.4
_Z9C2487,2024.5;2025.1
_Z9C2492,2022;2023.1;2024.5
_Z9C2530,2024.5;2025.4
_Z9C2541,2022;2024.8;2025.4
_Z9C2547,2024.5;2025.4
_Z9C2550,2022;2024.5;2025.4
_Z9C2554,2022;2023.1;2024.5
_Z9C2617,2025.2;2025.4
_Z9C2618,2024.2;2024.5
_Z9C2620,2024.2;2025.1
_Z9C2623,2024.2;2024.5
_Z9C2640,2022;2024.5
_Z9C2641,2024.5;2025.4
_Z9C2666,2024.5;2025.1
_Z9C2668,2024.5;2025.1
_Z9C2715,2023.1;2024.5
_Z9C2717,2024.5;2025.1
_Z9C2720,2024.5;2025.1
_Z9C2729,2024.5;2025.1
_Z9C2734,2023.1;2024.5
_Z9C2743,2024.2;2025.1
_Z9C2756,2023.1;2024.8;2025.1
_Z9C2764,2024.8;2025.1
_Z9C2770,2023.1;2025.1
_Z9C2772,2023.1;2024.8
_Z9C2774,2023.1;2025.1
_Z9C2775,2023.1;2025.1
_Z9C2779,2023.1;2024.2;2024.8
_Z9C2782,2023.1;2025.1
_Z9C2796,2022;2025.1
_Z9C2800,2022;2023.1
_Z9C2801,2023.1;2025.1
_Z9C2802,2022;2023.1;2024.8
_Z9C2807,2023.1;2024.2
_Z9C2817,2023.1;2025.1
_Z9C2830,2024.8;2025.1
_Z9C2837,2024.2;2025.1
_Z9C2839,2024.8;2025.1
_Z9C2840,2024.5;2025.1
_Z9C2843,2023.1;2024.8
_Z9C2845,2024.5;2025.1
_Z9C2851,2023.1;2024.5
_Z9C2861,2023.1;2024.5
_Z9C2862,2023.1;2025.1
_Z9C2881,2023.1;2025.1
_Z9C2885,2023.1;2024.5
_Z9C2895,2023.1;2025.1
_Z9C2907,2023.1;2025.1
_Z9C2953,2024.2;2024.5;2025.1
_Z9C2955,2022;2025.1
_Z9C2998,2022;2024.8;2025.1
_Z9C3001,2025.1;2025.2
_Z9C3017,2023.1;2024.2
_Z9C3071,2023.1;2025.2
_Z9C3084,2024.5;2025.1
_Z9C3089,2024.5;2025.1
_Z9C3094,2023.1;2024.5
_Z9C3105,2023.1;2025.1
_Z9C3106,2024.5;2025.2
_Z9C3112,2023.1;2024.5
_Z9C3114,2024.5;2024.8
_Z9C3117,2024.5;2025.2
_Z9C3123,2024.5;2025.1
_Z9C3124,2024.2;2025.1;2025.2
_Z9C3130,2025.1;2025.2
_Z9C3139,2024.5;2025.1
_Z9C3151,2024.5;2025.2
_Z9C3155,2023.1;2025.1
_Z9C3157,2023.1;2025.1
_Z9C3171,2023.1;2025.1
_Z9C3182,2024.2;2025.2
_Z9C3190,2024.5;2024.8
_Z9C3203,2024.5;2025.2
_Z9C3208,2024.5;2025.2
_Z9C3225,2024.2;2025.2
_Z9C3227,2024.2;2025.2
_Z9C3234,2025.1;2025.2
_Z9C3236,2025.1;2025.2
_Z9C3259,2023.1;2025.2
_Z9C3268,2025.1;2025.2
_Z9C3269,2024.5;2024.8
_Z9C3271,2025.1;2025.2
_Z9C3281,2024.8;2025.2
_Z9C3287,2024.2;2025.1;2025.2
_Z9C3319,2024.2;2025.1
_Z9C3343,2024.2;2024.5
_Z9C3344,2024.5;2025.1
_Z9C3347,2024.5;2024.8
_Z9C3369,2024.2;2024.5
_Z9C3382,2023.1;2024.5
_Z9C3390,2024.5;2025.1
_Z9C3414,2024.5;2024.8
_Z9C3417,2023.1;2025.1
_Z9C3420,2024.5;2025.1
_Z9C3428,2024.2;2024.5
_Z9C3444,2024.2;2024.5
_Z9C3457,2024.2;2024.5
_Z9C3459,2024.8;2025.2
_Z9C3474,2024.5;2024.8
_Z9C3482,2024.2;2024.5
_Z9C3506,2024.5;2024.8;2025.2
_Z9C3511,2024.5;2024.8;2025.1
_Z9C3529,2024.5;2025.1;2025.2
_Z9C3532,2023.1;2024.2
_Z9C3545,2024.5;2025.1
_Z9C3549,2023.1;2025.1
_Z9C3561,2023.1;2025.1
_Z9C3564,2023.1;2024.2;2025.1
_Z9C3581,2023.1;2024.5
_Z9C3590,2023.1;2025.1
_Z9C3599,2023.1;2024.5
_Z9C3612,2023.1;2025.1
_Z9C3664,2023.2;2025.1
_Z9C3725,2024.5;2025.1
_Z9C4039,2024.2;2024.5
_Z9C4062,2024.2;2024.5
_Z9C4152,2024.5;2025.1
_Z9C4187,2024.5;2025.1
_Z9C4258,2023.2;2024.2
_Z9C4276,2023.2;2024.5
_Z9C4277,2023.2;2025.1
_Z9C4281,2023.2;2024.5;2025.1
_Z9C4282,2023.2;2024.2
_Z9C4284,2024.5;2025.1
_Z9C4285,2023.2;2024.2
_Z9C4288,2023.2;2024.5;2025.2
_Z9C4291,2023.2;2024.2;2024.5;2025.1
_Z9C4298,2023.2;2025.1
_Z9C4300,2023.2;2024.5;2025.2
_Z9C4302,2024.5;2025.2
_Z9C4308,2023.2;2025.2
_Z9C4316,2023.2;2024.2;2025.2
_Z9C4321,2023.2;2024.2
_Z9C4331,2023.2;2024.5
_Z9C4336,2024.2;2025.1
_Z9C4337,2024.2;2025.1
_Z9C4339,2025.1;2025.2
_Z9C4343,2024.2;2025.1;2025.2
_Z9C4344,2023.2;2025.1
_Z9C4345,2024.2;2025.1
_Z9C4348,2023.2;2025.1
_Z9C4350,2024.2;2025.1
_Z9C4353,2024.2;2025.1
_Z9C4357,2023.2;2024.2
_Z9C4365,2023.2;2025.1
_Z9C4371,2023.2;2024.2;2025.1;2025.2
_Z9C4383,2023.2;2025.1
_Z9C4461,2024.5;2025.2
_Z9C4463,2024.2;2024.5
_Z9C4531,2024.2;2024.5
_Z9C4555,2024.1;2024.2
_Z9C4606,2024.5;2025.2
_Z9C4610,2024.1;2024.2;2025.2
_Z9C4618,2024.2;2024.5
_Z9C4620,2024.1;2024.2;2025.2
_Z9C4623,2024.2;2025.2
_Z9C4647,2024.2;2025.2
_Z9C4651,2024.2;2024.5
_Z9C4659,2024.2;2025.2
_Z9C4660,2024.1;2024.2
_Z9C4664,2024.2;2024.5;2025.2
_Z9C4668,2024.2;2024.5
_Z9C4670,2024.2;2025.2
_Z9C4672,2024.5;2025.2
_Z9C4687,2024.5;2025.2
_Z9C4692,2024.2;2024.5
_Z9C4699,2024.2;2025.2
_Z9C4700,2024.1;2024.2;2025.2
_Z9C4706,2024.5;2025.2
_Z9C4709,2024.2;2025.2
_Z9C4713,2024.2;2025.2
_Z9C4717,2024.1;2025.2
_Z9C4719,2024.1;2025.2
_Z9C4720,2024.1;2025.2
_Z9C4721,2024.1;2025.2
_Z9C4724,2024.2;2024.5;2025.2
_Z9C4727,2024.5;2025.2
_Z9C4731,2024.1;2025.2
_Z9C4733,2024.2;2024.5;2025.2
_Z9C4745,2024.1;2025.2
_Z9C4747,2024.1;2024.5
_Z9C4754,2024.2;2025.2
_Z9C4783,2024.2;2024.5;2025.2
_Z9C4793,2024.5;2025.2
_Z9C4807,2024.2;2024.5
_Z9C4808,2024.1;2024.2
_Z9C4823,2024.5;2025.2
_Z9C4824,2024.1;2024.2;2025.2
_Z9C4826,2024.2;2025.2
_Z9C4856,2024.2;2025.2
_Z9C4857,2024.1;2024.2
_Z9C4859,2024.1;2024.2
_Z9C4861,2024.2;2024.5
_Z9C4865,2024.2;2025.2
_Z9C4867,2024.2;2025.2
_Z9C4868,2024.2;2025.2
_Z9C4880,2024.5;2025.2
_Z9C4887,2024.2;2025.2
_Z9C4890,2024.2;2024.5
_Z9C4892,2024.1;2024.2
_Z9C4898,2024.2;2024.5
_Z9C4901,2024.2;2025.2
_Z9C4905,2024.1;2024.2
_Z9C4915,2024.1;2024.2
_Z9C4937,2024.1;2025.2
_Z9C4965,2024.2;2024.5
_Z9C4977,2024.2;2024.5
_Z9C4979,2024.5;2025.2
_Z9C4981,2024.1;2025.2
_Z9C4982,2024.2;2025.2
_Z9C4983,2024.5;2025.2
_Z9C4991,2024.2;2025.2
_Z9C5022,2024.1;2025.2
_Z9C5025,2024.5;2025.2
_Z9C5059,2024.2;2025.2
_Z9C5065,2024.1;2024.2;2025.2
_Z9C5066,2024.2;2025.2
_Z9C5077,2024.2;2025.2
_Z9C5078,2024.5;2025.2
_Z9C5100,2024.2;2024.5
_Z9C5140,2024.1;2024.5
_Z9C5161,2024.1;2024.5;2025.2
_Z9C5177,2024.1;2024.2
_Z9C5193,2024.1;2024.2
_Z9C5211,2024.2;2024.5
_Z9C5237,2024.2;2025.2
_Z9C5240,2024.1;2025.2
_Z9C5242,2024.2;2024.5
_Z9C5272,2024.2;2025.2
_Z9C5346,2024.1;2025.2
_Z9C5354,2024.2;2025.2
_Z9C5355,2024.2;2025.2
_Z9C5395,2024.1;2024.2
_Z9C5401,2024.2;2025.2
_Z9C5410,2024.2;2025.2
_Z9C5419,2024.1;2024.2
_Z9C5430,2024.2;2024.5;2025.2
_Z9C5442,2024.5;2025.2
_Z9C5450,2024.1;2024.5
_Z9C5451,2024.2;2024.5
_Z9C5453,2024.2;2024.5
_Z9C5456,2024.2;2025.2
_Z9C5457,2024.5;2025.2
_Z9C5461,2024.2;2024.5
_Z9C5467,2024.5;2025.2
_Z9C5476,2024.2;2025.2
_Z9C5492,2024.1;2025.2
_Z9C5497,2024.2;2024.5
_Z9C5505,2024.2;2025.2
_Z9C5517,2024.2;2025.2
_Z9C5544,2024.2;2025.2
_Z9C5547,2024.2;2025.2
_Z9C5575,2024.1;2025.2
_Z9C5602,2024.2;2025.2
_Z9C5607,2024.2;2025.2
_Z9C5640,2024.2;2025.2
_Z9C5648,2024.2;2025.2
_Z9C5667,2024.3;2024.6;2025.2
_Z9C5671,2024.3;2025.2
_Z9C5675,2024.3;2024.6;2025.2
_Z9C5676,2024.3;2025.2
_Z9C5693,2024.3;2025.2
_Z9C5704,2024.1;2024.3
_Z9C5708,2024.3;2025.2
_Z9C5716,2024.6;2025.2
_Z9C5726,2024.1;2024.3;2024.6
_Z9C5738,2024.3;2025.2
_Z9C5744,2024.1;2024.6
_Z9C5749,2024.3;2025.2
_Z9C5764,2024.3;2025.2
_Z9C5767,2024.3;2025.2
_Z9C5771,2024.6;2025.2
_Z9C5813,2024.3;2025.2
_Z9C5835,2024.3;2024.6
_Z9C5836,2024.3;2025.2
_Z9C5838,2024.3;2025.2
_Z9C5845,2024.3;2025.2
_Z9C5857,2024.3;2025.2
_Z9C5872,2024.3;2025.2
_Z9C5873,2024.3;2025.2
_Z9C5875,2024.3;2025.2
_Z9C5883,2024.3;2025.2
_Z9C5892,2024.6;2025.2
_Z9C5902,2024.3;2025.2
_Z9C5913,2024.1;2025.2
_Z9C5916,2024.3;2025.2
_Z9C5923,2024.3;2025.2
_Z9C5927,2024.1;2025.2
_Z9C5932,2024.3;2025.2
_Z9C5935,2024.3;2025.2
_Z9C5936,2024.3;2025.2
_Z9C5948,2024.3;2025.2
_Z9C5973,2024.3;2025.2
_Z9C5974,2024.3;2025.2
_Z9C5992,2024.1;2025.2
_Z9C5994,2024.6;2025.2
_Z9C5998,2024.3;2024.6;2025.2
_Z9C6000,2024.6;2025.2
_Z9C6001,2024.3;2024.6
_Z9C6003,2024.3;2024.6
_Z9C6013,2024.6;2025.2
_Z9C6017,2024.3;2024.6
_Z9C6019,2024.6;2025.2
_Z9C6034,2024.3;2025.2
_Z9C6054,2024.3;2024.6
_Z9C6065,2024.6;2025.2
_Z9C6069,2024.6;2025.2
_Z9C6071,2024.6;2025.2
_Z9C6128,2024.1;2025.2
_Z9C6132,2024.1;2025.2
_Z9C6143,2024.6;2025.2
_Z9C6145,2024.3;2024.6;2025.2
_Z9C6148,2024.6;2025.2
_Z9C6151,2024.3;2025.2
_Z9C6157,2024.1;2025.2
_Z9C6298,2024.6;2025.2
_Z9C6320,2024.6;2025.2
_Z9C6324,2024.6;2025.2
_Z9C6351,2024.6;2025.2
_Z9C6393,2024.6;2025.2
_Z9C6396,2024.6;2025.2
_Z9C6427,2024.1;2025.2
_Z9C6428,2024.6;2025.2
_Z9C6436,2024.6;2025.2
_Z9C6438,2024.6;2025.2
_Z9C6442,2024.6;2025.2
_Z9C6446,2024.6;2025.2
_Z9C6462,2024.6;2025.2
_Z9C6463,2024.6;2025.2
_Z9C6471,2024.6;2025.2
_Z9C6480,2024.6;2025.2
_Z9C6482,2024.6;2025.2
_Z9C6499,2024.6;2025.2
_Z9C6568,2024.6;2025.2
_Z9C6696,2024.6;2025.2
_Z9C6708,2024.1;2025.2
_Z9C6761,2024.6;2025.2
_Z9C6766,2024.1;2025.2
_Z9C6768,2024.1;2024.6
_Z9C6779,2024.6;2025.2
_Z9C6786,2024.6;2025.2
_Z9C6789,2024.1;2025.2
_Z9C6790,2024.1;2025.2
_Z9C6801,2024.6;2025.2
_Z9C6835,2024.1;2025.2
_Z9C6842,2024.1;2025.2
_Z9C6853,2024.6;2025.2
_Z9C6871,2024.6;2025.2
_Z9C6893,2024.6;2025.2
_Z9C6902,2024.6;2025.2
_Z9C6903,2024.6;2025.2
_Z9C6907,2024.6;2025.2
_Z9C6911,2024.6;2025.2
_Z9C6918,2024.6;2025.2
_Z9C6932,2024.6;2025.2
_Z9C6934,2024.6;2025.2
_Z9C6936,2024.6;2025.2
_Z9C6938,2024.6;2025.2
_Z9C6942,2024.6;2025.2
_Z9C6950,2024.6;2025.2
_Z9C6964,2024.6;2025.2
_Z9C6973,2024.6;2025.2
_Z9C6974,2024.6;2025.2
_Z9C6986,2024.6;2025.2
_Z9C6989,2024.6;2025.2
_Z9C7018,2024.6;2025.2
_Z9C7032,2024.6;2025.2
_Z9C7057,2024.1;2025.2
_Z9C7058,2024.1;2025.2
_Z9C7068,2024.6;2025.2
_Z9C7082,2024.1;2025.2
_Z9C7083,2024.6;2025.2
_Z9C7127,2024.6;2025.2
_Z9C7161,2024.6;2025.2
_Z9C7164,2024.6;2025.2
_Z9C7173,2024.1;2025.2
_Z9C7196,2024.6;2025.2
_Z9C7199,2024.6;2025.2
_Z9C7200,2024.6;2025.2
_Z9C7229,2024.6;2025.2
_Z9C7234,2024.6;2025.2
_Z9C7251,2024.6;2025.2
_Z9C7252,2024.6;2025.2
_Z9C7254,2024.6;2025.2
_Z9C7287,2024.6;2025.2
_Z9C7291,2024.6;2025.2
_Z9C7310,2024.4;2025.2
_Z9C7314,2024.4;2025.2
_Z9C7318,2024.4;2025.2
_Z9C7320,2024.4;2025.2
_Z9C7324,2024.6;2024.7
_Z9C7326,2024.6;2024.7
_Z9C7329,2024.6;2024.7
_Z9C7332,2024.4;2024.6;2024.7
_Z9C7333,2024.6;2024.7;2025.2
_Z9C7335,2024.6;2024.7
_Z9C7336,2024.6;2024.7;2025.2
_Z9C7337,2024.6;2024.7;2025.2
_Z9C7338,2024.6;2024.7;2025.2
_Z9C7339,2024.6;2024.7
_Z9C7343,2024.6;2024.7;2025.2
_Z9C7344,2024.6;2024.7
_Z9C7346,2024.6;2024.7;2025.2
_Z9C7347,2024.6;2024.7;2025.2
_Z9C7348,2024.6;2024.7
_Z9C7353,2024.4;2025.2
_Z9C7373,2024.6;2024.7
_Z9C7379,2024.6;2024.7
_Z9C7385,2024.6;2024.7;2025.2
_Z9C7386,2024.6;2024.7
_Z9C7388,2024.4;2024.6;2024.7;2025.2
_Z9C7403,2024.6;2024.7
_Z9C7404,2024.6;2024.7
_Z9C7405,2024.6;2024.7;2025.2
_Z9C7406,2024.6;2024.7
_Z9C7408,2024.6;2024.7
_Z9C7409,2024.4;2025.2
_Z9C7411,2024.6;2024.7
_Z9C7414,2024.6;2024.7;2025.2
_Z9C7421,2024.6;2024.7
_Z9C7423,2024.6;2024.7
_Z9C7424,2024.6;2024.7
_Z9C7425,2024.4;2024.6;2024.7
_Z9C7428,2024.6;2024.7
_Z9C7429,2024.6;2024.7
_Z9C7431,2024.6;2024.7
_Z9C7432,2024.6;2024.7
_Z9C7433,2024.6;2024.7
_Z9C7447,2024.6;2024.7;2025.2
_Z9C7450,2024.4;2025.2
_Z9C7451,2024.4;2025.2;2025.3
_Z9C7452,2025.2;2025.3
_Z9C7455,2024.4;2024.6;2024.7;2025.2;2025.3
_Z9C7456,2024.6;2024.7;2025.2;2025.3
_Z9C7458,2024.4;2024.6;2024.7;2025.2
_Z9C7459,2025.2;2025.3
_Z9C7460,2024.4;2025.2
_Z9C7461,2024.4;2025.2
_Z9C7465,2024.4;2025.2
_Z9C7466,2024.4;2024.6;2024.7
_Z9C7470,2024.4;2025.2
_Z9C7471,2024.4;2024.6;2024.7
_Z9C7474,2024.4;2024.6;2024.7;2025.2
_Z9C7479,2024.4;2024.6;2024.7
_Z9C7491,2024.4;2024.6;2024.7
_Z9C7517,2024.6;2024.7;2025.2
_Z9C7523,2024.4;2024.6;2024.7
_Z9C7532,2024.4;2024.6;2024.7;2025.2
_Z9C7533,2024.4;2024.6;2024.7
_Z9C7534,2024.4;2024.6;2024.7
_Z9C7537,2024.4;2024.6;2024.7
_Z9C7541,2024.4;2025.2
_Z9C7550,2024.6;2024.7;2025.2
_Z9C7554,2025.2;2025.3
_Z9C7556,2024.6;2024.7
_Z9C7559,2025.2;2025.3
_Z9C7560,2024.4;2025.2
_Z9C7562,2025.2;2025.3
_Z9C7568,2024.4;2025.2
_Z9C7580,2024.6;2024.7;2025.2
_Z9C7583,2025.2;2025.3
_Z9C7585,2024.6;2024.7
_Z9C7587,2024.6;2024.7;2025.2;2025.3
_Z9C7589,2024.1;2025.2
_Z9C7590,2024.6;2024.7
_Z9C7592,2025.2;2025.3
_Z9C7595,2024.6;2024.7;2025.2
_Z9C7596,2024.6;2024.7
_Z9C7597,2024.4;2024.6;2024.7
_Z9C7598,2024.6;2024.7;2025.2
_Z9C7603,2024.6;2024.7
_Z9C7609,2024.6;2024.7;2025.2;2025.3
_Z9C7611,2024.6;2024.7;2025.2
_Z9C7614,2024.4;2024.6;2024.7
_Z9C7619,2025.2;2025.3
_Z9C7621,2025.2;2025.3
_Z9C7624,2024.6;2024.7
_Z9C7629,2024.6;2024.7;2025.2;2025.3
_Z9C7630,2024.6;2024.7
_Z9C7644,2025.2;2025.3
_Z9C7650,2025.2;2025.3
_Z9C7652,2024.4;2024.6;2024.7
_Z9C7653,2025.2;2025.3
_Z9C7660,2024.6;2024.7;2025.2
_Z9C7661,2025.2;2025.3
_Z9C7668-Pano,2024.6;2024.7
_Z9C7674,2024.6;2024.7
_Z9C7675,2024.6;2024.7;2025.2;2025.3
_Z9C7676,2024.6;2024.7
_Z9C7682,2024.4;2024.6;2024.7
_Z9C7683,2024.4;2024.6;2024.7
_Z9C7685,2024.6;2024.7
_Z9C7689,2024.6;2024.7;2025.2;2025.3
_Z9C7695,2024.4;2024.6;2024.7
_Z9C7703,2024.6;2024.7
_Z9C7706,2024.6;2024.7
_Z9C7707,2024.6;2024.7;2025.2;2025.3
_Z9C7720,2024.6;2024.7
_Z9C7734,2024.4;2024.6;2024.7
_Z9C7735,2024.4;2025.2
_Z9C7736,2024.6;2024.7;2025.2;2025.3
_Z9C7737,2024.4;2024.6;2024.7
_Z9C7738,2024.6;2024.7;2025.2
_Z9C7739,2024.4;2024.6;2024.7;2025.2
_Z9C7740,2024.6;2024.7
_Z9C7747,2024.6;2024.7;2025.2;2025.3
_Z9C7748,2025.2;2025.3
_Z9C7751,2025.2;2025.3
_Z9C7756,2024.6;2024.7
_Z9C7758,2024.4;2024.6;2024.7
_Z9C7762,2024.6;2024.7
_Z9C7765,2024.6;2024.7
_Z9C7780,2024.4;2024.6;2024.7
_Z9C7783,2024.4;2025.2;2025.3
_Z9C7788,2025.2;2025.3
_Z9C7797,2024.6;2024.7
_Z9C7810-Enhanced-NR,2025.2;2025.3
_Z9C7811-Enhanced-NR,2025.2;2025.3
_Z9C7818,2025.2;2025.3
_Z9C7822,2025.2;2025.3
_Z9C7823,2025.2;2025.3
_Z9C7826,2024.4;2024.6;2024.7
_Z9C7829,2025.2;2025.3
_Z9C7841,2025.2;2025.3
_Z9C7843-Enhanced-NR,2025.2;2025.3
_Z9C7847,2024.4;2025.2;2025.3
_Z9C7857,2025.2;2025.3
_Z9C7859,2025.2;2025.3
_Z9C7864,2025.2;2025.3
_Z9C7927,2024.4;2025.2
_Z9C7943,2024.4;2025.2
_Z9C7944,2024.4;2025.2
_Z9C7951,2024.6;2024.7
_Z9C7955,2024.4;2025.2
_Z9C7968,2024.6;2024.7
_Z9C7969,2024.6;2024.7;2025.2
_Z9C7976,2024.6;2024.7;2025.2
_Z9C7977,2024.6;2024.7
_Z9C7978,2024.4;2025.2
_Z9C7979,2024.1;2024.6;2024.7;2025.2
_Z9C7994,2024.4;2025.2
_Z9C8037,2024.6;2024.7
_Z9C8056,2024.6;2024.7
_Z9C8076,2024.1;2025.2
_Z9C8083,2024.4;2024.6;2024.7
_Z9C8088,2024.6;2024.7
_Z9C8091,2024.4;2025.2
_Z9C8094,2024.6;2024.7
_Z9C8106,2024.4;2025.2
_Z9C8110,2024.6;2024.7
_Z9C8113,2024.6;2024.7
_Z9C8117,2024.4;2025.2
_Z9C8120,2024.4;2025.3
_Z9C8123,2025.2;2025.3
_Z9C8124,2024.6;2024.7
_Z9C8132,2024.6;2024.7
_Z9C8138,2024.6;2024.7;2025.3
_Z9C8139,2024.4;2025.2;2025.3
_Z9C8147,2024.6;2024.7
_Z9C8157,2024.6;2024.7;2025.3
_Z9C8158,2024.6;2024.7
_Z9C8170,2024.6;2024.7;2025.3
_Z9C8173,2024.6;2024.7;2025.3
_Z9C8175,2024.6;2024.7
_Z9C8179,2024.6;2024.7
_Z9C8185,2024.6;2024.7;2025.3
_Z9C8190,2024.6;2024.7;2025.3
_Z9C8197,2024.6;2024.7;2025.3
_Z9C8199,2025.2;2025.3
_Z9C8201,2024.1;2025.2
_Z9C8220,2025.2;2025.3
_Z9C8227,2025.2;2025.3
_Z9C8262,2024.1;2025.3
_Z9C8283,2024.4;2025.3
_Z9C8288,2024.7;2025.2
_Z9C8292,2024.7;2025.3
_Z9C8294,2025.2;2025.3
_Z9C8302,2024.1;2025.3
_Z9C8307,2024.1;2024.4;2025.3
_Z9C8311,2024.4;2024.7;2025.3
_Z9C8326,2024.7;2025.2
_Z9C8329,2024.7;2025.2
_Z9C8338,2024.4;2024.7
_Z9C8356,2024.1;2024.4
_Z9C8358,2024.4;2025.2
_Z9C8359,2024.1;2024.4
_Z9C8360,2024.4;2025.2
_Z9C8365,2024.7;2025.2
_Z9C8366,2024.4;2025.3
_Z9C8368,2024.4;2024.7;2025.2
_Z9C8369,2025.2;2025.3
_Z9C8372,2025.2;2025.3
_Z9C8375,2024.4;2024.7
_Z9C8378,2024.7;2025.3
_Z9C8382,2024.4;2025.2;2025.3
_Z9C8383,2024.4;2025.3
_Z9C8384,2024.4;2025.2
_Z9C8387,2025.2;2025.3
_Z9C8390,2025.2;2025.3
_Z9C8398,2025.2;2025.3
_Z9C8402,2024.1;2024.4;2024.7;2025.2
_Z9C8403,2024.1;2024.7
_Z9C8405,2024.4;2025.2
_Z9C8407,2024.4;2024.7
_Z9C8408,2025.2;2025.3
_Z9C8409,2024.4;2025.2
_Z9C8410,2025.2;2025.3
_Z9C8415,2024.7;2025.2
_Z9C8416,2024.4;2025.2;2025.3
_Z9C8419,2024.1;2025.2;2025.3
_Z9C8420,2024.4;2025.2
_Z9C8430,2024.7;2025.2
_Z9C8432,2024.4;2025.2;2025.3
_Z9C8435,2025.2;2025.3
_Z9C8436,2025.2;2025.3
_Z9C8441,2024.1;2024.7
_Z9C8444,2024.4;2024.7;2025.3
_Z9C8447,2024.1;2024.7
_Z9C8451,2024.4;2024.7
_Z9C8470,2024.1;2024.7
_Z9C8505,2024.7;2025.3
_Z9C8514,2024.7;2025.3
_Z9C8518,2024.7;2025.3
_Z9C8523,2024.7;2025.3
_Z9C8528,2024.1;2024.4;2024.7
_Z9C8531,2024.4;2024.7
_Z9C8537,2024.4;2024.7
_Z9C8541,2024.4;2024.7
_Z9C8543,2024.4;2024.7
_Z9C8544,2024.4;2025.2;2025.3
_Z9C8545,2024.7;2025.2
_Z9C8546,2024.4;2025.3
_Z9C8550,2024.4;2025.3
_Z9C8551,2024.7;2025.2
_Z9C8557,2024.4;2025.2
_Z9C8560,2024.4;2025.2
_Z9C8565,2024.4;2024.7
_Z9C8578,2024.4;2025.2
_Z9C8581,2024.4;2025.2
_Z9C8584,2024.4;2025.2
_Z9C8587,2024.4;2024.7
_Z9C8593,2024.4;2025.2
_Z9C8595,2024.4;2025.2
_Z9C8597,2024.7;2025.2
_Z9C8609,2024.7;2025.2
_Z9C8611,2024.4;2025.2
_Z9C8615,2024.4;2024.7;2025.2
_Z9C8635,2024.1;2024.4;2024.7;2025.2
_Z9C8637,2024.7;2025.2
_Z9C8645,2024.7;2025.2
_Z9C8646,2024.4;2025.2
_Z9C8647,2024.4;2025.2
_Z9C8652,2024.1;2025.3
_Z9C8665,2025.2;2025.3
_Z9C8667,2024.7;2025.3
_Z9C8669,2024.7;2025.2
_Z9C8670,2024.4;2024.7;2025.3
_Z9C8671,2024.4;2024.7;2025.2;2025.3
_Z9C8674,2024.4;2024.7
_Z9C8675,2025.2;2025.3
_Z9C8677,2024.7;2025.2;2025.3
_Z9C8681,2024.4;2024.7;2025.3
_Z9C8683,2025.2;2025.3
_Z9C8684,2024.7;2025.2
_Z9C8687,2024.4;2025.2;2025.3
_Z9C8688,2024.4;2025.3
_Z9C8691,2024.4;2024.7
_Z9C8693,2024.7;2025.3
_Z9C8698,2024.4;2024.7
_Z9C8707,2024.4;2025.3
_Z9C8709,2024.1;2025.3
_Z9C8711,2024.4;2024.7;2025.2
_Z9C8713,2024.4;2024.7;2025.2;2025.3
_Z9C8720,2024.4;2025.2
_Z9C8722,2024.4;2025.3
_Z9C8725,2024.7;2025.3
_Z9C8726,2024.1;2024.4;2025.3
_Z9C8729,2024.7;2025.3
_Z9C8744,2024.7;2025.2
_Z9C8750,2024.4;2025.2
_Z9C8755,2024.1;2024.4;2025.2;2025.3
_Z9C8764,2024.7;2025.2
_Z9C8766,2024.7;2025.2;2025.3
_Z9C8768,2024.7;2025.2
_Z9C8770,2024.4;2025.3
_Z9C8777,2024.7;2025.2
_Z9C8787,2024.4;2025.3
_Z9C8818,2024.4;2025.2
_Z9C8833,2024.4;2025.3
_Z9C8853,2024.7;2025.2
_Z9C8861,2024.7;2025.2
_Z9C8865,2024.7;2025.3
_Z9C8867,2025.2;2025.3
_Z9C8868,2024.7;2025.2
_Z9C8870,2024.7;2025.2
_Z9C8873,2024.4;2024.7;2025.2
_Z9C8879,2024.1;2024.4;2024.7
_Z9C8880,2024.7;2025.2
_Z9C8881,2025.2;2025.3
_Z9C8903,2024.7;2025.2
_Z9C8905,2024.4;2024.7
_Z9C8914,2024.4;2024.7
_Z9C8922,2024.4;2024.7
_Z9C8923,2024.1;2024.4
_Z9C8924,2024.4;2025.2
_Z9C8930,2024.4;2024.7
_Z9C8951,2024.7;2025.2
_Z9C8958,2024.4;2025.2
_Z9C8959,2024.4;2024.7
_Z9C8976,2024.4;2024.7
_Z9C8982,2024.7;2025.2
_Z9C8986,2024.1;2024.4
_Z9C8990,2024.4;2024.7
_Z9C8992,2024.4;2025.3
_Z9C8999,2024.4;2025.3
_Z9C9000,2024.1;2024.4
_Z9C9011,2024.5;2025.3
_Z9C9018,2024.1;2025.3
_Z9C9034,2025.2;2025.3
_Z9C9064,2024.5;2025.3
_Z9C9066,2024.1;2024.5;2025.3
_Z9C9072,2024.5;2025.3
_Z9C9075,2025.2;2025.3
_Z9C9115,2024.7;2025.3
_Z9C9182,2024.5;2024.7
_Z9C9183,2024.7;2025.2
_Z9C9185,2024.5;2025.2
_Z9C9186,2024.5;2025.2
_Z9C9188,2024.5;2025.2
_Z9C9206,2024.7;2025.3
_Z9C9210,2024.1;2025.3
_Z9C9211,2024.5;2024.7
_Z9C9220,2025.2;2025.3
_Z9C9223,2024.1;2025.2
_Z9C9226,2024.5;2025.3
_Z9C9230,2024.5;2025.2;2025.3
_Z9C9231,2024.5;2025.3
_Z9C9232,2025.2;2025.3
_Z9C9245,2024.5;2025.3
_Z9C9257,2024.1;2024.5
_Z9C9260,2024.5;2025.2
_Z9C9265,2024.5;2025.3
_Z9C9266,2024.1;2025.3
_Z9C9267,2024.5;2025.3
_Z9C9272,2024.5;2025.3
_Z9C9274,2024.1;2025.2
_Z9C9275,2024.5;2025.2
_Z9C9276,2024.5;2025.3
_Z9C9277,2024.5;2025.2;2025.3
_Z9C9287,2024.1;2025.2
_Z9C9292,2024.5;2025.2
_Z9C9294,2024.5;2025.3
_Z9C9295,2024.1;2024.5
_Z9C9313,2025.2;2025.3
_Z9C9314,2024.1;2025.3
_Z9C9316,2024.5;2025.2
_Z9C9319,2024.1;2024.5
_Z9C9323,2024.5;2024.7
_Z9C9328,2024.1;2024.7
_Z9C9330,2024.5;2025.2
_Z9C9331,2024.1;2025.2
_Z9C9347,2024.5;2025.2
_Z9C9352,2025.2;2025.3
_Z9C9356,2025.2;2025.3
_Z9C9402,2024.1;2024.7
_Z9C9451,2024.5;2024.7
_Z9C9468,2024.1;2024.5
_Z9C9480,2024.7;2025.2
_Z9C9483,2024.1;2024.5
_Z9C9485,2024.1;2025.2
_Z9C9494,2024.7;2025.2
_Z9C9509,2024.5;2024.7
_Z9C9555,2024.5;2025.3
_Z9C9563,2024.1;2024.5;2025.2
_Z9C9572,2024.5;2025.2
_Z9C9577,2024.5;2024.7
_Z9C9579,2024.5;2025.2
_Z9C9595,2024.5;2024.7
_Z9C9668,2024.2;2024.5
_Z9C9728,2024.5;2024.7
_Z9C9738,2024.5;2025.2
_Z9C9768,2024.7;2025.2
_Z9C9786,2024.2;2024.7;2025.2
_Z9C9793,2024.2;2024.5
_Z9C9814,2024.5;2024.7
_Z9C9818,2024.5;2024.7
_Z9C9820,2024.7;2025.2
_Z9C9847,2024.5;2025.3
_Z9C9850,2024.5;2025.2
_Z9C9872,2024.7;2025.2
_Z9C9882,2024.2;2024.7
_Z9C9897,2024.2;2024.5
_Z9C9901,2024.2;2025.2
_Z9C9912,2024.2;2024.5
_Z9C9922,2024.2;2024.5
_Z9C9931,2024.7;2025.2
_Z9C9933,2024.2;2025.2
_Z9C9942,2024.5;2024.7
_Z9C9945,2024.5;2025.2
_Z9C9955,2024.2;2024.5
_Z9C9956,2024.2;2024.5
_Z9C9963,2024.2;2025.2
_Z9C9974,2024.7;2025.2
_Z9C9981,2024.5;2025.2
ngc5128,2019.11;2019.12
ngc5128-2,2019.11;2019.12
