issue,year,half_year,trip,stem,category,species,expected_folder,detail,xmp_path
ambiguous,2023,2023.1,2023-03-07 西溪花间堂,_Z9C5708,(none),,2023.1,found in: 2024.3;2025.2,data/xmp/result-2023/raw/2023.1/2023-03-07 西溪花间堂/_Z9C5708.xmp
ambiguous,2023,2023.1,2023-03-07 西溪花间堂,_Z9C5744,(none),,2023.1,found in: 2024.1;2024.6,data/xmp/result-2023/raw/2023.1/2023-03-07 西溪花间堂/_Z9C5744.xmp
ambiguous,2023,2023.1,2023-03-07 西溪花间堂,_Z9C5749,(none),,2023.1,found in: 2024.3;2025.2,data/xmp/result-2023/raw/2023.1/2023-03-07 西溪花间堂/_Z9C5749.xmp
ambiguous,2023,2023.1,2023-03-07 西溪花间堂,_Z9C5767,(none),,2023.1,found in: 2024.3;2025.2,data/xmp/result-2023/raw/2023.1/2023-03-07 西溪花间堂/_Z9C5767.xmp
ambiguous,2023,2023.1,2023-03-07 西溪花间堂,_Z9C5813,(none),,2023.1,found in: 2024.3;2025.2,data/xmp/result-2023/raw/2023.1/2023-03-07 西溪花间堂/_Z9C5813.xmp
ambiguous,2023,2023.1,2023-03-07 西溪花间堂,_Z9C5857,(none),,2023.1,found in: 2024.3;2025.2,data/xmp/result-2023/raw/2023.1/2023-03-07 西溪花间堂/_Z9C5857.xmp
ambiguous,2023,2023.1,2023-03-07 西溪花间堂,_Z9C5932,(none),,2023.1,found in: 2024.3;2025.2,data/xmp/result-2023/raw/2023.1/2023-03-07 西溪花间堂/_Z9C5932.xmp
ambiguous,2023,2023.1,2023-03-07 西溪花间堂,_Z9C5998,(none),,2023.1,found in: 2024.3;2024.6;2025.2,data/xmp/result-2023/raw/2023.1/2023-03-07 西溪花间堂/_Z9C5998.xmp
ambiguous,2023,2023.1,2023-03-07 西溪花间堂,_Z9C6071,(none),,2023.1,found in: 2024.6;2025.2,data/xmp/result-2023/raw/2023.1/2023-03-07 西溪花间堂/_Z9C6071.xmp
ambiguous,2023,2023.1,2023-03-09 西湖国宾馆,_D5D6417,(none),,2023.1,found in: 2022;2024.1,data/xmp/result-2023/raw/2023.1/2023-03-09 西湖国宾馆/_D5D6417.xmp
ambiguous,2023,2023.1,2023-03-09 西湖国宾馆,_D5D6518,bird,dark-eyed junco,2023.1,found in: 2018.2;2023.2,data/xmp/result-2023/raw/2023.1/2023-03-09 西湖国宾馆/_D5D6518.xmp
ambiguous,2023,2023.1,2023-03-09 西湖国宾馆,_D5D6636,(none),,2023.1,found in: 2021.6;2024.3;2024.5,data/xmp/result-2023/raw/2023.1/2023-03-09 西湖国宾馆/_D5D6636.xmp
ambiguous,2023,2023.1,2023-03-09 西湖国宾馆,_Z9C6298,(none),,2023.1,found in: 2024.6;2025.2,data/xmp/result-2023/raw/2023.1/2023-03-09 西湖国宾馆/_Z9C6298.xmp
ambiguous,2023,2023.1,2023-03-09 西湖国宾馆,_Z9C6320,(none),,2023.1,found in: 2024.6;2025.2,data/xmp/result-2023/raw/2023.1/2023-03-09 西湖国宾馆/_Z9C6320.xmp
ambiguous,2023,2023.1,2023-03-13 瓯飞集团,_D5D7086,bird,south island takahē,2023.1,found in: 2018.4;2024.3,data/xmp/result-2023/raw/2023.1/2023-03-13 瓯飞集团/_D5D7086.xmp
ambiguous,2023,2023.1,2023-03-13 瓯飞集团,_D5D7140,bird,common redshank,2023.1,found in: 2018.4;2021.1,data/xmp/result-2023/raw/2023.1/2023-03-13 瓯飞集团/_D5D7140.xmp
ambiguous,2023,2023.1,2023-03-26 锦江&花园饭店,_Z9C7161,(none),,2023.1,found in: 2024.6;2025.2,data/xmp/result-2023/raw/2023.1/2023-03-26 锦江&花园饭店/_Z9C7161.xmp
ambiguous,2023,2023.1,2023-03-27 美术馆&前滩,_Z9C7287,(none),,2023.1,found in: 2024.6;2025.2,data/xmp/result-2023/raw/2023.1/2023-03-27 美术馆&前滩/_Z9C7287.xmp
ambiguous,2023,2023.1,2023-03-27 美术馆&前滩,_Z9C7291,(none),,2023.1,found in: 2024.6;2025.2,data/xmp/result-2023/raw/2023.1/2023-03-27 美术馆&前滩/_Z9C7291.xmp
ambiguous,2023,2023.1,2023-03-27 美术馆&前滩,_Z9C7318,(none),,2023.1,found in: 2024.4;2025.2,data/xmp/result-2023/raw/2023.1/2023-03-27 美术馆&前滩/_Z9C7318.xmp
ambiguous,2023,2023.1,2023-03-27 美术馆&前滩,_Z9C7324,(none),,2023.1,found in: 2024.6;2024.7,data/xmp/result-2023/raw/2023.1/2023-03-27 美术馆&前滩/_Z9C7324.xmp
ambiguous,2023,2023.1,2023-03-27 美术馆&前滩,_Z9C7333,(none),,2023.1,found in: 2024.6;2024.7;2025.2,data/xmp/result-2023/raw/2023.1/2023-03-27 美术馆&前滩/_Z9C7333.xmp
ambiguous,2023,2023.1,2023-03-27 美术馆&前滩,_Z9C7336,(none),,2023.1,found in: 2024.6;2024.7;2025.2,data/xmp/result-2023/raw/2023.1/2023-03-27 美术馆&前滩/_Z9C7336.xmp
ambiguous,2023,2023.1,2023-03-27 美术馆&前滩,_Z9C7337,(none),,2023.1,found in: 2024.6;2024.7;2025.2,data/xmp/result-2023/raw/2023.1/2023-03-27 美术馆&前滩/_Z9C7337.xmp
ambiguous,2023,2023.1,2023-03-27 美术馆&前滩,_Z9C7338,(none),,2023.1,found in: 2024.6;2024.7;2025.2,data/xmp/result-2023/raw/2023.1/2023-03-27 美术馆&前滩/_Z9C7338.xmp
ambiguous,2023,2023.1,2023-03-27 美术馆&前滩,_Z9C7339,(none),,2023.1,found in: 2024.6;2024.7,data/xmp/result-2023/raw/2023.1/2023-03-27 美术馆&前滩/_Z9C7339.xmp
ambiguous,2023,2023.1,2023-03-27 美术馆&前滩,_Z9C7343,(none),,2023.1,found in: 2024.6;2024.7;2025.2,data/xmp/result-2023/raw/2023.1/2023-03-27 美术馆&前滩/_Z9C7343.xmp
ambiguous,2023,2023.1,2023-03-27 美术馆&前滩,_Z9C7347,(none),,2023.1,found in: 2024.6;2024.7;2025.2,data/xmp/result-2023/raw/2023.1/2023-03-27 美术馆&前滩/_Z9C7347.xmp
ambiguous,2023,2023.1,2023-03-27 美术馆&前滩,_Z9C7348,(none),,2023.1,found in: 2024.6;2024.7,data/xmp/result-2023/raw/2023.1/2023-03-27 美术馆&前滩/_Z9C7348.xmp
ambiguous,2023,2023.1,2023-03-27 美术馆&前滩,_Z9C7353,(none),,2023.1,found in: 2024.4;2025.2,data/xmp/result-2023/raw/2023.1/2023-03-27 美术馆&前滩/_Z9C7353.xmp
ambiguous,2023,2023.1,2023-03-27 美术馆&前滩,_Z9C7373,(none),,2023.1,found in: 2024.6;2024.7,data/xmp/result-2023/raw/2023.1/2023-03-27 美术馆&前滩/_Z9C7373.xmp
ambiguous,2023,2023.1,2023-04-10 奉贤,_D5D7835,bird,greater crested tern,2023.1,found in: 2018.7;2021.3,data/xmp/result-2023/raw/2023.1/2023-04-10 奉贤/_D5D7835.xmp
ambiguous,2023,2023.1,2023-04-10 奉贤,_D5D7860,(none),,2023.1,found in: 2022;2024.4,data/xmp/result-2023/raw/2023.1/2023-04-10 奉贤/_D5D7860.xmp
ambiguous,2023,2023.1,2023-04-10 奉贤,_D5D7862,bird,greater crested tern,2023.1,found in: 2018.4;2021.3,data/xmp/result-2023/raw/2023.1/2023-04-10 奉贤/_D5D7862.xmp
ambiguous,2023,2023.1,2023-04-10 青溪古镇,_Z9C7451,(none),,2023.1,found in: 2024.4;2025.2;2025.3,data/xmp/result-2023/raw/2023.1/2023-04-10 青溪古镇/_Z9C7451.xmp
ambiguous,2023,2023.1,2023-04-10 青溪古镇,_Z9C7458,(none),,2023.1,found in: 2024.4;2024.6;2024.7;2025.2,data/xmp/result-2023/raw/2023.1/2023-04-10 青溪古镇/_Z9C7458.xmp
ambiguous,2023,2023.1,2023-04-10 青溪古镇,_Z9C7459,(none),,2023.1,found in: 2025.2;2025.3,data/xmp/result-2023/raw/2023.1/2023-04-10 青溪古镇/_Z9C7459.xmp
ambiguous,2023,2023.1,2023-04-10 青溪古镇,_Z9C7517,(none),,2023.1,found in: 2024.6;2024.7;2025.2,data/xmp/result-2023/raw/2023.1/2023-04-10 青溪古镇/_Z9C7517.xmp
ambiguous,2023,2023.1,2023-05-09 富春山居,_Z9C7660,(none),,2023.1,found in: 2024.6;2024.7;2025.2,data/xmp/result-2023/raw/2023.1/2023-05-09 富春山居/_Z9C7660.xmp
ambiguous,2023,2023.1,2023-05-09 富春山居,_Z9C7682,(none),,2023.1,found in: 2024.4;2024.6;2024.7,data/xmp/result-2023/raw/2023.1/2023-05-09 富春山居/_Z9C7682.xmp
ambiguous,2023,2023.1,2023-05-09 富春山居,_Z9C7683,(none),,2023.1,found in: 2024.4;2024.6;2024.7,data/xmp/result-2023/raw/2023.1/2023-05-09 富春山居/_Z9C7683.xmp
ambiguous,2023,2023.1,2023-05-09 富春山居,_Z9C7685,(none),,2023.1,found in: 2024.6;2024.7,data/xmp/result-2023/raw/2023.1/2023-05-09 富春山居/_Z9C7685.xmp
ambiguous,2023,2023.1,2023-05-09 富春山居,_Z9C7695,(none),,2023.1,found in: 2024.4;2024.6;2024.7,data/xmp/result-2023/raw/2023.1/2023-05-09 富春山居/_Z9C7695.xmp
ambiguous,2023,2023.1,2023-05-09 富春山居,_Z9C7706,(none),,2023.1,found in: 2024.6;2024.7,data/xmp/result-2023/raw/2023.1/2023-05-09 富春山居/_Z9C7706.xmp
ambiguous,2023,2023.1,2023-05-09 富春山居,_Z9C7707,(none),,2023.1,found in: 2024.6;2024.7;2025.2;2025.3,data/xmp/result-2023/raw/2023.1/2023-05-09 富春山居/_Z9C7707.xmp
ambiguous,2023,2023.1,2023-05-09 富春山居,_Z9C7736,(none),,2023.1,found in: 2024.6;2024.7;2025.2;2025.3,data/xmp/result-2023/raw/2023.1/2023-05-09 富春山居/_Z9C7736.xmp
ambiguous,2023,2023.1,2023-05-09 富春山居,_Z9C7739,(none),,2023.1,found in: 2024.4;2024.6;2024.7;2025.2,data/xmp/result-2023/raw/2023.1/2023-05-09 富春山居/_Z9C7739.xmp
ambiguous,2023,2023.1,2023-05-09 富春山居,_Z9C7747,(none),,2023.1,found in: 2024.6;2024.7;2025.2;2025.3,data/xmp/result-2023/raw/2023.1/2023-05-09 富春山居/_Z9C7747.xmp
ambiguous,2023,2023.1,2023-05-09 富春山居,_Z9C7748,(none),,2023.1,found in: 2025.2;2025.3,data/xmp/result-2023/raw/2023.1/2023-05-09 富春山居/_Z9C7748.xmp
ambiguous,2023,2023.1,2023-05-09 富春山居,_Z9C7756,(none),,2023.1,found in: 2024.6;2024.7,data/xmp/result-2023/raw/2023.1/2023-05-09 富春山居/_Z9C7756.xmp
ambiguous,2023,2023.1,2023-05-09 富春山居,_Z9C7762,(none),,2023.1,found in: 2024.6;2024.7,data/xmp/result-2023/raw/2023.1/2023-05-09 富春山居/_Z9C7762.xmp
ambiguous,2023,2023.1,2023-05-09 富春山居,_Z9C7783,(none),,2023.1,found in: 2024.4;2025.2;2025.3,data/xmp/result-2023/raw/2023.1/2023-05-09 富春山居/_Z9C7783.xmp
ambiguous,2023,2023.1,2023-05-09 富春山居,_Z9C7788,(none),,2023.1,found in: 2025.2;2025.3,data/xmp/result-2023/raw/2023.1/2023-05-09 富春山居/_Z9C7788.xmp
ambiguous,2023,2023.1,2023-05-09 富春山居 旅拍,IMG_3313,(none),,2023.1,found in: 2024.5;2025.2,data/xmp/result-2023/raw/2023.1/2023-05-09 富春山居 旅拍/IMG_3313.xmp
ambiguous,2023,2023.1,2023-05-21 自行车赛,_Z9C8609,(none),,2023.1,found in: 2024.7;2025.2,data/xmp/result-2023/raw/2023.1/2023-05-21 自行车赛/_Z9C8609.xmp
ambiguous,2023,2023.1,2023-05-21 自行车赛,_Z9C8635,(none),,2023.1,found in: 2024.1;2024.4;2024.7;2025.2,data/xmp/result-2023/raw/2023.1/2023-05-21 自行车赛/_Z9C8635.xmp
ambiguous,2023,2023.1,2023-05-21 自行车赛,_Z9C8713,(none),,2023.1,found in: 2024.4;2024.7;2025.2;2025.3,data/xmp/result-2023/raw/2023.1/2023-05-21 自行车赛/_Z9C8713.xmp
ambiguous,2023,2023.1,2023-05-21 自行车赛,_Z9C8750,(none),,2023.1,found in: 2024.4;2025.2,data/xmp/result-2023/raw/2023.1/2023-05-21 自行车赛/_Z9C8750.xmp
ambiguous,2023,2023.1,2023-05-21 自行车赛,_Z9C8770,(none),,2023.1,found in: 2024.4;2025.3,data/xmp/result-2023/raw/2023.1/2023-05-21 自行车赛/_Z9C8770.xmp
ambiguous,2023,2023.1,2023-05-21 自行车赛,_Z9C8833,(none),,2023.1,found in: 2024.4;2025.3,data/xmp/result-2023/raw/2023.1/2023-05-21 自行车赛/_Z9C8833.xmp
ambiguous,2023,2023.1,2023-05-21 自行车赛,_Z9C8880,(none),,2023.1,found in: 2024.7;2025.2,data/xmp/result-2023/raw/2023.1/2023-05-21 自行车赛/_Z9C8880.xmp
ambiguous,2023,2023.1,2023-05-21 自行车赛,_Z9C8924,(none),,2023.1,found in: 2024.4;2025.2,data/xmp/result-2023/raw/2023.1/2023-05-21 自行车赛/_Z9C8924.xmp
ambiguous,2023,2023.1,2023-06-06 一尺花园,_Z9C9064,(none),,2023.1,found in: 2024.5;2025.3,data/xmp/result-2023/raw/2023.1/2023-06-06 一尺花园/_Z9C9064.xmp
ambiguous,2023,2023.1,2023-06-06 一尺花园,_Z9C9066,(none),,2023.1,found in: 2024.1;2024.5;2025.3,data/xmp/result-2023/raw/2023.1/2023-06-06 一尺花园/_Z9C9066.xmp
ambiguous,2023,2023.1,2023-06-06 一尺花园,_Z9C9075,(none),,2023.1,found in: 2025.2;2025.3,data/xmp/result-2023/raw/2023.1/2023-06-06 一尺花园/_Z9C9075.xmp
ambiguous,2023,2023.1,2023-06-06 一尺花园,_Z9C9182,(none),,2023.1,found in: 2024.5;2024.7,data/xmp/result-2023/raw/2023.1/2023-06-06 一尺花园/_Z9C9182.xmp
ambiguous,2023,2023.1,2023-06-06 一尺花园,_Z9C9188,(none),,2023.1,found in: 2024.5;2025.2,data/xmp/result-2023/raw/2023.1/2023-06-06 一尺花园/_Z9C9188.xmp
ambiguous,2023,2023.1,2023-06-10 普陀山,_Z9C9260,(none),,2023.1,found in: 2024.5;2025.2,data/xmp/result-2023/raw/2023.1/2023-06-10 普陀山/_Z9C9260.xmp
ambiguous,2023,2023.1,2023-06-10 普陀山,_Z9C9277,(none),,2023.1,found in: 2024.5;2025.2;2025.3,data/xmp/result-2023/raw/2023.1/2023-06-10 普陀山/_Z9C9277.xmp
ambiguous,2023,2023.1,2023-06-10 普陀山,_Z9C9294,(none),,2023.1,found in: 2024.5;2025.3,data/xmp/result-2023/raw/2023.1/2023-06-10 普陀山/_Z9C9294.xmp
ambiguous,2023,2023.1,2023-06-10 普陀山,_Z9C9347,(none),,2023.1,found in: 2024.5;2025.2,data/xmp/result-2023/raw/2023.1/2023-06-10 普陀山/_Z9C9347.xmp
ambiguous,2023,2023.1,2023-06-10 普陀山,_Z9C9356,(none),,2023.1,found in: 2025.2;2025.3,data/xmp/result-2023/raw/2023.1/2023-06-10 普陀山/_Z9C9356.xmp
ambiguous,2023,2023.1,2023-06-11 宁波,_Z9C9468,(none),,2023.1,found in: 2024.1;2024.5,data/xmp/result-2023/raw/2023.1/2023-06-11 宁波/_Z9C9468.xmp
ambiguous,2023,2023.1,2023-06-11 宁波,_Z9C9480,(none),,2023.1,found in: 2024.7;2025.2,data/xmp/result-2023/raw/2023.1/2023-06-11 宁波/_Z9C9480.xmp
ambiguous,2023,2023.1,2023-06-11 宁波,_Z9C9509,(none),,2023.1,found in: 2024.5;2024.7,data/xmp/result-2023/raw/2023.1/2023-06-11 宁波/_Z9C9509.xmp
ambiguous,2023,2023.1,2023-06-11 月湖夜景,_Z9C9668,(none),,2023.1,found in: 2024.2;2024.5,data/xmp/result-2023/raw/2023.1/2023-06-11 月湖夜景/_Z9C9668.xmp
ambiguous,2023,2023.1,2023-08-17 Muir & Sausalito Tour,_Z9C9768,(none),,2023.1,found in: 2024.7;2025.2,data/xmp/result-2023/raw/2023.1/2023-08-17 Muir & Sausalito Tour/_Z9C9768.xmp
ambiguous,2023,2023.1,2023-08-17 Muir & Sausalito Tour,_Z9C9818,(none),,2023.1,found in: 2024.5;2024.7,data/xmp/result-2023/raw/2023.1/2023-08-17 Muir & Sausalito Tour/_Z9C9818.xmp
ambiguous,2023,2023.1,2023-08-17 Muir & Sausalito Tour,_Z9C9820,(none),,2023.1,found in: 2024.7;2025.2,data/xmp/result-2023/raw/2023.1/2023-08-17 Muir & Sausalito Tour/_Z9C9820.xmp
ambiguous,2023,2023.1,2023-08-17 Muir & Sausalito Tour,_Z9C9847,(none),,2023.1,found in: 2024.5;2025.3,data/xmp/result-2023/raw/2023.1/2023-08-17 Muir & Sausalito Tour/_Z9C9847.xmp
ambiguous,2023,2023.1,2023-08-17 Muir & Sausalito Tour,_Z9C9882,(none),,2023.1,found in: 2024.2;2024.7,data/xmp/result-2023/raw/2023.1/2023-08-17 Muir & Sausalito Tour/_Z9C9882.xmp
ambiguous,2023,2023.1,2023-08-17 Muir & Sausalito Tour,_Z9C9901,(none),,2023.1,found in: 2024.2;2025.2,data/xmp/result-2023/raw/2023.1/2023-08-17 Muir & Sausalito Tour/_Z9C9901.xmp
ambiguous,2023,2023.1,2023-08-17 Muir & Sausalito Tour,_Z9C9922,(none),,2023.1,found in: 2024.2;2024.5,data/xmp/result-2023/raw/2023.1/2023-08-17 Muir & Sausalito Tour/_Z9C9922.xmp
ambiguous,2023,2023.1,2023-08-23 Honolulu Birds,_D5D8433,(none),,2023.1,found in: 2021.5;2024.2,data/xmp/result-2023/raw/2023.1/2023-08-23 Honolulu Birds/_D5D8433.xmp
ambiguous,2023,2023.1,2023-08-23 Honolulu Birds,_D5D8580,bird,greater crested tern,2023.1,found in: 2018.4;2021.3,data/xmp/result-2023/raw/2023.1/2023-08-23 Honolulu Birds/_D5D8580.xmp
ambiguous,2023,2023.1,2023-08-23 Honolulu Birds,_D5D8603,(none),,2023.1,found in: 2018.3;2024.4;2024.5,data/xmp/result-2023/raw/2023.1/2023-08-23 Honolulu Birds/_D5D8603.xmp
ambiguous,2023,2023.1,2023-08-23 Honolulu Birds,_D5D8688,(none),,2023.1,found in: 2021.3;2021.5,data/xmp/result-2023/raw/2023.1/2023-08-23 Honolulu Birds/_D5D8688.xmp
ambiguous,2023,2023.1,2023-08-23 Honolulu Birds,_D5D9123,bird,common kingfisher,2023.1,found in: 2018.4;2024.1,data/xmp/result-2023/raw/2023.1/2023-08-23 Honolulu Birds/_D5D9123.xmp
ambiguous,2023,2023.1,2023-08-23 Honolulu Birds,_D5D9246,bird,gyrfalcon,2023.1,found in: 2018.3;2021.5,data/xmp/result-2023/raw/2023.1/2023-08-23 Honolulu Birds/_D5D9246.xmp
ambiguous,2023,2023.1,2023-08-23 Snorkeling,_Z9C0080,(none),,2023.1,found in: 2024.5;2025.1,data/xmp/result-2023/raw/2023.1/2023-08-23 Snorkeling/_Z9C0080.xmp
ambiguous,2023,2023.1,2023-08-23 Snorkeling,_Z9C0178,(none),,2023.1,found in: 2022;2024.5;2024.7,data/xmp/result-2023/raw/2023.1/2023-08-23 Snorkeling/_Z9C0178.xmp
ambiguous,2023,2023.1,2023-08-23 Snorkeling,_Z9C0180,(none),,2023.1,found in: 2024.7;2025.2,data/xmp/result-2023/raw/2023.1/2023-08-23 Snorkeling/_Z9C0180.xmp
ambiguous,2023,2023.1,2023-08-23 Snorkeling,_Z9C0185,(none),,2023.1,found in: 2022;2024.5;2025.1,data/xmp/result-2023/raw/2023.1/2023-08-23 Snorkeling/_Z9C0185.xmp
ambiguous,2023,2023.1,2023-08-23 Snorkeling,_Z9C0193,(none),,2023.1,found in: 2022;2025.2,data/xmp/result-2023/raw/2023.1/2023-08-23 Snorkeling/_Z9C0193.xmp
ambiguous,2023,2023.1,2023-08-24 Honolulu Birds,_D5D9316,(none),,2023.1,found in: 2018.4;2021.2;2021.3;2024.4,data/xmp/result-2023/raw/2023.1/2023-08-24 Honolulu Birds/_D5D9316.xmp
ambiguous,2023,2023.1,2023-08-24 Honolulu Birds,_D5D9557,(none),,2023.1,found in: 2024.2;2024.5,data/xmp/result-2023/raw/2023.1/2023-08-24 Honolulu Birds/_D5D9557.xmp
ambiguous,2023,2023.1,2023-08-24 Honolulu Sunrise,_Z9C0279,(none),,2023.1,found in: 2024.5;2025.1,data/xmp/result-2023/raw/2023.1/2023-08-24 Honolulu Sunrise/_Z9C0279.xmp
ambiguous,2023,2023.1,2023-08-24 Honolulu Sunrise,_Z9C0289,(none),,2023.1,found in: 2024.5;2025.1,data/xmp/result-2023/raw/2023.1/2023-08-24 Honolulu Sunrise/_Z9C0289.xmp
ambiguous,2023,2023.1,2023-08-24 Honolulu Sunrise,_Z9C0291,(none),,2023.1,found in: 2025.1;2025.2,data/xmp/result-2023/raw/2023.1/2023-08-24 Honolulu Sunrise/_Z9C0291.xmp
ambiguous,2023,2023.1,2023-08-24 North Shore of Honolulu,_D5D9490,(none),,2023.1,found in: 2021.4;2021.5,data/xmp/result-2023/raw/2023.1/2023-08-24 North Shore of Honolulu/_D5D9490.xmp
ambiguous,2023,2023.1,2023-08-24 North Shore of Honolulu,_D5D9493,(none),,2023.1,found in: 2021.3;2024.5,data/xmp/result-2023/raw/2023.1/2023-08-24 North Shore of Honolulu/_D5D9493.xmp
ambiguous,2023,2023.1,2023-08-24 North Shore of Honolulu,_Z9C0347,(none),,2023.1,found in: 2024.7;2025.1,data/xmp/result-2023/raw/2023.1/2023-08-24 North Shore of Honolulu/_Z9C0347.xmp
ambiguous,2023,2023.1,2023-08-24 North Shore of Honolulu,_Z9C0444,(none),,2023.1,found in: 2024.5;2025.2,data/xmp/result-2023/raw/2023.1/2023-08-24 North Shore of Honolulu/_Z9C0444.xmp
ambiguous,2023,2023.1,2023-08-25 Birds,_D5D9790,(none),,2023.1,found in: 2024.2;2024.3,data/xmp/result-2023/raw/2023.1/2023-08-25 Birds/_D5D9790.xmp
ambiguous,2023,2023.1,2023-08-25 Ho’omaluhia Botanic Garden,_Z9C0597,(none),,2023.1,found in: 2025.1;2025.2;2025.4,data/xmp/result-2023/raw/2023.1/2023-08-25 Ho’omaluhia Botanic Garden/_Z9C0597.xmp
ambiguous,2023,2023.1,2023-08-25 Ho’omaluhia Botanic Garden,_Z9C0640,(none),,2023.1,found in: 2025.1;2025.2,data/xmp/result-2023/raw/2023.1/2023-08-25 Ho’omaluhia Botanic Garden/_Z9C0640.xmp
ambiguous,2024,2024.1,2024-01-06 Shangri-La,_D5D1565,(none),,2024.1,found in: 2022;2024.3,data/xmp/result-2024/raw/2024.1/2024-01-06 Shangri-La/_D5D1565.xmp
ambiguous,2024,2024.1,2024-01-06 Shangri-La,_D5D1701,scenery,,2024.1,found in: 2018.1;2021.6,data/xmp/result-2024/raw/2024.1/2024-01-06 Shangri-La/_D5D1701.xmp
ambiguous,2024,2024.2,2024-01-14 漾濞 云上村庄,_Z9C3208,(none),,2024.2,found in: 2024.5;2025.2,data/xmp/result-2024/raw/2024.2/2024-01-14 漾濞 云上村庄/_Z9C3208.xmp
ambiguous,2024,2024.3,2024-04-23 Tasmania Island,_D5D9086,(none),,2024.3,found in: 2021.1;2021.2,data/xmp/result-2024/raw/2024.3/2024-04-23 Tasmania Island/_D5D9086.xmp
ambiguous,2024,2024.3,2024-04-25 Port Arther,_D5D2128,(none),,2024.3,found in: 2022;2024.1,data/xmp/result-2024/raw/2024.3/2024-04-25 Port Arther/_D5D2128.xmp
ambiguous,2024,2024.3,2024-04-26 Tamar Wetland,_D5D4350,bird,curlew sandpiper,2024.3,found in: 2018.5;2021.3,data/xmp/result-2024/raw/2024.3/2024-04-26 Tamar Wetland/_D5D4350.xmp
ambiguous,2024,2024.3,2024-04-28 Tasmania Royal Botanic Garden,_D5D6417,(none),,2024.3,found in: 2022;2024.1,data/xmp/result-2024/raw/2024.3/2024-04-28 Tasmania Royal Botanic Garden/_D5D6417.xmp
ambiguous,2024,2024.4,2024-05-01 Gold Coast,_D5D6967,(none),,2024.4,found in: 2021.2;2022;2024.3,data/xmp/result-2024/raw/2024.4/2024-05-01 Gold Coast/2024-04-19 Melboune Birds/_D5D6967.xmp
ambiguous,2024,2024.4,2024-05-01 Gold Coast,_D5D6986,(none),,2024.4,found in: 2020;2021.5;2024.3,data/xmp/result-2024/raw/2024.4/2024-05-01 Gold Coast/2024-04-19 Melboune Birds/_D5D6986.xmp
ambiguous,2024,2024.4,2024-05-01 Gold Coast,_D5D7086,bird,south island takahē,2024.4,found in: 2018.4;2024.3,data/xmp/result-2024/raw/2024.4/2024-05-01 Gold Coast/2024-04-19 Melboune Birds/_D5D7086.xmp
ambiguous,2024,2024.4,2024-05-01 Gold Coast,_D5D7147,(none),,2024.4,found in: 2021.2;2024.3,data/xmp/result-2024/raw/2024.4/2024-05-01 Gold Coast/2024-04-19 Melboune Birds/_D5D7147.xmp
ambiguous,2024,2024.4,2024-05-01 Gold Coast,_D5D7154,(none),,2024.4,found in: 2021.2;2022;2024.3,data/xmp/result-2024/raw/2024.4/2024-05-01 Gold Coast/2024-04-19 Melboune Birds/_D5D7154.xmp
ambiguous,2024,2024.4,2024-05-01 Gold Coast,_D5D7213,(none),,2024.4,found in: 2021.2;2024.3,data/xmp/result-2024/raw/2024.4/2024-05-01 Gold Coast/2024-04-19 Melboune Birds/_D5D7213.xmp
ambiguous,2024,2024.4,2024-05-01 Gold Coast,_D5D7237,(none),,2024.4,found in: 2021.5;2024.3,data/xmp/result-2024/raw/2024.4/2024-05-01 Gold Coast/2024-04-19 Melboune Birds/_D5D7237.xmp
ambiguous,2024,2024.4,2024-05-01 Gold Coast,_D5D7259,(none),,2024.4,found in: 2021.2;2024.3,data/xmp/result-2024/raw/2024.4/2024-05-01 Gold Coast/2024-04-19 Melboune Birds/_D5D7259.xmp
ambiguous,2024,2024.4,2024-05-01 Gold Coast,_D5D7278,bird,common myna,2024.4,found in: 2018.5;2024.3,data/xmp/result-2024/raw/2024.4/2024-05-01 Gold Coast/2024-04-19 Melboune Birds/_D5D7278.xmp
ambiguous,2024,2024.4,2024-05-04 Eastern Side of NZL South,_D5D9607,bird,tufted duck,2024.4,found in: 2018.3;2021.1,data/xmp/result-2024/raw/2024.4/2024-05-04 Eastern Side of NZL South/_D5D9607.xmp
ambiguous,2024,2024.4,2024-05-04 Eastern Side of NZL South,_D5D9752,bird,yellow-browed warbler,2024.4,found in: 2018.4;2021.3,data/xmp/result-2024/raw/2024.4/2024-05-04 Eastern Side of NZL South/_D5D9752.xmp
ambiguous,2024,2024.4,2024-05-08 Mount Kock,_D5D1221,(none),,2024.4,found in: 2021.1;2024.1,data/xmp/result-2024/raw/2024.4/2024-05-08 Mount Kock/_D5D1221.xmp
ambiguous,2024,2024.4,2024-05-09 NZL (Flight from S to N),_D5D2848,(none),,2024.4,found in: 2021.4;2024.5,data/xmp/result-2024/raw/2024.4/2024-05-09 NZL (Flight from S to N)/_D5D2848.xmp
ambiguous,2025,2025.1,2025-04-23 Victorial Fall City,_Z9C0794,(none),,2025.1,found in: 2024.5;2025.2,data/xmp/result-2025/raw/2025.1/2025-04-23 Victorial Fall City/_Z9C0794.xmp
ambiguous,2025,2025.1,2025-04-23 Victorial Fall City,_Z9C0795,(none),,2025.1,found in: 2024.5;2025.2,data/xmp/result-2025/raw/2025.1/2025-04-23 Victorial Fall City/_Z9C0795.xmp
ambiguous,2025,2025.2,2025-05-16 Selute to 2025 Graduates,_Z9C5242,(none),,2025.2,found in: 2024.2;2024.5,data/xmp/result-2025/raw/2025.2/2025-05-16 Selute to 2025 Graduates/_Z9C5242.xmp
ambiguous,2025,2025.2,2025-06-07 Chefchaouen,_Z9C7432,(none),,2025.2,found in: 2024.6;2024.7,data/xmp/result-2025/raw/2025.2/2025-06-07 Chefchaouen/_Z9C7432.xmp
ambiguous,2025,2025.2,2025-06-07 Chefchaouen,_Z9C7491,(none),,2025.2,found in: 2024.4;2024.6;2024.7,data/xmp/result-2025/raw/2025.2/2025-06-07 Chefchaouen/_Z9C7491.xmp
ambiguous,2025,2025.2,2025-06-10 Sahara Desert,_D5C6125,bird,long-tailed duck,2025.2,found in: 2019.2;2019.4;2025.3,data/xmp/result-2025/raw/2025.2/2025-06-10 Sahara Desert/_D5C6125.xmp
ambiguous,2025,2025.3,2025-07-08 Flåm,_D5C0984,bird,sparrow finch,2025.3,found in: 2019.1;2025.2,data/xmp/result-2025/raw/2025.3/2025-07-08 Flåm/_D5C0984.xmp
ambiguous,2025,2025.3,2025-07-08 Flåm,_Z9C7951,(none),,2025.3,found in: 2024.6;2024.7,data/xmp/result-2025/raw/2025.3/2025-07-08 Flåm/_Z9C7951.xmp
ambiguous,2025,2025.3,2025-07-08 Flåm,_Z9C7968,(none),,2025.3,found in: 2024.6;2024.7,data/xmp/result-2025/raw/2025.3/2025-07-08 Flåm/_Z9C7968.xmp
ambiguous,2025,2025.3,2025-07-08 Flåm,_Z9C8088,(none),,2025.3,found in: 2024.6;2024.7,data/xmp/result-2025/raw/2025.3/2025-07-08 Flåm/_Z9C8088.xmp
ambiguous,2025,2025.3,2025-07-08 Flåm,_Z9C8110,(none),,2025.3,found in: 2024.6;2024.7,data/xmp/result-2025/raw/2025.3/2025-07-08 Flåm/_Z9C8110.xmp
ambiguous,2025,2025.4,2025-07-18 Ny Ålesund and Kongsbreen,_D5C6718,(none),,2025.4,found in: 2025.1;2025.2,data/xmp/result-2025/raw/2025.4/2025-07-18 Ny Ålesund and Kongsbreen/_D5C6718.xmp
ambiguous,2025,2025.4,2025-07-18 Ny Ålesund and Kongsbreen,_D5C6951,bird,willet,2025.4,found in: 2018.5;2021.5,data/xmp/result-2025/raw/2025.4/2025-07-18 Ny Ålesund and Kongsbreen/_D5C6951.xmp
ambiguous,2025,2025.4,2025-07-18 Ny Ålesund and Kongsbreen,_D5C7281,bird,greylag goose,2025.4,found in: 2018.5;2019.4;2025.2,data/xmp/result-2025/raw/2025.4/2025-07-18 Ny Ålesund and Kongsbreen/_D5C7281.xmp
ambiguous,2025,2025.4,2025-07-18 Ny Ålesund and Kongsbreen,_D5C7839,(none),,2025.4,found in: 2018.7;2019.5,data/xmp/result-2025/raw/2025.4/2025-07-18 Ny Ålesund and Kongsbreen/_D5C7839.xmp
ambiguous,2025,2025.4,2025-07-18 Ny Ålesund and Kongsbreen,_D5C8036,bird,american white pelican,2025.4,found in: 2018.7;2025.1,data/xmp/result-2025/raw/2025.4/2025-07-18 Ny Ålesund and Kongsbreen/_D5C8036.xmp
ambiguous,2025,2025.4,2025-07-18 Ny Ålesund and Kongsbreen,_D5C8095,bird,redshank,2025.4,found in: 2018.7;2021.5,data/xmp/result-2025/raw/2025.4/2025-07-18 Ny Ålesund and Kongsbreen/_D5C8095.xmp
ambiguous,2025,2025.4,2025-07-18 Ny Ålesund and Kongsbreen,_Z9C0995,(none),,2025.4,found in: 2023.1;2025.2,data/xmp/result-2025/raw/2025.4/2025-07-18 Ny Ålesund and Kongsbreen/_Z9C0995.xmp
ambiguous,2025,2025.4,2025-07-18 Ny Ålesund and Kongsbreen,_Z9C0998,(none),,2025.4,found in: 2023.1;2024.2,data/xmp/result-2025/raw/2025.4/2025-07-18 Ny Ålesund and Kongsbreen/_Z9C0998.xmp
ambiguous,2025,2025.4,2025-07-18 Ny Ålesund and Kongsbreen,_Z9C1021,(none),,2025.4,found in: 2024.8;2025.1,data/xmp/result-2025/raw/2025.4/2025-07-18 Ny Ålesund and Kongsbreen/_Z9C1021.xmp
ambiguous,2025,2025.4,2025-07-18 Ny Ålesund and Kongsbreen,_Z9C1056,(none),,2025.4,found in: 2024.8;2025.2,data/xmp/result-2025/raw/2025.4/2025-07-18 Ny Ålesund and Kongsbreen/_Z9C1056.xmp
ambiguous,2025,2025.4,2025-07-18 Ny Ålesund and Kongsbreen,_Z9C1072,(none),,2025.4,found in: 2023.1;2025.1,data/xmp/result-2025/raw/2025.4/2025-07-18 Ny Ålesund and Kongsbreen/_Z9C1072.xmp
ambiguous,2025,2025.4,2025-07-18 Ny Ålesund and Kongsbreen,_Z9C1078,(none),,2025.4,found in: 2023.1;2024.2,data/xmp/result-2025/raw/2025.4/2025-07-18 Ny Ålesund and Kongsbreen/_Z9C1078.xmp
ambiguous,2025,2025.4,2025-07-18 Ny Ålesund and Kongsbreen,_Z9C1081,(none),,2025.4,found in: 2023.1;2025.2,data/xmp/result-2025/raw/2025.4/2025-07-18 Ny Ålesund and Kongsbreen/_Z9C1081.xmp
ambiguous,2025,2025.4,2025-07-18 Ny Ålesund and Kongsbreen,_Z9C1101,(none),,2025.4,found in: 2024.5;2025.1,data/xmp/result-2025/raw/2025.4/2025-07-18 Ny Ålesund and Kongsbreen/_Z9C1101.xmp
ambiguous,2025,2025.4,2025-07-18 Ny Ålesund and Kongsbreen,_Z9C1106,(none),,2025.4,found in: 2024.2;2024.5;2025.2,data/xmp/result-2025/raw/2025.4/2025-07-18 Ny Ålesund and Kongsbreen/_Z9C1106.xmp
ambiguous,2025,2025.4,2025-07-18 Ny Ålesund and Kongsbreen,_Z9C1157,(none),,2025.4,found in: 2023.1;2025.1,data/xmp/result-2025/raw/2025.4/2025-07-18 Ny Ålesund and Kongsbreen/_Z9C1157.xmp
duplicate frame (duplicate),2018,2018.2,2018-03-18 酒窖,_D5V3035,scenery,,2018.2,also in: 2018/2018.3/2018-03-24 世纪公园,data/xmp/result-2018/raw/2018.2/2018-03-18 酒窖/_D5V3035.xmp
duplicate frame (duplicate),2018,2018.3,2018-03-24 世纪公园,_D5V3035,scenery,,2018.3,also in: 2018/2018.2/2018-03-18 酒窖,data/xmp/result-2018/raw/2018.3/2018-03-24 世纪公园/_D5V3035.xmp
duplicate frame (duplicate),2019,2019.1,2019-02-02 山公园77号塘（马鹿塘）,_D5C3028,bird,crimson sunbird,2019.1,also in: 2019/2019.2/2019-02-03 山公园4号塘,data/xmp/result-2019/raw/2019.1/2019-02-02 山公园77号塘（马鹿塘）/_D5C3028.xmp
duplicate frame (duplicate),2019,2019.1,2019-02-02 山公园77号塘（马鹿塘）,_D5C3083,bird,brown bush warbler,2019.1,also in: 2019/2019.2/2019-02-03 山公园4号塘,data/xmp/result-2019/raw/2019.1/2019-02-02 山公园77号塘（马鹿塘）/_D5C3083.xmp
duplicate frame (duplicate),2019,2019.10,2019-09-07 Back to London,20190908-_DSC5197,scenery,,2019.10,also in: 2019/2019.11/2019-09-07 Musee d'Orsey,data/xmp/result-2019/raw/2019.10/2019-09-07 Back to London/20190908-_DSC5197.xmp
duplicate frame (duplicate),2019,2019.10,2019-09-07 Back to London,20190908-_DSC5227,bird,rock pigeon,2019.10,also in: 2019/2019.11/2019-09-07 Musee d'Orsey,data/xmp/result-2019/raw/2019.10/2019-09-07 Back to London/20190908-_DSC5227.xmp
duplicate frame (duplicate),2019,2019.10,2019-09-07 Back to London,20190908-_DSC5228,bird,rock pigeon,2019.10,also in: 2019/2019.11/2019-09-07 Musee d'Orsey,data/xmp/result-2019/raw/2019.10/2019-09-07 Back to London/20190908-_DSC5228.xmp
duplicate frame (duplicate),2019,2019.10,2019-09-07 Back to London,20190908-_DSC5229,scenery,,2019.10,also in: 2019/2019.11/2019-09-07 Musee d'Orsey,data/xmp/result-2019/raw/2019.10/2019-09-07 Back to London/20190908-_DSC5229.xmp
duplicate frame (duplicate),2019,2019.11,2019-09-07 Musee d'Orsey,20190908-_DSC5197,scenery,,2019.11,also in: 2019/2019.10/2019-09-07 Back to London,data/xmp/result-2019/raw/2019.11/2019-09-07 Musee d'Orsey/20190908-_DSC5197.xmp
duplicate frame (duplicate),2019,2019.11,2019-09-07 Musee d'Orsey,20190908-_DSC5227,bird,rock pigeon,2019.11,also in: 2019/2019.10/2019-09-07 Back to London,data/xmp/result-2019/raw/2019.11/2019-09-07 Musee d'Orsey/20190908-_DSC5227.xmp
duplicate frame (duplicate),2019,2019.11,2019-09-07 Musee d'Orsey,20190908-_DSC5228,bird,rock pigeon,2019.11,also in: 2019/2019.10/2019-09-07 Back to London,data/xmp/result-2019/raw/2019.11/2019-09-07 Musee d'Orsey/20190908-_DSC5228.xmp
duplicate frame (duplicate),2019,2019.11,2019-09-07 Musee d'Orsey,20190908-_DSC5229,scenery,,2019.11,also in: 2019/2019.10/2019-09-07 Back to London,data/xmp/result-2019/raw/2019.11/2019-09-07 Musee d'Orsey/20190908-_DSC5229.xmp
duplicate frame (duplicate),2019,2019.11,2019-10-28 Wuxi Zoo,IMG_0072,bird,great white pelican,2019.11,also in: 2019/2019.12/2019-10-29 无锡贡湖湾,data/xmp/result-2019/raw/2019.11/2019-10-28 Wuxi Zoo/IMG_0072.xmp
duplicate frame (duplicate),2019,2019.12,2019-10-29 无锡贡湖湾,20191028-IMG_0072,bird,great white pelican,2019.12,also in: 2019/2019.11/2019-10-28 Wuxi Zoo,data/xmp/result-2019/raw/2019.12/2019-10-29 无锡贡湖湾/20191028-IMG_0072.xmp
duplicate frame (duplicate),2019,2019.12,2019-11-16 顾剑萍,_DSC6815,scenery,,2019.12,also in: 2019/2019.13/2019-11-17 镰仓,data/xmp/result-2019/raw/2019.12/2019-11-16 顾剑萍/_DSC6815.xmp
duplicate frame (duplicate),2019,2019.13,2019-11-17 镰仓,_DSC6815,bird,eurasian wigeon,2019.13,also in: 2019/2019.12/2019-11-16 顾剑萍,data/xmp/result-2019/raw/2019.13/2019-11-17 镰仓/_DSC6815.xmp
duplicate frame (duplicate),2019,2019.13,2019-11-22 Venice,_B230814,people,,2019.13,also in: 2019/2019.14/2019-11-23 Florance,data/xmp/result-2019/raw/2019.13/2019-11-22 Venice/_B230814.xmp
duplicate frame (duplicate),2019,2019.13,2019-11-22 Venice,_B230817,scenery,,2019.13,also in: 2019/2019.14/2019-11-23 Florance,data/xmp/result-2019/raw/2019.13/2019-11-22 Venice/_B230817.xmp
duplicate frame (duplicate),2019,2019.14,2019-11-23 Florance,_B230814,people,,2019.14,also in: 2019/2019.13/2019-11-22 Venice,data/xmp/result-2019/raw/2019.14/2019-11-23 Florance/_B230814.xmp
duplicate frame (duplicate),2019,2019.14,2019-11-23 Florance,_B230817,scenery,,2019.14,also in: 2019/2019.13/2019-11-22 Venice,data/xmp/result-2019/raw/2019.14/2019-11-23 Florance/_B230817.xmp
duplicate frame (duplicate),2019,2019.14,2019-11-23 Florance,_DSC7017,scenery,,2019.14,also in: 2019/2019.15/2019-11-26 Rome,data/xmp/result-2019/raw/2019.14/2019-11-23 Florance/_DSC7017.xmp
duplicate frame (duplicate),2019,2019.14,2019-11-23 Florance,_DSC7018,scenery,,2019.14,also in: 2019/2019.15/2019-11-26 Rome,data/xmp/result-2019/raw/2019.14/2019-11-23 Florance/_DSC7018.xmp
duplicate frame (duplicate),2019,2019.14,2019-11-23 Florance,_DSC8384,scenery,,2019.14,also in: 2019/2019.15/2019-11-26 Rome,data/xmp/result-2019/raw/2019.14/2019-11-23 Florance/_DSC8384.xmp
duplicate frame (duplicate),2019,2019.15,2019-11-26 Rome,_DSC7017,scenery,,2019.15,also in: 2019/2019.14/2019-11-23 Florance,data/xmp/result-2019/raw/2019.15/2019-11-26 Rome/_DSC7017.xmp
duplicate frame (duplicate),2019,2019.15,2019-11-26 Rome,_DSC7018,scenery,,2019.15,also in: 2019/2019.14/2019-11-23 Florance,data/xmp/result-2019/raw/2019.15/2019-11-26 Rome/_DSC7018.xmp
duplicate frame (duplicate),2019,2019.15,2019-11-26 Rome,_DSC8384,scenery,,2019.15,also in: 2019/2019.14/2019-11-23 Florance,data/xmp/result-2019/raw/2019.15/2019-11-26 Rome/_DSC8384.xmp
duplicate frame (duplicate),2019,2019.2,2019-02-03 山公园4号塘,_D5C3028,bird,white-eyed thrush,2019.2,also in: 2019/2019.1/2019-02-02 山公园77号塘（马鹿塘）,data/xmp/result-2019/raw/2019.2/2019-02-03 山公园4号塘/_D5C3028.xmp
duplicate frame (duplicate),2019,2019.2,2019-02-03 山公园4号塘,_D5C3083,bird,rufous-capped babbler,2019.2,also in: 2019/2019.1/2019-02-02 山公园77号塘（马鹿塘）,data/xmp/result-2019/raw/2019.2/2019-02-03 山公园4号塘/_D5C3083.xmp
duplicate frame (duplicate),2019,2019.4,2019-02-05 山公园11号塘 & 棕背田鸡,_DSC0739,bird,new zealand fernbird,2019.4,also in: 2019/2019.5/2019-02-06 旧街 & 37号塘,data/xmp/result-2019/raw/2019.4/2019-02-05 山公园11号塘 & 棕背田鸡/_DSC0739.xmp
duplicate frame (duplicate),2019,2019.5,2019-02-06 旧街 & 37号塘,_DSC0739,bird,new zealand fernbird,2019.5,also in: 2019/2019.4/2019-02-05 山公园11号塘 & 棕背田鸡,data/xmp/result-2019/raw/2019.5/2019-02-06 旧街 & 37号塘/_DSC0739.xmp
duplicate frame (duplicate),2021,2021.1,2021-02-07 Cozy City,_D5D5373,bird,brown shrike,2021.1,also in: 2021/2021.1/2021-02-07 逸城,data/xmp/result-2021/raw/2021.1/2021-02-07 Cozy City/_D5D5373.xmp
duplicate frame (duplicate),2021,2021.1,2021-02-07 Cozy City,_D5D5407,bird,brown parrotbill,2021.1,also in: 2021/2021.1/2021-02-07 逸城,data/xmp/result-2021/raw/2021.1/2021-02-07 Cozy City/_D5D5407.xmp
duplicate frame (duplicate),2021,2021.1,2021-02-07 Cozy City,_D5D5415,bird,scaly-breasted munia,2021.1,also in: 2021/2021.1/2021-02-07 逸城,data/xmp/result-2021/raw/2021.1/2021-02-07 Cozy City/_D5D5415.xmp
duplicate frame (duplicate),2021,2021.1,2021-02-07 Cozy City,_D5D5456,bird,pallas's leaf warbler,2021.1,also in: 2021/2021.1/2021-02-07 逸城,data/xmp/result-2021/raw/2021.1/2021-02-07 Cozy City/_D5D5456.xmp
duplicate frame (duplicate),2021,2021.1,2021-02-07 Cozy City,_D5D5623,bird,brown-headed parrotbill,2021.1,also in: 2021/2021.1/2021-02-07 逸城,data/xmp/result-2021/raw/2021.1/2021-02-07 Cozy City/_D5D5623.xmp
duplicate frame (duplicate),2021,2021.1,2021-02-07 Cozy City,_D5D5662,bird,society finch,2021.1,also in: 2021/2021.1/2021-02-07 逸城,data/xmp/result-2021/raw/2021.1/2021-02-07 Cozy City/_D5D5662.xmp
duplicate frame (duplicate),2021,2021.1,2021-02-07 Cozy City,_D5D5693,bird,scaly-breasted munia,2021.1,also in: 2021/2021.1/2021-02-07 逸城,data/xmp/result-2021/raw/2021.1/2021-02-07 Cozy City/_D5D5693.xmp
duplicate frame (duplicate),2021,2021.1,2021-02-07 Cozy City,_D5D5717,bird,little grebe,2021.1,also in: 2021/2021.1/2021-02-07 逸城,data/xmp/result-2021/raw/2021.1/2021-02-07 Cozy City/_D5D5717.xmp
duplicate frame (duplicate),2021,2021.1,2021-02-07 逸城,_D5D5373,bird,brown shrike,2021.1,also in: 2021/2021.1/2021-02-07 Cozy City,data/xmp/result-2021/raw/2021.1/2021-02-07 逸城/_D5D5373.xmp
duplicate frame (duplicate),2021,2021.1,2021-02-07 逸城,_D5D5407,bird,brown parrotbill,2021.1,also in: 2021/2021.1/2021-02-07 Cozy City,data/xmp/result-2021/raw/2021.1/2021-02-07 逸城/_D5D5407.xmp
duplicate frame (duplicate),2021,2021.1,2021-02-07 逸城,_D5D5415,bird,scaly-breasted munia,2021.1,also in: 2021/2021.1/2021-02-07 Cozy City,data/xmp/result-2021/raw/2021.1/2021-02-07 逸城/_D5D5415.xmp
duplicate frame (duplicate),2021,2021.1,2021-02-07 逸城,_D5D5456,bird,pallas's leaf warbler,2021.1,also in: 2021/2021.1/2021-02-07 Cozy City,data/xmp/result-2021/raw/2021.1/2021-02-07 逸城/_D5D5456.xmp
duplicate frame (duplicate),2021,2021.1,2021-02-07 逸城,_D5D5623,bird,brown-headed parrotbill,2021.1,also in: 2021/2021.1/2021-02-07 Cozy City,data/xmp/result-2021/raw/2021.1/2021-02-07 逸城/_D5D5623.xmp
duplicate frame (duplicate),2021,2021.1,2021-02-07 逸城,_D5D5662,bird,society finch,2021.1,also in: 2021/2021.1/2021-02-07 Cozy City,data/xmp/result-2021/raw/2021.1/2021-02-07 逸城/_D5D5662.xmp
duplicate frame (duplicate),2021,2021.1,2021-02-07 逸城,_D5D5693,bird,scaly-breasted munia,2021.1,also in: 2021/2021.1/2021-02-07 Cozy City,data/xmp/result-2021/raw/2021.1/2021-02-07 逸城/_D5D5693.xmp
duplicate frame (duplicate),2021,2021.1,2021-02-07 逸城,_D5D5717,bird,little grebe,2021.1,also in: 2021/2021.1/2021-02-07 Cozy City,data/xmp/result-2021/raw/2021.1/2021-02-07 逸城/_D5D5717.xmp
duplicate frame (duplicate),2021,2021.3,2021-04-29 南汇嘴,_D5D3384,bird,wood sandpiper,2021.3,also in: 2021/2021.3/2021-04-29 大云,data/xmp/result-2021/raw/2021.3/2021-04-29 南汇嘴/_D5D3384.xmp
duplicate frame (duplicate),2021,2021.3,2021-04-29 南汇嘴,_D5D3427,bird,wood sandpiper,2021.3,also in: 2021/2021.3/2021-04-29 大云,data/xmp/result-2021/raw/2021.3/2021-04-29 南汇嘴/_D5D3427.xmp
duplicate frame (duplicate),2021,2021.3,2021-04-29 南汇嘴,_D5D3433,bird,wood sandpiper,2021.3,also in: 2021/2021.3/2021-04-29 大云,data/xmp/result-2021/raw/2021.3/2021-04-29 南汇嘴/_D5D3433.xmp
duplicate frame (duplicate),2021,2021.3,2021-04-29 南汇嘴,_D5D3449,bird,wood sandpiper,2021.3,also in: 2021/2021.3/2021-04-29 大云,data/xmp/result-2021/raw/2021.3/2021-04-29 南汇嘴/_D5D3449.xmp
duplicate frame (duplicate),2021,2021.3,2021-04-29 南汇嘴,_D5D3456,bird,wood sandpiper,2021.3,also in: 2021/2021.3/2021-04-29 大云,data/xmp/result-2021/raw/2021.3/2021-04-29 南汇嘴/_D5D3456.xmp
duplicate frame (duplicate),2021,2021.3,2021-04-29 大云,_D5D3384,bird,wood sandpiper,2021.3,also in: 2021/2021.3/2021-04-29 南汇嘴,data/xmp/result-2021/raw/2021.3/2021-04-29 大云/_D5D3384.xmp
duplicate frame (duplicate),2021,2021.3,2021-04-29 大云,_D5D3427,bird,wood sandpiper,2021.3,also in: 2021/2021.3/2021-04-29 南汇嘴,data/xmp/result-2021/raw/2021.3/2021-04-29 大云/_D5D3427.xmp
duplicate frame (duplicate),2021,2021.3,2021-04-29 大云,_D5D3433,bird,wood sandpiper,2021.3,also in: 2021/2021.3/2021-04-29 南汇嘴,data/xmp/result-2021/raw/2021.3/2021-04-29 大云/_D5D3433.xmp
duplicate frame (duplicate),2021,2021.3,2021-04-29 大云,_D5D3449,bird,wood sandpiper,2021.3,also in: 2021/2021.3/2021-04-29 南汇嘴,data/xmp/result-2021/raw/2021.3/2021-04-29 大云/_D5D3449.xmp
duplicate frame (duplicate),2021,2021.3,2021-04-29 大云,_D5D3456,bird,wood sandpiper,2021.3,also in: 2021/2021.3/2021-04-29 南汇嘴,data/xmp/result-2021/raw/2021.3/2021-04-29 大云/_D5D3456.xmp
duplicate frame (duplicate),2021,2021.3,2021-05-05 兰溪 彩鹮,_D5C4754,bird,glossy ibis,2021.3,also in: 2021/2021.4/2021-05-07~08 南汇嘴,data/xmp/result-2021/raw/2021.3/2021-05-05 兰溪 彩鹮/_D5C4754.xmp
duplicate frame (duplicate),2021,2021.4,2021-05-07~08 南汇嘴,_D5C4754,bird,siberian blue robin,2021.4,also in: 2021/2021.3/2021-05-05 兰溪 彩鹮,data/xmp/result-2021/raw/2021.4/2021-05-07~08 南汇嘴/_D5C4754.xmp
duplicate frame (duplicate),2025,2025.1,2025-04-26 Cresta Mowana,_Z9C1263,bird,red-billed leiothrix,2025.1,also in: 2025/2025.1/2025-04-26 Cresta Mowana Safari,data/xmp/result-2025/raw/2025.1/2025-04-26 Cresta Mowana/_Z9C1263.xmp
duplicate frame (duplicate),2025,2025.1,2025-04-26 Cresta Mowana Safari,_Z9C1263,bird,red-billed leiothrix,2025.1,also in: 2025/2025.1/2025-04-26 Cresta Mowana,data/xmp/result-2025/raw/2025.1/2025-04-26 Cresta Mowana Safari/_Z9C1263.xmp
duplicate frame (duplicate),2025,2025.2,2025-06-20 Granada,_Z9C9006,bird,saker falcon,2025.2,also in: 2025/2025.2/2025-06-20.4 Granada,data/xmp/result-2025/raw/2025.2/2025-06-20 Granada/_Z9C9006.xmp
duplicate frame (duplicate),2025,2025.2,2025-06-20 Granada,_Z9C9010,bird,rock pigeon,2025.2,also in: 2025/2025.2/2025-06-20.4 Granada,data/xmp/result-2025/raw/2025.2/2025-06-20 Granada/_Z9C9010.xmp
duplicate frame (duplicate),2025,2025.2,2025-06-20.4 Granada,_Z9C9006,bird,saker falcon,2025.2,also in: 2025/2025.2/2025-06-20 Granada,data/xmp/result-2025/raw/2025.2/2025-06-20.4 Granada/_Z9C9006.xmp
duplicate frame (duplicate),2025,2025.2,2025-06-20.4 Granada,_Z9C9010,bird,rock pigeon,2025.2,also in: 2025/2025.2/2025-06-20 Granada,data/xmp/result-2025/raw/2025.2/2025-06-20.4 Granada/_Z9C9010.xmp
duplicate frame (duplicate),2025,2025.2,2025-07-05 Lofoten,_D5C7434,bird,mute swan,2025.2,also in: 2025/2025.2/2025-07-05 Lofoten Self-Driving,data/xmp/result-2025/raw/2025.2/2025-07-05 Lofoten/_D5C7434.xmp
duplicate frame (duplicate),2025,2025.2,2025-07-05 Lofoten,_D5C7443,bird,mute swan,2025.2,also in: 2025/2025.2/2025-07-05 Lofoten Self-Driving,data/xmp/result-2025/raw/2025.2/2025-07-05 Lofoten/_D5C7443.xmp
duplicate frame (duplicate),2025,2025.2,2025-07-05 Lofoten,_D5C7447,bird,whooper swan,2025.2,also in: 2025/2025.2/2025-07-05 Lofoten Self-Driving,data/xmp/result-2025/raw/2025.2/2025-07-05 Lofoten/_D5C7447.xmp
duplicate frame (duplicate),2025,2025.2,2025-07-05 Lofoten,_D5C7451,bird,whooper swan,2025.2,also in: 2025/2025.2/2025-07-05 Lofoten Self-Driving,data/xmp/result-2025/raw/2025.2/2025-07-05 Lofoten/_D5C7451.xmp
duplicate frame (duplicate),2025,2025.2,2025-07-05 Lofoten,_D5C7457,bird,herring gull,2025.2,also in: 2025/2025.2/2025-07-05 Lofoten Self-Driving,data/xmp/result-2025/raw/2025.2/2025-07-05 Lofoten/_D5C7457.xmp
duplicate frame (duplicate),2025,2025.2,2025-07-05 Lofoten,_D5C7477,scenery,,2025.2,also in: 2025/2025.2/2025-07-05 Lofoten Self-Driving,data/xmp/result-2025/raw/2025.2/2025-07-05 Lofoten/_D5C7477.xmp
duplicate frame (duplicate),2025,2025.2,2025-07-05 Lofoten,_D5C7482,bird,willow warbler,2025.2,also in: 2025/2025.2/2025-07-05 Lofoten Self-Driving,data/xmp/result-2025/raw/2025.2/2025-07-05 Lofoten/_D5C7482.xmp
duplicate frame (duplicate),2025,2025.2,2025-07-05 Lofoten,_D5C7516,bird,willow warbler,2025.2,also in: 2025/2025.2/2025-07-05 Lofoten Self-Driving,data/xmp/result-2025/raw/2025.2/2025-07-05 Lofoten/_D5C7516.xmp
duplicate frame (duplicate),2025,2025.2,2025-07-05 Lofoten,_D5C7572,bird,oystercatcher,2025.2,also in: 2025/2025.2/2025-07-05 Lofoten Self-Driving,data/xmp/result-2025/raw/2025.2/2025-07-05 Lofoten/_D5C7572.xmp
duplicate frame (duplicate),2025,2025.2,2025-07-05 Lofoten Self-Driving,_D5C7434,bird,mute swan,2025.2,also in: 2025/2025.2/2025-07-05 Lofoten,data/xmp/result-2025/raw/2025.2/2025-07-05 Lofoten Self-Driving/_D5C7434.xmp
duplicate frame (duplicate),2025,2025.2,2025-07-05 Lofoten Self-Driving,_D5C7443,bird,mute swan,2025.2,also in: 2025/2025.2/2025-07-05 Lofoten,data/xmp/result-2025/raw/2025.2/2025-07-05 Lofoten Self-Driving/_D5C7443.xmp
duplicate frame (duplicate),2025,2025.2,2025-07-05 Lofoten Self-Driving,_D5C7447,bird,whooper swan,2025.2,also in: 2025/2025.2/2025-07-05 Lofoten,data/xmp/result-2025/raw/2025.2/2025-07-05 Lofoten Self-Driving/_D5C7447.xmp
duplicate frame (duplicate),2025,2025.2,2025-07-05 Lofoten Self-Driving,_D5C7451,bird,whooper swan,2025.2,also in: 2025/2025.2/2025-07-05 Lofoten,data/xmp/result-2025/raw/2025.2/2025-07-05 Lofoten Self-Driving/_D5C7451.xmp
duplicate frame (duplicate),2025,2025.2,2025-07-05 Lofoten Self-Driving,_D5C7457,bird,herring gull,2025.2,also in: 2025/2025.2/2025-07-05 Lofoten,data/xmp/result-2025/raw/2025.2/2025-07-05 Lofoten Self-Driving/_D5C7457.xmp
duplicate frame (duplicate),2025,2025.2,2025-07-05 Lofoten Self-Driving,_D5C7477,scenery,,2025.2,also in: 2025/2025.2/2025-07-05 Lofoten,data/xmp/result-2025/raw/2025.2/2025-07-05 Lofoten Self-Driving/_D5C7477.xmp
duplicate frame (duplicate),2025,2025.2,2025-07-05 Lofoten Self-Driving,_D5C7482,bird,willow warbler,2025.2,also in: 2025/2025.2/2025-07-05 Lofoten,data/xmp/result-2025/raw/2025.2/2025-07-05 Lofoten Self-Driving/_D5C7482.xmp
duplicate frame (duplicate),2025,2025.2,2025-07-05 Lofoten Self-Driving,_D5C7516,bird,willow warbler,2025.2,also in: 2025/2025.2/2025-07-05 Lofoten,data/xmp/result-2025/raw/2025.2/2025-07-05 Lofoten Self-Driving/_D5C7516.xmp
duplicate frame (duplicate),2025,2025.2,2025-07-05 Lofoten Self-Driving,_D5C7572,bird,oystercatcher,2025.2,also in: 2025/2025.2/2025-07-05 Lofoten,data/xmp/result-2025/raw/2025.2/2025-07-05 Lofoten Self-Driving/_D5C7572.xmp
duplicate frame (duplicate),2025,2025.2,2025-07-06.1 Gimsøy Midnight Sun,_D5C8184,(none),,2025.2,also in: 2025/2025.2/2025-07-06.1 Lofoten,data/xmp/result-2025/raw/2025.2/2025-07-06.1 Gimsøy Midnight Sun/_D5C8184.xmp
duplicate frame (duplicate),2025,2025.2,2025-07-06.1 Gimsøy Midnight Sun,_D5C8208,(none),,2025.2,also in: 2025/2025.2/2025-07-06.1 Lofoten,data/xmp/result-2025/raw/2025.2/2025-07-06.1 Gimsøy Midnight Sun/_D5C8208.xmp
duplicate frame (duplicate),2025,2025.2,2025-07-06.1 Gimsøy Midnight Sun,_D5C8219,bird,black-headed gull,2025.2,also in: 2025/2025.2/2025-07-06.1 Lofoten,data/xmp/result-2025/raw/2025.2/2025-07-06.1 Gimsøy Midnight Sun/_D5C8219.xmp
duplicate frame (duplicate),2025,2025.2,2025-07-06.1 Gimsøy Midnight Sun,_D5C8265,(none),,2025.2,also in: 2025/2025.2/2025-07-06.1 Lofoten,data/xmp/result-2025/raw/2025.2/2025-07-06.1 Gimsøy Midnight Sun/_D5C8265.xmp
duplicate frame (duplicate),2025,2025.2,2025-07-06.1 Gimsøy Midnight Sun,_D5C8284,(none),,2025.2,also in: 2025/2025.2/2025-07-06.1 Lofoten,data/xmp/result-2025/raw/2025.2/2025-07-06.1 Gimsøy Midnight Sun/_D5C8284.xmp
duplicate frame (duplicate),2025,2025.2,2025-07-06.1 Gimsøy Midnight Sun,_D5C8295,(none),,2025.2,also in: 2025/2025.2/2025-07-06.1 Lofoten,data/xmp/result-2025/raw/2025.2/2025-07-06.1 Gimsøy Midnight Sun/_D5C8295.xmp
duplicate frame (duplicate),2025,2025.2,2025-07-06.1 Gimsøy Midnight Sun,_D5C8322,bird,red-throated diver,2025.2,also in: 2025/2025.2/2025-07-06.1 Lofoten,data/xmp/result-2025/raw/2025.2/2025-07-06.1 Gimsøy Midnight Sun/_D5C8322.xmp
duplicate frame (duplicate),2025,2025.2,2025-07-06.1 Gimsøy Midnight Sun,_D5C8338,bird,red-throated diver,2025.2,also in: 2025/2025.2/2025-07-06.1 Lofoten,data/xmp/result-2025/raw/2025.2/2025-07-06.1 Gimsøy Midnight Sun/_D5C8338.xmp
duplicate frame (duplicate),2025,2025.2,2025-07-06.1 Gimsøy Midnight Sun,_D5C8358,(none),,2025.2,also in: 2025/2025.2/2025-07-06.1 Lofoten,data/xmp/result-2025/raw/2025.2/2025-07-06.1 Gimsøy Midnight Sun/_D5C8358.xmp
duplicate frame (duplicate),2025,2025.2,2025-07-06.1 Gimsøy Midnight Sun,_D5C8383,bird,black redstart,2025.2,also in: 2025/2025.2/2025-07-06.1 Lofoten,data/xmp/result-2025/raw/2025.2/2025-07-06.1 Gimsøy Midnight Sun/_D5C8383.xmp
duplicate frame (duplicate),2025,2025.2,2025-07-06.1 Lofoten,_D5C0152,bird,flock of gulls in flight,2025.2,also in: 2025/2025.3/2025-07-06.2 Trollfjord Cruise,data/xmp/result-2025/raw/2025.2/2025-07-06.1 Lofoten/_D5C0152.xmp
duplicate frame (duplicate),2025,2025.2,2025-07-06.1 Lofoten,_D5C0183,bird,white-tailed eagle,2025.2,also in: 2025/2025.3/2025-07-06.2 Trollfjord Cruise,data/xmp/result-2025/raw/2025.2/2025-07-06.1 Lofoten/_D5C0183.xmp
duplicate frame (duplicate),2025,2025.2,2025-07-06.1 Lofoten,_D5C0215,bird,white-tailed eagle,2025.2,also in: 2025/2025.3/2025-07-06.2 Trollfjord Cruise,data/xmp/result-2025/raw/2025.2/2025-07-06.1 Lofoten/_D5C0215.xmp
duplicate frame (duplicate),2025,2025.2,2025-07-06.1 Lofoten,_D5C0231,bird,white-tailed eagle,2025.2,also in: 2025/2025.3/2025-07-06.2 Trollfjord Cruise,data/xmp/result-2025/raw/2025.2/2025-07-06.1 Lofoten/_D5C0231.xmp
duplicate frame (duplicate),2025,2025.2,2025-07-06.1 Lofoten,_D5C0233,bird,white-tailed eagle,2025.2,also in: 2025/2025.3/2025-07-06.2 Trollfjord Cruise,data/xmp/result-2025/raw/2025.2/2025-07-06.1 Lofoten/_D5C0233.xmp
duplicate frame (duplicate),2025,2025.2,2025-07-06.1 Lofoten,_D5C0254,bird,white-tailed eagle,2025.2,also in: 2025/2025.3/2025-07-06.2 Trollfjord Cruise,data/xmp/result-2025/raw/2025.2/2025-07-06.1 Lofoten/_D5C0254.xmp
duplicate frame (duplicate),2025,2025.2,2025-07-06.1 Lofoten,_D5C0302,bird,common eider,2025.2,also in: 2025/2025.3/2025-07-06.2 Trollfjord Cruise,data/xmp/result-2025/raw/2025.2/2025-07-06.1 Lofoten/_D5C0302.xmp
duplicate frame (duplicate),2025,2025.2,2025-07-06.1 Lofoten,_D5C0323,bird,white-tailed eagle,2025.2,also in: 2025/2025.3/2025-07-06.2 Trollfjord Cruise,data/xmp/result-2025/raw/2025.2/2025-07-06.1 Lofoten/_D5C0323.xmp
duplicate frame (duplicate),2025,2025.2,2025-07-06.1 Lofoten,_D5C0329,bird,white-tailed eagle,2025.2,also in: 2025/2025.3/2025-07-06.2 Trollfjord Cruise,data/xmp/result-2025/raw/2025.2/2025-07-06.1 Lofoten/_D5C0329.xmp
duplicate frame (duplicate),2025,2025.2,2025-07-06.1 Lofoten,_D5C0332,bird,white-tailed eagle,2025.2,also in: 2025/2025.3/2025-07-06.2 Trollfjord Cruise,data/xmp/result-2025/raw/2025.2/2025-07-06.1 Lofoten/_D5C0332.xmp
duplicate frame (duplicate),2025,2025.2,2025-07-06.1 Lofoten,_D5C0336,bird,white-tailed eagle,2025.2,also in: 2025/2025.3/2025-07-06.2 Trollfjord Cruise,data/xmp/result-2025/raw/2025.2/2025-07-06.1 Lofoten/_D5C0336.xmp
duplicate frame (duplicate),2025,2025.2,2025-07-06.1 Lofoten,_D5C0366,bird,black-headed gull,2025.2,also in: 2025/2025.3/2025-07-06.2 Trollfjord Cruise,data/xmp/result-2025/raw/2025.2/2025-07-06.1 Lofoten/_D5C0366.xmp
duplicate frame (duplicate),2025,2025.2,2025-07-06.1 Lofoten,_D5C0374,bird,black kite,2025.2,also in: 2025/2025.3/2025-07-06.2 Trollfjord Cruise,data/xmp/result-2025/raw/2025.2/2025-07-06.1 Lofoten/_D5C0374.xmp
duplicate frame (duplicate),2025,2025.2,2025-07-06.1 Lofoten,_D5C0437,bird,northern jacana,2025.2,also in: 2025/2025.3/2025-07-06.2 Trollfjord Cruise,data/xmp/result-2025/raw/2025.2/2025-07-06.1 Lofoten/_D5C0437.xmp
duplicate frame (duplicate),2025,2025.2,2025-07-06.1 Lofoten,_D5C0438,bird,northern shoveler,2025.2,also in: 2025/2025.3/2025-07-06.2 Trollfjord Cruise,data/xmp/result-2025/raw/2025.2/2025-07-06.1 Lofoten/_D5C0438.xmp
duplicate frame (duplicate),2025,2025.2,2025-07-06.1 Lofoten,_D5C0439,bird,northern shoveler,2025.2,also in: 2025/2025.3/2025-07-06.2 Trollfjord Cruise,data/xmp/result-2025/raw/2025.2/2025-07-06.1 Lofoten/_D5C0439.xmp
duplicate frame (duplicate),2025,2025.2,2025-07-06.1 Lofoten,_D5C0441,bird,northern lapwing,2025.2,also in: 2025/2025.3/2025-07-06.2 Trollfjord Cruise,data/xmp/result-2025/raw/2025.2/2025-07-06.1 Lofoten/_D5C0441.xmp
duplicate frame (duplicate),2025,2025.2,2025-07-06.1 Lofoten,_D5C0442,bird,common merganser,2025.2,also in: 2025/2025.3/2025-07-06.2 Trollfjord Cruise,data/xmp/result-2025/raw/2025.2/2025-07-06.1 Lofoten/_D5C0442.xmp
duplicate frame (duplicate),2025,2025.2,2025-07-06.1 Lofoten,_D5C0443,bird,common merganser,2025.2,also in: 2025/2025.3/2025-07-06.2 Trollfjord Cruise,data/xmp/result-2025/raw/2025.2/2025-07-06.1 Lofoten/_D5C0443.xmp
duplicate frame (duplicate),2025,2025.2,2025-07-06.1 Lofoten,_D5C8184,(none),,2025.2,also in: 2025/2025.2/2025-07-06.1 Gimsøy Midnight Sun,data/xmp/result-2025/raw/2025.2/2025-07-06.1 Lofoten/_D5C8184.xmp
duplicate frame (duplicate),2025,2025.2,2025-07-06.1 Lofoten,_D5C8208,(none),,2025.2,also in: 2025/2025.2/2025-07-06.1 Gimsøy Midnight Sun,data/xmp/result-2025/raw/2025.2/2025-07-06.1 Lofoten/_D5C8208.xmp
duplicate frame (duplicate),2025,2025.2,2025-07-06.1 Lofoten,_D5C8219,bird,black-headed gull,2025.2,also in: 2025/2025.2/2025-07-06.1 Gimsøy Midnight Sun,data/xmp/result-2025/raw/2025.2/2025-07-06.1 Lofoten/_D5C8219.xmp
duplicate frame (duplicate),2025,2025.2,2025-07-06.1 Lofoten,_D5C8265,(none),,2025.2,also in: 2025/2025.2/2025-07-06.1 Gimsøy Midnight Sun,data/xmp/result-2025/raw/2025.2/2025-07-06.1 Lofoten/_D5C8265.xmp
duplicate frame (duplicate),2025,2025.2,2025-07-06.1 Lofoten,_D5C8284,(none),,2025.2,also in: 2025/2025.2/2025-07-06.1 Gimsøy Midnight Sun,data/xmp/result-2025/raw/2025.2/2025-07-06.1 Lofoten/_D5C8284.xmp
duplicate frame (duplicate),2025,2025.2,2025-07-06.1 Lofoten,_D5C8295,(none),,2025.2,also in: 2025/2025.2/2025-07-06.1 Gimsøy Midnight Sun,data/xmp/result-2025/raw/2025.2/2025-07-06.1 Lofoten/_D5C8295.xmp
duplicate frame (duplicate),2025,2025.2,2025-07-06.1 Lofoten,_D5C8322,bird,red-throated diver,2025.2,also in: 2025/2025.2/2025-07-06.1 Gimsøy Midnight Sun,data/xmp/result-2025/raw/2025.2/2025-07-06.1 Lofoten/_D5C8322.xmp
duplicate frame (duplicate),2025,2025.2,2025-07-06.1 Lofoten,_D5C8338,bird,red-throated diver,2025.2,also in: 2025/2025.2/2025-07-06.1 Gimsøy Midnight Sun,data/xmp/result-2025/raw/2025.2/2025-07-06.1 Lofoten/_D5C8338.xmp
duplicate frame (duplicate),2025,2025.2,2025-07-06.1 Lofoten,_D5C8358,(none),,2025.2,also in: 2025/2025.2/2025-07-06.1 Gimsøy Midnight Sun,data/xmp/result-2025/raw/2025.2/2025-07-06.1 Lofoten/_D5C8358.xmp
duplicate frame (duplicate),2025,2025.2,2025-07-06.1 Lofoten,_D5C8383,bird,black redstart,2025.2,also in: 2025/2025.2/2025-07-06.1 Gimsøy Midnight Sun,data/xmp/result-2025/raw/2025.2/2025-07-06.1 Lofoten/_D5C8383.xmp
duplicate frame (duplicate),2025,2025.2,2025-07-06.1 Lofoten,_D5C8418,bird,white-tailed eagle,2025.2,also in: 2025/2025.3/2025-07-06.2 Trollfjord Cruise,data/xmp/result-2025/raw/2025.2/2025-07-06.1 Lofoten/_D5C8418.xmp
duplicate frame (duplicate),2025,2025.2,2025-07-06.1 Lofoten,_D5C8422,bird,white-tailed eagle,2025.2,also in: 2025/2025.3/2025-07-06.2 Trollfjord Cruise,data/xmp/result-2025/raw/2025.2/2025-07-06.1 Lofoten/_D5C8422.xmp
duplicate frame (duplicate),2025,2025.2,2025-07-06.1 Lofoten,_D5C8437,bird,white-tailed eagle,2025.2,also in: 2025/2025.3/2025-07-06.2 Trollfjord Cruise,data/xmp/result-2025/raw/2025.2/2025-07-06.1 Lofoten/_D5C8437.xmp
duplicate frame (duplicate),2025,2025.2,2025-07-06.1 Lofoten,_D5C8457,bird,white-tailed eagle,2025.2,also in: 2025/2025.3/2025-07-06.2 Trollfjord Cruise,data/xmp/result-2025/raw/2025.2/2025-07-06.1 Lofoten/_D5C8457.xmp
duplicate frame (duplicate),2025,2025.2,2025-07-06.1 Lofoten,_D5C8538,bird,white-tailed eagle,2025.2,also in: 2025/2025.3/2025-07-06.2 Trollfjord Cruise,data/xmp/result-2025/raw/2025.2/2025-07-06.1 Lofoten/_D5C8538.xmp
duplicate frame (duplicate),2025,2025.2,2025-07-06.1 Lofoten,_D5C8607,bird,white-tailed eagle,2025.2,also in: 2025/2025.3/2025-07-06.2 Trollfjord Cruise,data/xmp/result-2025/raw/2025.2/2025-07-06.1 Lofoten/_D5C8607.xmp
duplicate frame (duplicate),2025,2025.2,2025-07-06.1 Lofoten,_D5C8608,bird,white-tailed eagle,2025.2,also in: 2025/2025.3/2025-07-06.2 Trollfjord Cruise,data/xmp/result-2025/raw/2025.2/2025-07-06.1 Lofoten/_D5C8608.xmp
duplicate frame (duplicate),2025,2025.2,2025-07-06.1 Lofoten,_D5C8687,bird,white-tailed eagle,2025.2,also in: 2025/2025.3/2025-07-06.2 Trollfjord Cruise,data/xmp/result-2025/raw/2025.2/2025-07-06.1 Lofoten/_D5C8687.xmp
duplicate frame (duplicate),2025,2025.2,2025-07-06.1 Lofoten,_D5C8689,bird,white-tailed eagle,2025.2,also in: 2025/2025.3/2025-07-06.2 Trollfjord Cruise,data/xmp/result-2025/raw/2025.2/2025-07-06.1 Lofoten/_D5C8689.xmp
duplicate frame (duplicate),2025,2025.2,2025-07-06.1 Lofoten,_D5C8692,bird,white-tailed eagle,2025.2,also in: 2025/2025.3/2025-07-06.2 Trollfjord Cruise,data/xmp/result-2025/raw/2025.2/2025-07-06.1 Lofoten/_D5C8692.xmp
duplicate frame (duplicate),2025,2025.2,2025-07-06.1 Lofoten,_D5C8712,bird,golden eagle,2025.2,also in: 2025/2025.3/2025-07-06.2 Trollfjord Cruise,data/xmp/result-2025/raw/2025.2/2025-07-06.1 Lofoten/_D5C8712.xmp
duplicate frame (duplicate),2025,2025.2,2025-07-06.1 Lofoten,_D5C8714,bird,white-tailed eagle,2025.2,also in: 2025/2025.3/2025-07-06.2 Trollfjord Cruise,data/xmp/result-2025/raw/2025.2/2025-07-06.1 Lofoten/_D5C8714.xmp
duplicate frame (duplicate),2025,2025.2,2025-07-06.1 Lofoten,_D5C8767,bird,white-tailed eagle,2025.2,also in: 2025/2025.3/2025-07-06.2 Trollfjord Cruise,data/xmp/result-2025/raw/2025.2/2025-07-06.1 Lofoten/_D5C8767.xmp
duplicate frame (duplicate),2025,2025.2,2025-07-06.1 Lofoten,_D5C8791,scenery,,2025.2,also in: 2025/2025.3/2025-07-06.2 Trollfjord Cruise,data/xmp/result-2025/raw/2025.2/2025-07-06.1 Lofoten/_D5C8791.xmp
duplicate frame (duplicate),2025,2025.2,2025-07-06.1 Lofoten,_D5C8839,bird,white-bellied sea eagle,2025.2,also in: 2025/2025.3/2025-07-06.2 Trollfjord Cruise,data/xmp/result-2025/raw/2025.2/2025-07-06.1 Lofoten/_D5C8839.xmp
duplicate frame (duplicate),2025,2025.2,2025-07-06.1 Lofoten,_D5C8969,bird,great black-backed gull,2025.2,also in: 2025/2025.3/2025-07-06.2 Trollfjord Cruise,data/xmp/result-2025/raw/2025.2/2025-07-06.1 Lofoten/_D5C8969.xmp
duplicate frame (duplicate),2025,2025.2,2025-07-06.1 Lofoten,_D5C8971,bird,yellow-legged gull,2025.2,also in: 2025/2025.3/2025-07-06.2 Trollfjord Cruise,data/xmp/result-2025/raw/2025.2/2025-07-06.1 Lofoten/_D5C8971.xmp
duplicate frame (duplicate),2025,2025.2,2025-07-06.1 Lofoten,_D5C8986,bird,common gull,2025.2,also in: 2025/2025.3/2025-07-06.2 Trollfjord Cruise,data/xmp/result-2025/raw/2025.2/2025-07-06.1 Lofoten/_D5C8986.xmp
duplicate frame (duplicate),2025,2025.2,2025-07-06.1 Lofoten,_D5C8987,bird,common gull,2025.2,also in: 2025/2025.3/2025-07-06.2 Trollfjord Cruise,data/xmp/result-2025/raw/2025.2/2025-07-06.1 Lofoten/_D5C8987.xmp
duplicate frame (duplicate),2025,2025.2,2025-07-06.1 Lofoten,_D5C8996,bird,white-tailed eagle,2025.2,also in: 2025/2025.3/2025-07-06.2 Trollfjord Cruise,data/xmp/result-2025/raw/2025.2/2025-07-06.1 Lofoten/_D5C8996.xmp
duplicate frame (duplicate),2025,2025.2,2025-07-06.1 Lofoten,_D5C9007,bird,white-tailed eagle,2025.2,also in: 2025/2025.3/2025-07-06.2 Trollfjord Cruise,data/xmp/result-2025/raw/2025.2/2025-07-06.1 Lofoten/_D5C9007.xmp
duplicate frame (duplicate),2025,2025.2,2025-07-06.1 Lofoten,_D5C9047,bird,white-tailed eagle,2025.2,also in: 2025/2025.3/2025-07-06.2 Trollfjord Cruise,data/xmp/result-2025/raw/2025.2/2025-07-06.1 Lofoten/_D5C9047.xmp
duplicate frame (duplicate),2025,2025.2,2025-07-06.1 Lofoten,_D5C9048,bird,white-tailed eagle,2025.2,also in: 2025/2025.3/2025-07-06.2 Trollfjord Cruise,data/xmp/result-2025/raw/2025.2/2025-07-06.1 Lofoten/_D5C9048.xmp
duplicate frame (duplicate),2025,2025.2,2025-07-06.1 Lofoten,_D5C9050,bird,white-tailed eagle,2025.2,also in: 2025/2025.3/2025-07-06.2 Trollfjord Cruise,data/xmp/result-2025/raw/2025.2/2025-07-06.1 Lofoten/_D5C9050.xmp
duplicate frame (duplicate),2025,2025.2,2025-07-06.1 Lofoten,_D5C9085,bird,white-tailed eagle,2025.2,also in: 2025/2025.3/2025-07-06.2 Trollfjord Cruise,data/xmp/result-2025/raw/2025.2/2025-07-06.1 Lofoten/_D5C9085.xmp
duplicate frame (duplicate),2025,2025.2,2025-07-06.1 Lofoten,_D5C9109,bird,golden eagle,2025.2,also in: 2025/2025.3/2025-07-06.2 Trollfjord Cruise,data/xmp/result-2025/raw/2025.2/2025-07-06.1 Lofoten/_D5C9109.xmp
duplicate frame (duplicate),2025,2025.2,2025-07-06.1 Lofoten,_D5C9123,bird,raven,2025.2,also in: 2025/2025.3/2025-07-06.2 Trollfjord Cruise,data/xmp/result-2025/raw/2025.2/2025-07-06.1 Lofoten/_D5C9123.xmp
duplicate frame (duplicate),2025,2025.2,2025-07-06.1 Lofoten,_D5C9129,bird,hooded crow,2025.2,also in: 2025/2025.3/2025-07-06.2 Trollfjord Cruise,data/xmp/result-2025/raw/2025.2/2025-07-06.1 Lofoten/_D5C9129.xmp
duplicate frame (duplicate),2025,2025.2,2025-07-06.1 Lofoten,_D5C9138,bird,white-tailed eagle,2025.2,also in: 2025/2025.3/2025-07-06.2 Trollfjord Cruise,data/xmp/result-2025/raw/2025.2/2025-07-06.1 Lofoten/_D5C9138.xmp
duplicate frame (duplicate),2025,2025.2,2025-07-06.1 Lofoten,_D5C9141,bird,golden eagle,2025.2,also in: 2025/2025.3/2025-07-06.2 Trollfjord Cruise,data/xmp/result-2025/raw/2025.2/2025-07-06.1 Lofoten/_D5C9141.xmp
duplicate frame (duplicate),2025,2025.2,2025-07-06.1 Lofoten,_D5C9143,bird,white-tailed eagle,2025.2,also in: 2025/2025.3/2025-07-06.2 Trollfjord Cruise,data/xmp/result-2025/raw/2025.2/2025-07-06.1 Lofoten/_D5C9143.xmp
duplicate frame (duplicate),2025,2025.2,2025-07-06.1 Lofoten,_D5C9174,bird,white-tailed eagle,2025.2,also in: 2025/2025.3/2025-07-06.2 Trollfjord Cruise,data/xmp/result-2025/raw/2025.2/2025-07-06.1 Lofoten/_D5C9174.xmp
duplicate frame (duplicate),2025,2025.2,2025-07-06.1 Lofoten,_D5C9176,bird,white-tailed eagle,2025.2,also in: 2025/2025.3/2025-07-06.2 Trollfjord Cruise,data/xmp/result-2025/raw/2025.2/2025-07-06.1 Lofoten/_D5C9176.xmp
duplicate frame (duplicate),2025,2025.2,2025-07-06.1 Lofoten,_D5C9192,bird,white-tailed eagle,2025.2,also in: 2025/2025.3/2025-07-06.2 Trollfjord Cruise,data/xmp/result-2025/raw/2025.2/2025-07-06.1 Lofoten/_D5C9192.xmp
duplicate frame (duplicate),2025,2025.2,2025-07-06.1 Lofoten,_D5C9197,bird,white-tailed eagle,2025.2,also in: 2025/2025.3/2025-07-06.2 Trollfjord Cruise,data/xmp/result-2025/raw/2025.2/2025-07-06.1 Lofoten/_D5C9197.xmp
duplicate frame (duplicate),2025,2025.2,2025-07-06.1 Lofoten,_D5C9223,bird,great black-backed gull,2025.2,also in: 2025/2025.3/2025-07-06.2 Trollfjord Cruise,data/xmp/result-2025/raw/2025.2/2025-07-06.1 Lofoten/_D5C9223.xmp
duplicate frame (duplicate),2025,2025.2,2025-07-06.1 Lofoten,_D5C9258,bird,white-tailed eagle,2025.2,also in: 2025/2025.3/2025-07-06.2 Trollfjord Cruise,data/xmp/result-2025/raw/2025.2/2025-07-06.1 Lofoten/_D5C9258.xmp
duplicate frame (duplicate),2025,2025.2,2025-07-06.1 Lofoten,_D5C9300,bird,white-tailed eagle,2025.2,also in: 2025/2025.3/2025-07-06.2 Trollfjord Cruise,data/xmp/result-2025/raw/2025.2/2025-07-06.1 Lofoten/_D5C9300.xmp
duplicate frame (duplicate),2025,2025.2,2025-07-06.1 Lofoten,_D5C9314,bird,white-tailed eagle,2025.2,also in: 2025/2025.3/2025-07-06.2 Trollfjord Cruise,data/xmp/result-2025/raw/2025.2/2025-07-06.1 Lofoten/_D5C9314.xmp
duplicate frame (duplicate),2025,2025.2,2025-07-06.1 Lofoten,_D5C9388,bird,white-tailed eagle,2025.2,also in: 2025/2025.3/2025-07-06.2 Trollfjord Cruise,data/xmp/result-2025/raw/2025.2/2025-07-06.1 Lofoten/_D5C9388.xmp
duplicate frame (duplicate),2025,2025.2,2025-07-06.1 Lofoten,_D5C9390,bird,white-tailed eagle,2025.2,also in: 2025/2025.3/2025-07-06.2 Trollfjord Cruise,data/xmp/result-2025/raw/2025.2/2025-07-06.1 Lofoten/_D5C9390.xmp
duplicate frame (duplicate),2025,2025.2,2025-07-06.1 Lofoten,_D5C9411,bird,white-tailed eagle,2025.2,also in: 2025/2025.3/2025-07-06.2 Trollfjord Cruise,data/xmp/result-2025/raw/2025.2/2025-07-06.1 Lofoten/_D5C9411.xmp
duplicate frame (duplicate),2025,2025.2,2025-07-06.1 Lofoten,_D5C9417,bird,white-tailed eagle,2025.2,also in: 2025/2025.3/2025-07-06.2 Trollfjord Cruise,data/xmp/result-2025/raw/2025.2/2025-07-06.1 Lofoten/_D5C9417.xmp
duplicate frame (duplicate),2025,2025.2,2025-07-06.1 Lofoten,_D5C9439,bird,white-tailed eagle,2025.2,also in: 2025/2025.3/2025-07-06.2 Trollfjord Cruise,data/xmp/result-2025/raw/2025.2/2025-07-06.1 Lofoten/_D5C9439.xmp
duplicate frame (duplicate),2025,2025.2,2025-07-06.1 Lofoten,_D5C9464,bird,white-tailed eagle,2025.2,also in: 2025/2025.3/2025-07-06.2 Trollfjord Cruise,data/xmp/result-2025/raw/2025.2/2025-07-06.1 Lofoten/_D5C9464.xmp
duplicate frame (duplicate),2025,2025.2,2025-07-06.1 Lofoten,_D5C9467,bird,white-tailed eagle,2025.2,also in: 2025/2025.3/2025-07-06.2 Trollfjord Cruise,data/xmp/result-2025/raw/2025.2/2025-07-06.1 Lofoten/_D5C9467.xmp
duplicate frame (duplicate),2025,2025.2,2025-07-06.1 Lofoten,_D5C9470,bird,white-tailed eagle,2025.2,also in: 2025/2025.3/2025-07-06.2 Trollfjord Cruise,data/xmp/result-2025/raw/2025.2/2025-07-06.1 Lofoten/_D5C9470.xmp
duplicate frame (duplicate),2025,2025.2,2025-07-06.1 Lofoten,_D5C9508,bird,white-tailed eagle,2025.2,also in: 2025/2025.3/2025-07-06.2 Trollfjord Cruise,data/xmp/result-2025/raw/2025.2/2025-07-06.1 Lofoten/_D5C9508.xmp
duplicate frame (duplicate),2025,2025.2,2025-07-06.1 Lofoten,_D5C9509,bird,white-tailed eagle,2025.2,also in: 2025/2025.3/2025-07-06.2 Trollfjord Cruise,data/xmp/result-2025/raw/2025.2/2025-07-06.1 Lofoten/_D5C9509.xmp
duplicate frame (duplicate),2025,2025.2,2025-07-06.1 Lofoten,_D5C9512,bird,white-tailed eagle,2025.2,also in: 2025/2025.3/2025-07-06.2 Trollfjord Cruise,data/xmp/result-2025/raw/2025.2/2025-07-06.1 Lofoten/_D5C9512.xmp
duplicate frame (duplicate),2025,2025.2,2025-07-06.1 Lofoten,_D5C9516,bird,white-tailed eagle,2025.2,also in: 2025/2025.3/2025-07-06.2 Trollfjord Cruise,data/xmp/result-2025/raw/2025.2/2025-07-06.1 Lofoten/_D5C9516.xmp
duplicate frame (duplicate),2025,2025.2,2025-07-06.1 Lofoten,_D5C9519,bird,white-tailed eagle,2025.2,also in: 2025/2025.3/2025-07-06.2 Trollfjord Cruise,data/xmp/result-2025/raw/2025.2/2025-07-06.1 Lofoten/_D5C9519.xmp
duplicate frame (duplicate),2025,2025.2,2025-07-06.1 Lofoten,_D5C9521,bird,white-tailed eagle,2025.2,also in: 2025/2025.3/2025-07-06.2 Trollfjord Cruise,data/xmp/result-2025/raw/2025.2/2025-07-06.1 Lofoten/_D5C9521.xmp
duplicate frame (duplicate),2025,2025.2,2025-07-06.1 Lofoten,_D5C9527,bird,white-tailed eagle,2025.2,also in: 2025/2025.3/2025-07-06.2 Trollfjord Cruise,data/xmp/result-2025/raw/2025.2/2025-07-06.1 Lofoten/_D5C9527.xmp
duplicate frame (duplicate),2025,2025.2,2025-07-06.1 Lofoten,_D5C9531,bird,white-tailed eagle,2025.2,also in: 2025/2025.3/2025-07-06.2 Trollfjord Cruise,data/xmp/result-2025/raw/2025.2/2025-07-06.1 Lofoten/_D5C9531.xmp
duplicate frame (duplicate),2025,2025.2,2025-07-06.1 Lofoten,_D5C9533,bird,white-tailed eagle,2025.2,also in: 2025/2025.3/2025-07-06.2 Trollfjord Cruise,data/xmp/result-2025/raw/2025.2/2025-07-06.1 Lofoten/_D5C9533.xmp
duplicate frame (duplicate),2025,2025.2,2025-07-06.1 Lofoten,_D5C9542,bird,white-tailed eagle,2025.2,also in: 2025/2025.3/2025-07-06.2 Trollfjord Cruise,data/xmp/result-2025/raw/2025.2/2025-07-06.1 Lofoten/_D5C9542.xmp
duplicate frame (duplicate),2025,2025.2,2025-07-06.1 Lofoten,_D5C9592,bird,yellow-legged gull,2025.2,also in: 2025/2025.3/2025-07-06.2 Trollfjord Cruise,data/xmp/result-2025/raw/2025.2/2025-07-06.1 Lofoten/_D5C9592.xmp
duplicate frame (duplicate),2025,2025.2,2025-07-06.1 Lofoten,_D5C9601,bird,white-tailed eagle,2025.2,also in: 2025/2025.3/2025-07-06.2 Trollfjord Cruise,data/xmp/result-2025/raw/2025.2/2025-07-06.1 Lofoten/_D5C9601.xmp
duplicate frame (duplicate),2025,2025.2,2025-07-06.1 Lofoten,_D5C9602,bird,brahminy kite,2025.2,also in: 2025/2025.3/2025-07-06.2 Trollfjord Cruise,data/xmp/result-2025/raw/2025.2/2025-07-06.1 Lofoten/_D5C9602.xmp
duplicate frame (duplicate),2025,2025.2,2025-07-06.1 Lofoten,_D5C9605,bird,western osprey,2025.2,also in: 2025/2025.3/2025-07-06.2 Trollfjord Cruise,data/xmp/result-2025/raw/2025.2/2025-07-06.1 Lofoten/_D5C9605.xmp
duplicate frame (duplicate),2025,2025.2,2025-07-06.1 Lofoten,_D5C9614,bird,white-tailed eagle,2025.2,also in: 2025/2025.3/2025-07-06.2 Trollfjord Cruise,data/xmp/result-2025/raw/2025.2/2025-07-06.1 Lofoten/_D5C9614.xmp
duplicate frame (duplicate),2025,2025.2,2025-07-06.1 Lofoten,_D5C9615,bird,white-tailed eagle,2025.2,also in: 2025/2025.3/2025-07-06.2 Trollfjord Cruise,data/xmp/result-2025/raw/2025.2/2025-07-06.1 Lofoten/_D5C9615.xmp
duplicate frame (duplicate),2025,2025.2,2025-07-06.1 Lofoten,_D5C9837,bird,black oystercatcher,2025.2,also in: 2025/2025.3/2025-07-06.2 Trollfjord Cruise,data/xmp/result-2025/raw/2025.2/2025-07-06.1 Lofoten/_D5C9837.xmp
duplicate frame (duplicate),2025,2025.2,2025-07-06.1 Lofoten,_D5C9842,bird,black skimmer,2025.2,also in: 2025/2025.3/2025-07-06.2 Trollfjord Cruise,data/xmp/result-2025/raw/2025.2/2025-07-06.1 Lofoten/_D5C9842.xmp
duplicate frame (duplicate),2025,2025.2,2025-07-06.1 Lofoten,_D5C9847,scenery,,2025.2,also in: 2025/2025.3/2025-07-06.2 Trollfjord Cruise,data/xmp/result-2025/raw/2025.2/2025-07-06.1 Lofoten/_D5C9847.xmp
duplicate frame (duplicate),2025,2025.2,2025-07-06.1 Lofoten,_D5C9871,bird,yellow-legged gull,2025.2,also in: 2025/2025.3/2025-07-06.2 Trollfjord Cruise,data/xmp/result-2025/raw/2025.2/2025-07-06.1 Lofoten/_D5C9871.xmp
duplicate frame (duplicate),2025,2025.2,2025-07-06.1 Lofoten,_D5C9876,bird,black-legged kittiwake,2025.2,also in: 2025/2025.3/2025-07-06.2 Trollfjord Cruise,data/xmp/result-2025/raw/2025.2/2025-07-06.1 Lofoten/_D5C9876.xmp
duplicate frame (duplicate),2025,2025.2,2025-07-06.1 Lofoten,_D5C9879,bird,grey wagtail,2025.2,also in: 2025/2025.3/2025-07-06.2 Trollfjord Cruise,data/xmp/result-2025/raw/2025.2/2025-07-06.1 Lofoten/_D5C9879.xmp
duplicate frame (duplicate),2025,2025.2,2025-07-06.1 Lofoten,_D5C9884,bird,grey wagtail,2025.2,also in: 2025/2025.3/2025-07-06.2 Trollfjord Cruise,data/xmp/result-2025/raw/2025.2/2025-07-06.1 Lofoten/_D5C9884.xmp
duplicate frame (duplicate),2025,2025.2,2025-07-06.1 Lofoten,_D5C9908,bird,yellow-legged gull,2025.2,also in: 2025/2025.3/2025-07-06.2 Trollfjord Cruise,data/xmp/result-2025/raw/2025.2/2025-07-06.1 Lofoten/_D5C9908.xmp
duplicate frame (duplicate),2025,2025.2,2025-07-06.1 Lofoten,_D5C9937,bird,white wagtail,2025.2,also in: 2025/2025.3/2025-07-06.2 Trollfjord Cruise,data/xmp/result-2025/raw/2025.2/2025-07-06.1 Lofoten/_D5C9937.xmp
duplicate frame (duplicate),2025,2025.2,2025-07-06.1 Lofoten,_D5C9943,bird,white wagtail,2025.2,also in: 2025/2025.3/2025-07-06.2 Trollfjord Cruise,data/xmp/result-2025/raw/2025.2/2025-07-06.1 Lofoten/_D5C9943.xmp
duplicate frame (duplicate),2025,2025.2,2025-07-06.1 Lofoten,_D5C9945,bird,white wagtail,2025.2,also in: 2025/2025.3/2025-07-06.2 Trollfjord Cruise,data/xmp/result-2025/raw/2025.2/2025-07-06.1 Lofoten/_D5C9945.xmp
duplicate frame (duplicate),2025,2025.2,2025-07-06.1 Lofoten,_D5C9948,bird,white wagtail,2025.2,also in: 2025/2025.3/2025-07-06.2 Trollfjord Cruise,data/xmp/result-2025/raw/2025.2/2025-07-06.1 Lofoten/_D5C9948.xmp
duplicate frame (duplicate),2025,2025.2,2025-07-06.1 Lofoten,_D5C9951,bird,white wagtail,2025.2,also in: 2025/2025.3/2025-07-06.2 Trollfjord Cruise,data/xmp/result-2025/raw/2025.2/2025-07-06.1 Lofoten/_D5C9951.xmp
duplicate frame (duplicate),2025,2025.2,2025-07-06.1 Lofoten,_D5C9969,scenery,,2025.2,also in: 2025/2025.3/2025-07-06.2 Trollfjord Cruise,data/xmp/result-2025/raw/2025.2/2025-07-06.1 Lofoten/_D5C9969.xmp
duplicate frame (duplicate),2025,2025.2,2025-07-06.1 Lofoten,_D5C9970,bird,house sparrow,2025.2,also in: 2025/2025.3/2025-07-06.2 Trollfjord Cruise,data/xmp/result-2025/raw/2025.2/2025-07-06.1 Lofoten/_D5C9970.xmp
duplicate frame (duplicate),2025,2025.2,2025-07-06.1 Lofoten,_D5C9980,bird,house sparrow,2025.2,also in: 2025/2025.3/2025-07-06.2 Trollfjord Cruise,data/xmp/result-2025/raw/2025.2/2025-07-06.1 Lofoten/_D5C9980.xmp
duplicate frame (duplicate),2025,2025.2,2025-07-06.1 Lofoten,_D5C9983,bird,herring gull,2025.2,also in: 2025/2025.3/2025-07-06.2 Trollfjord Cruise,data/xmp/result-2025/raw/2025.2/2025-07-06.1 Lofoten/_D5C9983.xmp
duplicate frame (duplicate),2025,2025.3,2025-07-06.2 Trollfjord Cruise,_D5C0152,bird,flock of gulls in flight,2025.3,also in: 2025/2025.2/2025-07-06.1 Lofoten,data/xmp/result-2025/raw/2025.3/2025-07-06.2 Trollfjord Cruise/_D5C0152.xmp
duplicate frame (duplicate),2025,2025.3,2025-07-06.2 Trollfjord Cruise,_D5C0183,bird,white-tailed eagle,2025.3,also in: 2025/2025.2/2025-07-06.1 Lofoten,data/xmp/result-2025/raw/2025.3/2025-07-06.2 Trollfjord Cruise/_D5C0183.xmp
duplicate frame (duplicate),2025,2025.3,2025-07-06.2 Trollfjord Cruise,_D5C0215,bird,white-tailed eagle,2025.3,also in: 2025/2025.2/2025-07-06.1 Lofoten,data/xmp/result-2025/raw/2025.3/2025-07-06.2 Trollfjord Cruise/_D5C0215.xmp
duplicate frame (duplicate),2025,2025.3,2025-07-06.2 Trollfjord Cruise,_D5C0231,bird,white-tailed eagle,2025.3,also in: 2025/2025.2/2025-07-06.1 Lofoten,data/xmp/result-2025/raw/2025.3/2025-07-06.2 Trollfjord Cruise/_D5C0231.xmp
duplicate frame (duplicate),2025,2025.3,2025-07-06.2 Trollfjord Cruise,_D5C0233,bird,white-tailed eagle,2025.3,also in: 2025/2025.2/2025-07-06.1 Lofoten,data/xmp/result-2025/raw/2025.3/2025-07-06.2 Trollfjord Cruise/_D5C0233.xmp
duplicate frame (duplicate),2025,2025.3,2025-07-06.2 Trollfjord Cruise,_D5C0254,bird,white-tailed eagle,2025.3,also in: 2025/2025.2/2025-07-06.1 Lofoten,data/xmp/result-2025/raw/2025.3/2025-07-06.2 Trollfjord Cruise/_D5C0254.xmp
duplicate frame (duplicate),2025,2025.3,2025-07-06.2 Trollfjord Cruise,_D5C0302,bird,common eider,2025.3,also in: 2025/2025.2/2025-07-06.1 Lofoten,data/xmp/result-2025/raw/2025.3/2025-07-06.2 Trollfjord Cruise/_D5C0302.xmp
duplicate frame (duplicate),2025,2025.3,2025-07-06.2 Trollfjord Cruise,_D5C0323,bird,white-tailed eagle,2025.3,also in: 2025/2025.2/2025-07-06.1 Lofoten,data/xmp/result-2025/raw/2025.3/2025-07-06.2 Trollfjord Cruise/_D5C0323.xmp
duplicate frame (duplicate),2025,2025.3,2025-07-06.2 Trollfjord Cruise,_D5C0329,bird,white-tailed eagle,2025.3,also in: 2025/2025.2/2025-07-06.1 Lofoten,data/xmp/result-2025/raw/2025.3/2025-07-06.2 Trollfjord Cruise/_D5C0329.xmp
duplicate frame (duplicate),2025,2025.3,2025-07-06.2 Trollfjord Cruise,_D5C0332,bird,white-tailed eagle,2025.3,also in: 2025/2025.2/2025-07-06.1 Lofoten,data/xmp/result-2025/raw/2025.3/2025-07-06.2 Trollfjord Cruise/_D5C0332.xmp
duplicate frame (duplicate),2025,2025.3,2025-07-06.2 Trollfjord Cruise,_D5C0336,bird,white-tailed eagle,2025.3,also in: 2025/2025.2/2025-07-06.1 Lofoten,data/xmp/result-2025/raw/2025.3/2025-07-06.2 Trollfjord Cruise/_D5C0336.xmp
duplicate frame (duplicate),2025,2025.3,2025-07-06.2 Trollfjord Cruise,_D5C0366,bird,black-headed gull,2025.3,also in: 2025/2025.2/2025-07-06.1 Lofoten,data/xmp/result-2025/raw/2025.3/2025-07-06.2 Trollfjord Cruise/_D5C0366.xmp
duplicate frame (duplicate),2025,2025.3,2025-07-06.2 Trollfjord Cruise,_D5C0374,bird,black kite,2025.3,also in: 2025/2025.2/2025-07-06.1 Lofoten,data/xmp/result-2025/raw/2025.3/2025-07-06.2 Trollfjord Cruise/_D5C0374.xmp
duplicate frame (duplicate),2025,2025.3,2025-07-06.2 Trollfjord Cruise,_D5C0437,bird,northern jacana,2025.3,also in: 2025/2025.2/2025-07-06.1 Lofoten,data/xmp/result-2025/raw/2025.3/2025-07-06.2 Trollfjord Cruise/_D5C0437.xmp
duplicate frame (duplicate),2025,2025.3,2025-07-06.2 Trollfjord Cruise,_D5C0438,bird,northern shoveler,2025.3,also in: 2025/2025.2/2025-07-06.1 Lofoten,data/xmp/result-2025/raw/2025.3/2025-07-06.2 Trollfjord Cruise/_D5C0438.xmp
duplicate frame (duplicate),2025,2025.3,2025-07-06.2 Trollfjord Cruise,_D5C0439,bird,common merganser,2025.3,also in: 2025/2025.2/2025-07-06.1 Lofoten,data/xmp/result-2025/raw/2025.3/2025-07-06.2 Trollfjord Cruise/_D5C0439.xmp
duplicate frame (duplicate),2025,2025.3,2025-07-06.2 Trollfjord Cruise,_D5C0441,bird,northern lapwing,2025.3,also in: 2025/2025.2/2025-07-06.1 Lofoten,data/xmp/result-2025/raw/2025.3/2025-07-06.2 Trollfjord Cruise/_D5C0441.xmp
duplicate frame (duplicate),2025,2025.3,2025-07-06.2 Trollfjord Cruise,_D5C0442,bird,common merganser,2025.3,also in: 2025/2025.2/2025-07-06.1 Lofoten,data/xmp/result-2025/raw/2025.3/2025-07-06.2 Trollfjord Cruise/_D5C0442.xmp
duplicate frame (duplicate),2025,2025.3,2025-07-06.2 Trollfjord Cruise,_D5C0443,bird,common merganser,2025.3,also in: 2025/2025.2/2025-07-06.1 Lofoten,data/xmp/result-2025/raw/2025.3/2025-07-06.2 Trollfjord Cruise/_D5C0443.xmp
duplicate frame (duplicate),2025,2025.3,2025-07-06.2 Trollfjord Cruise,_D5C8418,bird,white-tailed eagle,2025.3,also in: 2025/2025.2/2025-07-06.1 Lofoten,data/xmp/result-2025/raw/2025.3/2025-07-06.2 Trollfjord Cruise/_D5C8418.xmp
duplicate frame (duplicate),2025,2025.3,2025-07-06.2 Trollfjord Cruise,_D5C8422,bird,white-tailed eagle,2025.3,also in: 2025/2025.2/2025-07-06.1 Lofoten,data/xmp/result-2025/raw/2025.3/2025-07-06.2 Trollfjord Cruise/_D5C8422.xmp
duplicate frame (duplicate),2025,2025.3,2025-07-06.2 Trollfjord Cruise,_D5C8437,bird,white-tailed eagle,2025.3,also in: 2025/2025.2/2025-07-06.1 Lofoten,data/xmp/result-2025/raw/2025.3/2025-07-06.2 Trollfjord Cruise/_D5C8437.xmp
duplicate frame (duplicate),2025,2025.3,2025-07-06.2 Trollfjord Cruise,_D5C8457,bird,white-tailed eagle,2025.3,also in: 2025/2025.2/2025-07-06.1 Lofoten,data/xmp/result-2025/raw/2025.3/2025-07-06.2 Trollfjord Cruise/_D5C8457.xmp
duplicate frame (duplicate),2025,2025.3,2025-07-06.2 Trollfjord Cruise,_D5C8538,bird,white-tailed eagle,2025.3,also in: 2025/2025.2/2025-07-06.1 Lofoten,data/xmp/result-2025/raw/2025.3/2025-07-06.2 Trollfjord Cruise/_D5C8538.xmp
duplicate frame (duplicate),2025,2025.3,2025-07-06.2 Trollfjord Cruise,_D5C8607,bird,white-tailed eagle,2025.3,also in: 2025/2025.2/2025-07-06.1 Lofoten,data/xmp/result-2025/raw/2025.3/2025-07-06.2 Trollfjord Cruise/_D5C8607.xmp
duplicate frame (duplicate),2025,2025.3,2025-07-06.2 Trollfjord Cruise,_D5C8608,bird,white-tailed eagle,2025.3,also in: 2025/2025.2/2025-07-06.1 Lofoten,data/xmp/result-2025/raw/2025.3/2025-07-06.2 Trollfjord Cruise/_D5C8608.xmp
duplicate frame (duplicate),2025,2025.3,2025-07-06.2 Trollfjord Cruise,_D5C8687,bird,white-tailed eagle,2025.3,also in: 2025/2025.2/2025-07-06.1 Lofoten,data/xmp/result-2025/raw/2025.3/2025-07-06.2 Trollfjord Cruise/_D5C8687.xmp
duplicate frame (duplicate),2025,2025.3,2025-07-06.2 Trollfjord Cruise,_D5C8689,bird,white-tailed eagle,2025.3,also in: 2025/2025.2/2025-07-06.1 Lofoten,data/xmp/result-2025/raw/2025.3/2025-07-06.2 Trollfjord Cruise/_D5C8689.xmp
duplicate frame (duplicate),2025,2025.3,2025-07-06.2 Trollfjord Cruise,_D5C8692,bird,white-tailed eagle,2025.3,also in: 2025/2025.2/2025-07-06.1 Lofoten,data/xmp/result-2025/raw/2025.3/2025-07-06.2 Trollfjord Cruise/_D5C8692.xmp
duplicate frame (duplicate),2025,2025.3,2025-07-06.2 Trollfjord Cruise,_D5C8712,bird,golden eagle,2025.3,also in: 2025/2025.2/2025-07-06.1 Lofoten,data/xmp/result-2025/raw/2025.3/2025-07-06.2 Trollfjord Cruise/_D5C8712.xmp
duplicate frame (duplicate),2025,2025.3,2025-07-06.2 Trollfjord Cruise,_D5C8714,bird,white-tailed eagle,2025.3,also in: 2025/2025.2/2025-07-06.1 Lofoten,data/xmp/result-2025/raw/2025.3/2025-07-06.2 Trollfjord Cruise/_D5C8714.xmp
duplicate frame (duplicate),2025,2025.3,2025-07-06.2 Trollfjord Cruise,_D5C8767,bird,white-tailed eagle,2025.3,also in: 2025/2025.2/2025-07-06.1 Lofoten,data/xmp/result-2025/raw/2025.3/2025-07-06.2 Trollfjord Cruise/_D5C8767.xmp
duplicate frame (duplicate),2025,2025.3,2025-07-06.2 Trollfjord Cruise,_D5C8791,scenery,,2025.3,also in: 2025/2025.2/2025-07-06.1 Lofoten,data/xmp/result-2025/raw/2025.3/2025-07-06.2 Trollfjord Cruise/_D5C8791.xmp
duplicate frame (duplicate),2025,2025.3,2025-07-06.2 Trollfjord Cruise,_D5C8839,bird,white-bellied sea eagle,2025.3,also in: 2025/2025.2/2025-07-06.1 Lofoten,data/xmp/result-2025/raw/2025.3/2025-07-06.2 Trollfjord Cruise/_D5C8839.xmp
duplicate frame (duplicate),2025,2025.3,2025-07-06.2 Trollfjord Cruise,_D5C8969,bird,great black-backed gull,2025.3,also in: 2025/2025.2/2025-07-06.1 Lofoten,data/xmp/result-2025/raw/2025.3/2025-07-06.2 Trollfjord Cruise/_D5C8969.xmp
duplicate frame (duplicate),2025,2025.3,2025-07-06.2 Trollfjord Cruise,_D5C8971,bird,yellow-legged gull,2025.3,also in: 2025/2025.2/2025-07-06.1 Lofoten,data/xmp/result-2025/raw/2025.3/2025-07-06.2 Trollfjord Cruise/_D5C8971.xmp
duplicate frame (duplicate),2025,2025.3,2025-07-06.2 Trollfjord Cruise,_D5C8986,bird,common gull,2025.3,also in: 2025/2025.2/2025-07-06.1 Lofoten,data/xmp/result-2025/raw/2025.3/2025-07-06.2 Trollfjord Cruise/_D5C8986.xmp
duplicate frame (duplicate),2025,2025.3,2025-07-06.2 Trollfjord Cruise,_D5C8987,bird,common gull,2025.3,also in: 2025/2025.2/2025-07-06.1 Lofoten,data/xmp/result-2025/raw/2025.3/2025-07-06.2 Trollfjord Cruise/_D5C8987.xmp
duplicate frame (duplicate),2025,2025.3,2025-07-06.2 Trollfjord Cruise,_D5C8996,bird,white-tailed eagle,2025.3,also in: 2025/2025.2/2025-07-06.1 Lofoten,data/xmp/result-2025/raw/2025.3/2025-07-06.2 Trollfjord Cruise/_D5C8996.xmp
duplicate frame (duplicate),2025,2025.3,2025-07-06.2 Trollfjord Cruise,_D5C9007,bird,white-tailed eagle,2025.3,also in: 2025/2025.2/2025-07-06.1 Lofoten,data/xmp/result-2025/raw/2025.3/2025-07-06.2 Trollfjord Cruise/_D5C9007.xmp
duplicate frame (duplicate),2025,2025.3,2025-07-06.2 Trollfjord Cruise,_D5C9047,bird,white-tailed eagle,2025.3,also in: 2025/2025.2/2025-07-06.1 Lofoten,data/xmp/result-2025/raw/2025.3/2025-07-06.2 Trollfjord Cruise/_D5C9047.xmp
duplicate frame (duplicate),2025,2025.3,2025-07-06.2 Trollfjord Cruise,_D5C9048,bird,white-tailed eagle,2025.3,also in: 2025/2025.2/2025-07-06.1 Lofoten,data/xmp/result-2025/raw/2025.3/2025-07-06.2 Trollfjord Cruise/_D5C9048.xmp
duplicate frame (duplicate),2025,2025.3,2025-07-06.2 Trollfjord Cruise,_D5C9050,bird,white-tailed eagle,2025.3,also in: 2025/2025.2/2025-07-06.1 Lofoten,data/xmp/result-2025/raw/2025.3/2025-07-06.2 Trollfjord Cruise/_D5C9050.xmp
duplicate frame (duplicate),2025,2025.3,2025-07-06.2 Trollfjord Cruise,_D5C9085,bird,white-tailed eagle,2025.3,also in: 2025/2025.2/2025-07-06.1 Lofoten,data/xmp/result-2025/raw/2025.3/2025-07-06.2 Trollfjord Cruise/_D5C9085.xmp
duplicate frame (duplicate),2025,2025.3,2025-07-06.2 Trollfjord Cruise,_D5C9109,bird,golden eagle,2025.3,also in: 2025/2025.2/2025-07-06.1 Lofoten,data/xmp/result-2025/raw/2025.3/2025-07-06.2 Trollfjord Cruise/_D5C9109.xmp
duplicate frame (duplicate),2025,2025.3,2025-07-06.2 Trollfjord Cruise,_D5C9123,bird,raven,2025.3,also in: 2025/2025.2/2025-07-06.1 Lofoten,data/xmp/result-2025/raw/2025.3/2025-07-06.2 Trollfjord Cruise/_D5C9123.xmp
duplicate frame (duplicate),2025,2025.3,2025-07-06.2 Trollfjord Cruise,_D5C9129,bird,hooded crow,2025.3,also in: 2025/2025.2/2025-07-06.1 Lofoten,data/xmp/result-2025/raw/2025.3/2025-07-06.2 Trollfjord Cruise/_D5C9129.xmp
duplicate frame (duplicate),2025,2025.3,2025-07-06.2 Trollfjord Cruise,_D5C9138,bird,white-tailed eagle,2025.3,also in: 2025/2025.2/2025-07-06.1 Lofoten,data/xmp/result-2025/raw/2025.3/2025-07-06.2 Trollfjord Cruise/_D5C9138.xmp
duplicate frame (duplicate),2025,2025.3,2025-07-06.2 Trollfjord Cruise,_D5C9141,bird,golden eagle,2025.3,also in: 2025/2025.2/2025-07-06.1 Lofoten,data/xmp/result-2025/raw/2025.3/2025-07-06.2 Trollfjord Cruise/_D5C9141.xmp
duplicate frame (duplicate),2025,2025.3,2025-07-06.2 Trollfjord Cruise,_D5C9143,bird,white-tailed eagle,2025.3,also in: 2025/2025.2/2025-07-06.1 Lofoten,data/xmp/result-2025/raw/2025.3/2025-07-06.2 Trollfjord Cruise/_D5C9143.xmp
duplicate frame (duplicate),2025,2025.3,2025-07-06.2 Trollfjord Cruise,_D5C9174,bird,white-tailed eagle,2025.3,also in: 2025/2025.2/2025-07-06.1 Lofoten,data/xmp/result-2025/raw/2025.3/2025-07-06.2 Trollfjord Cruise/_D5C9174.xmp
duplicate frame (duplicate),2025,2025.3,2025-07-06.2 Trollfjord Cruise,_D5C9176,bird,white-tailed eagle,2025.3,also in: 2025/2025.2/2025-07-06.1 Lofoten,data/xmp/result-2025/raw/2025.3/2025-07-06.2 Trollfjord Cruise/_D5C9176.xmp
duplicate frame (duplicate),2025,2025.3,2025-07-06.2 Trollfjord Cruise,_D5C9192,bird,white-tailed eagle,2025.3,also in: 2025/2025.2/2025-07-06.1 Lofoten,data/xmp/result-2025/raw/2025.3/2025-07-06.2 Trollfjord Cruise/_D5C9192.xmp
duplicate frame (duplicate),2025,2025.3,2025-07-06.2 Trollfjord Cruise,_D5C9197,bird,white-tailed eagle,2025.3,also in: 2025/2025.2/2025-07-06.1 Lofoten,data/xmp/result-2025/raw/2025.3/2025-07-06.2 Trollfjord Cruise/_D5C9197.xmp
duplicate frame (duplicate),2025,2025.3,2025-07-06.2 Trollfjord Cruise,_D5C9223,bird,great black-backed gull,2025.3,also in: 2025/2025.2/2025-07-06.1 Lofoten,data/xmp/result-2025/raw/2025.3/2025-07-06.2 Trollfjord Cruise/_D5C9223.xmp
duplicate frame (duplicate),2025,2025.3,2025-07-06.2 Trollfjord Cruise,_D5C9258,bird,white-tailed eagle,2025.3,also in: 2025/2025.2/2025-07-06.1 Lofoten,data/xmp/result-2025/raw/2025.3/2025-07-06.2 Trollfjord Cruise/_D5C9258.xmp
duplicate frame (duplicate),2025,2025.3,2025-07-06.2 Trollfjord Cruise,_D5C9300,bird,white-tailed eagle,2025.3,also in: 2025/2025.2/2025-07-06.1 Lofoten,data/xmp/result-2025/raw/2025.3/2025-07-06.2 Trollfjord Cruise/_D5C9300.xmp
duplicate frame (duplicate),2025,2025.3,2025-07-06.2 Trollfjord Cruise,_D5C9314,bird,white-tailed eagle,2025.3,also in: 2025/2025.2/2025-07-06.1 Lofoten,data/xmp/result-2025/raw/2025.3/2025-07-06.2 Trollfjord Cruise/_D5C9314.xmp
duplicate frame (duplicate),2025,2025.3,2025-07-06.2 Trollfjord Cruise,_D5C9388,bird,white-tailed eagle,2025.3,also in: 2025/2025.2/2025-07-06.1 Lofoten,data/xmp/result-2025/raw/2025.3/2025-07-06.2 Trollfjord Cruise/_D5C9388.xmp
duplicate frame (duplicate),2025,2025.3,2025-07-06.2 Trollfjord Cruise,_D5C9390,bird,white-tailed eagle,2025.3,also in: 2025/2025.2/2025-07-06.1 Lofoten,data/xmp/result-2025/raw/2025.3/2025-07-06.2 Trollfjord Cruise/_D5C9390.xmp
duplicate frame (duplicate),2025,2025.3,2025-07-06.2 Trollfjord Cruise,_D5C9411,bird,white-tailed eagle,2025.3,also in: 2025/2025.2/2025-07-06.1 Lofoten,data/xmp/result-2025/raw/2025.3/2025-07-06.2 Trollfjord Cruise/_D5C9411.xmp
duplicate frame (duplicate),2025,2025.3,2025-07-06.2 Trollfjord Cruise,_D5C9417,bird,white-tailed eagle,2025.3,also in: 2025/2025.2/2025-07-06.1 Lofoten,data/xmp/result-2025/raw/2025.3/2025-07-06.2 Trollfjord Cruise/_D5C9417.xmp
duplicate frame (duplicate),2025,2025.3,2025-07-06.2 Trollfjord Cruise,_D5C9439,bird,white-tailed eagle,2025.3,also in: 2025/2025.2/2025-07-06.1 Lofoten,data/xmp/result-2025/raw/2025.3/2025-07-06.2 Trollfjord Cruise/_D5C9439.xmp
duplicate frame (duplicate),2025,2025.3,2025-07-06.2 Trollfjord Cruise,_D5C9464,bird,white-tailed eagle,2025.3,also in: 2025/2025.2/2025-07-06.1 Lofoten,data/xmp/result-2025/raw/2025.3/2025-07-06.2 Trollfjord Cruise/_D5C9464.xmp
duplicate frame (duplicate),2025,2025.3,2025-07-06.2 Trollfjord Cruise,_D5C9467,bird,white-tailed eagle,2025.3,also in: 2025/2025.2/2025-07-06.1 Lofoten,data/xmp/result-2025/raw/2025.3/2025-07-06.2 Trollfjord Cruise/_D5C9467.xmp
duplicate frame (duplicate),2025,2025.3,2025-07-06.2 Trollfjord Cruise,_D5C9470,bird,white-tailed eagle,2025.3,also in: 2025/2025.2/2025-07-06.1 Lofoten,data/xmp/result-2025/raw/2025.3/2025-07-06.2 Trollfjord Cruise/_D5C9470.xmp
duplicate frame (duplicate),2025,2025.3,2025-07-06.2 Trollfjord Cruise,_D5C9508,bird,white-tailed eagle,2025.3,also in: 2025/2025.2/2025-07-06.1 Lofoten,data/xmp/result-2025/raw/2025.3/2025-07-06.2 Trollfjord Cruise/_D5C9508.xmp
duplicate frame (duplicate),2025,2025.3,2025-07-06.2 Trollfjord Cruise,_D5C9509,bird,white-tailed eagle,2025.3,also in: 2025/2025.2/2025-07-06.1 Lofoten,data/xmp/result-2025/raw/2025.3/2025-07-06.2 Trollfjord Cruise/_D5C9509.xmp
duplicate frame (duplicate),2025,2025.3,2025-07-06.2 Trollfjord Cruise,_D5C9512,bird,white-tailed eagle,2025.3,also in: 2025/2025.2/2025-07-06.1 Lofoten,data/xmp/result-2025/raw/2025.3/2025-07-06.2 Trollfjord Cruise/_D5C9512.xmp
duplicate frame (duplicate),2025,2025.3,2025-07-06.2 Trollfjord Cruise,_D5C9516,bird,white-tailed eagle,2025.3,also in: 2025/2025.2/2025-07-06.1 Lofoten,data/xmp/result-2025/raw/2025.3/2025-07-06.2 Trollfjord Cruise/_D5C9516.xmp
duplicate frame (duplicate),2025,2025.3,2025-07-06.2 Trollfjord Cruise,_D5C9519,bird,white-tailed eagle,2025.3,also in: 2025/2025.2/2025-07-06.1 Lofoten,data/xmp/result-2025/raw/2025.3/2025-07-06.2 Trollfjord Cruise/_D5C9519.xmp
duplicate frame (duplicate),2025,2025.3,2025-07-06.2 Trollfjord Cruise,_D5C9521,bird,white-tailed eagle,2025.3,also in: 2025/2025.2/2025-07-06.1 Lofoten,data/xmp/result-2025/raw/2025.3/2025-07-06.2 Trollfjord Cruise/_D5C9521.xmp
duplicate frame (duplicate),2025,2025.3,2025-07-06.2 Trollfjord Cruise,_D5C9527,bird,white-tailed eagle,2025.3,also in: 2025/2025.2/2025-07-06.1 Lofoten,data/xmp/result-2025/raw/2025.3/2025-07-06.2 Trollfjord Cruise/_D5C9527.xmp
duplicate frame (duplicate),2025,2025.3,2025-07-06.2 Trollfjord Cruise,_D5C9531,bird,white-tailed eagle,2025.3,also in: 2025/2025.2/2025-07-06.1 Lofoten,data/xmp/result-2025/raw/2025.3/2025-07-06.2 Trollfjord Cruise/_D5C9531.xmp
duplicate frame (duplicate),2025,2025.3,2025-07-06.2 Trollfjord Cruise,_D5C9533,bird,white-tailed eagle,2025.3,also in: 2025/2025.2/2025-07-06.1 Lofoten,data/xmp/result-2025/raw/2025.3/2025-07-06.2 Trollfjord Cruise/_D5C9533.xmp
duplicate frame (duplicate),2025,2025.3,2025-07-06.2 Trollfjord Cruise,_D5C9542,bird,white-tailed eagle,2025.3,also in: 2025/2025.2/2025-07-06.1 Lofoten,data/xmp/result-2025/raw/2025.3/2025-07-06.2 Trollfjord Cruise/_D5C9542.xmp
duplicate frame (duplicate),2025,2025.3,2025-07-06.2 Trollfjord Cruise,_D5C9592,bird,yellow-legged gull,2025.3,also in: 2025/2025.2/2025-07-06.1 Lofoten,data/xmp/result-2025/raw/2025.3/2025-07-06.2 Trollfjord Cruise/_D5C9592.xmp
duplicate frame (duplicate),2025,2025.3,2025-07-06.2 Trollfjord Cruise,_D5C9601,bird,white-tailed eagle,2025.3,also in: 2025/2025.2/2025-07-06.1 Lofoten,data/xmp/result-2025/raw/2025.3/2025-07-06.2 Trollfjord Cruise/_D5C9601.xmp
duplicate frame (duplicate),2025,2025.3,2025-07-06.2 Trollfjord Cruise,_D5C9602,bird,brahminy kite,2025.3,also in: 2025/2025.2/2025-07-06.1 Lofoten,data/xmp/result-2025/raw/2025.3/2025-07-06.2 Trollfjord Cruise/_D5C9602.xmp
duplicate frame (duplicate),2025,2025.3,2025-07-06.2 Trollfjord Cruise,_D5C9605,bird,western osprey,2025.3,also in: 2025/2025.2/2025-07-06.1 Lofoten,data/xmp/result-2025/raw/2025.3/2025-07-06.2 Trollfjord Cruise/_D5C9605.xmp
duplicate frame (duplicate),2025,2025.3,2025-07-06.2 Trollfjord Cruise,_D5C9614,bird,white-tailed eagle,2025.3,also in: 2025/2025.2/2025-07-06.1 Lofoten,data/xmp/result-2025/raw/2025.3/2025-07-06.2 Trollfjord Cruise/_D5C9614.xmp
duplicate frame (duplicate),2025,2025.3,2025-07-06.2 Trollfjord Cruise,_D5C9615,bird,white-tailed eagle,2025.3,also in: 2025/2025.2/2025-07-06.1 Lofoten,data/xmp/result-2025/raw/2025.3/2025-07-06.2 Trollfjord Cruise/_D5C9615.xmp
duplicate frame (duplicate),2025,2025.3,2025-07-06.2 Trollfjord Cruise,_D5C9837,bird,black oystercatcher,2025.3,also in: 2025/2025.2/2025-07-06.1 Lofoten,data/xmp/result-2025/raw/2025.3/2025-07-06.2 Trollfjord Cruise/_D5C9837.xmp
duplicate frame (duplicate),2025,2025.3,2025-07-06.2 Trollfjord Cruise,_D5C9842,bird,black skimmer,2025.3,also in: 2025/2025.2/2025-07-06.1 Lofoten,data/xmp/result-2025/raw/2025.3/2025-07-06.2 Trollfjord Cruise/_D5C9842.xmp
duplicate frame (duplicate),2025,2025.3,2025-07-06.2 Trollfjord Cruise,_D5C9847,scenery,,2025.3,also in: 2025/2025.2/2025-07-06.1 Lofoten,data/xmp/result-2025/raw/2025.3/2025-07-06.2 Trollfjord Cruise/_D5C9847.xmp
duplicate frame (duplicate),2025,2025.3,2025-07-06.2 Trollfjord Cruise,_D5C9871,bird,yellow-legged gull,2025.3,also in: 2025/2025.2/2025-07-06.1 Lofoten,data/xmp/result-2025/raw/2025.3/2025-07-06.2 Trollfjord Cruise/_D5C9871.xmp
duplicate frame (duplicate),2025,2025.3,2025-07-06.2 Trollfjord Cruise,_D5C9876,bird,black-legged kittiwake,2025.3,also in: 2025/2025.2/2025-07-06.1 Lofoten,data/xmp/result-2025/raw/2025.3/2025-07-06.2 Trollfjord Cruise/_D5C9876.xmp
duplicate frame (duplicate),2025,2025.3,2025-07-06.2 Trollfjord Cruise,_D5C9879,bird,grey wagtail,2025.3,also in: 2025/2025.2/2025-07-06.1 Lofoten,data/xmp/result-2025/raw/2025.3/2025-07-06.2 Trollfjord Cruise/_D5C9879.xmp
duplicate frame (duplicate),2025,2025.3,2025-07-06.2 Trollfjord Cruise,_D5C9884,bird,grey wagtail,2025.3,also in: 2025/2025.2/2025-07-06.1 Lofoten,data/xmp/result-2025/raw/2025.3/2025-07-06.2 Trollfjord Cruise/_D5C9884.xmp
duplicate frame (duplicate),2025,2025.3,2025-07-06.2 Trollfjord Cruise,_D5C9908,bird,yellow-legged gull,2025.3,also in: 2025/2025.2/2025-07-06.1 Lofoten,data/xmp/result-2025/raw/2025.3/2025-07-06.2 Trollfjord Cruise/_D5C9908.xmp
duplicate frame (duplicate),2025,2025.3,2025-07-06.2 Trollfjord Cruise,_D5C9937,bird,white wagtail,2025.3,also in: 2025/2025.2/2025-07-06.1 Lofoten,data/xmp/result-2025/raw/2025.3/2025-07-06.2 Trollfjord Cruise/_D5C9937.xmp
duplicate frame (duplicate),2025,2025.3,2025-07-06.2 Trollfjord Cruise,_D5C9943,bird,white wagtail,2025.3,also in: 2025/2025.2/2025-07-06.1 Lofoten,data/xmp/result-2025/raw/2025.3/2025-07-06.2 Trollfjord Cruise/_D5C9943.xmp
duplicate frame (duplicate),2025,2025.3,2025-07-06.2 Trollfjord Cruise,_D5C9945,bird,white wagtail,2025.3,also in: 2025/2025.2/2025-07-06.1 Lofoten,data/xmp/result-2025/raw/2025.3/2025-07-06.2 Trollfjord Cruise/_D5C9945.xmp
duplicate frame (duplicate),2025,2025.3,2025-07-06.2 Trollfjord Cruise,_D5C9948,bird,white wagtail,2025.3,also in: 2025/2025.2/2025-07-06.1 Lofoten,data/xmp/result-2025/raw/2025.3/2025-07-06.2 Trollfjord Cruise/_D5C9948.xmp
duplicate frame (duplicate),2025,2025.3,2025-07-06.2 Trollfjord Cruise,_D5C9951,bird,white wagtail,2025.3,also in: 2025/2025.2/2025-07-06.1 Lofoten,data/xmp/result-2025/raw/2025.3/2025-07-06.2 Trollfjord Cruise/_D5C9951.xmp
duplicate frame (duplicate),2025,2025.3,2025-07-06.2 Trollfjord Cruise,_D5C9969,scenery,,2025.3,also in: 2025/2025.2/2025-07-06.1 Lofoten,data/xmp/result-2025/raw/2025.3/2025-07-06.2 Trollfjord Cruise/_D5C9969.xmp
duplicate frame (duplicate),2025,2025.3,2025-07-06.2 Trollfjord Cruise,_D5C9970,bird,house sparrow,2025.3,also in: 2025/2025.2/2025-07-06.1 Lofoten,data/xmp/result-2025/raw/2025.3/2025-07-06.2 Trollfjord Cruise/_D5C9970.xmp
duplicate frame (duplicate),2025,2025.3,2025-07-06.2 Trollfjord Cruise,_D5C9980,bird,house sparrow,2025.3,also in: 2025/2025.2/2025-07-06.1 Lofoten,data/xmp/result-2025/raw/2025.3/2025-07-06.2 Trollfjord Cruise/_D5C9980.xmp
duplicate frame (duplicate),2025,2025.3,2025-07-06.2 Trollfjord Cruise,_D5C9983,bird,herring gull,2025.3,also in: 2025/2025.2/2025-07-06.1 Lofoten,data/xmp/result-2025/raw/2025.3/2025-07-06.2 Trollfjord Cruise/_D5C9983.xmp
duplicate frame (duplicate),2025,2025.3,2025-07-07 Eggum Midnight Sun,_D5C0467,(none),,2025.3,also in: 2025/2025.3/2025-07-07 Thon Hotel Lofoten,data/xmp/result-2025/raw/2025.3/2025-07-07 Eggum Midnight Sun/_D5C0467.xmp
duplicate frame (duplicate),2025,2025.3,2025-07-07 Eggum Midnight Sun,_D5C0468,bird,wren,2025.3,also in: 2025/2025.3/2025-07-07 Thon Hotel Lofoten,data/xmp/result-2025/raw/2025.3/2025-07-07 Eggum Midnight Sun/_D5C0468.xmp
duplicate frame (duplicate),2025,2025.3,2025-07-07 Eggum Midnight Sun,_D5C0469,bird,wren,2025.3,also in: 2025/2025.3/2025-07-07 Thon Hotel Lofoten,data/xmp/result-2025/raw/2025.3/2025-07-07 Eggum Midnight Sun/_D5C0469.xmp
duplicate frame (duplicate),2025,2025.3,2025-07-07 Eggum Midnight Sun,_D5C0510,bird,song thrush,2025.3,also in: 2025/2025.3/2025-07-07 Thon Hotel Lofoten,data/xmp/result-2025/raw/2025.3/2025-07-07 Eggum Midnight Sun/_D5C0510.xmp
duplicate frame (duplicate),2025,2025.3,2025-07-07 Eggum Midnight Sun,_D5C0562,(none),,2025.3,also in: 2025/2025.3/2025-07-07 Thon Hotel Lofoten,data/xmp/result-2025/raw/2025.3/2025-07-07 Eggum Midnight Sun/_D5C0562.xmp
duplicate frame (duplicate),2025,2025.3,2025-07-07 Eggum Midnight Sun,_D5C0600,bird,eurasian curlew,2025.3,also in: 2025/2025.3/2025-07-07 Thon Hotel Lofoten,data/xmp/result-2025/raw/2025.3/2025-07-07 Eggum Midnight Sun/_D5C0600.xmp
duplicate frame (duplicate),2025,2025.3,2025-07-07 Eggum Midnight Sun,_D5C0615,(none),,2025.3,also in: 2025/2025.3/2025-07-07 Thon Hotel Lofoten,data/xmp/result-2025/raw/2025.3/2025-07-07 Eggum Midnight Sun/_D5C0615.xmp
duplicate frame (duplicate),2025,2025.3,2025-07-07 Thon Hotel Lofoten,_D5C0467,(none),,2025.3,also in: 2025/2025.3/2025-07-07 Eggum Midnight Sun,data/xmp/result-2025/raw/2025.3/2025-07-07 Thon Hotel Lofoten/_D5C0467.xmp
duplicate frame (duplicate),2025,2025.3,2025-07-07 Thon Hotel Lofoten,_D5C0468,bird,wren,2025.3,also in: 2025/2025.3/2025-07-07 Eggum Midnight Sun,data/xmp/result-2025/raw/2025.3/2025-07-07 Thon Hotel Lofoten/_D5C0468.xmp
duplicate frame (duplicate),2025,2025.3,2025-07-07 Thon Hotel Lofoten,_D5C0469,bird,wren,2025.3,also in: 2025/2025.3/2025-07-07 Eggum Midnight Sun,data/xmp/result-2025/raw/2025.3/2025-07-07 Thon Hotel Lofoten/_D5C0469.xmp
duplicate frame (duplicate),2025,2025.3,2025-07-07 Thon Hotel Lofoten,_D5C0510,bird,song thrush,2025.3,also in: 2025/2025.3/2025-07-07 Eggum Midnight Sun,data/xmp/result-2025/raw/2025.3/2025-07-07 Thon Hotel Lofoten/_D5C0510.xmp
duplicate frame (duplicate),2025,2025.3,2025-07-07 Thon Hotel Lofoten,_D5C0562,(none),,2025.3,also in: 2025/2025.3/2025-07-07 Eggum Midnight Sun,data/xmp/result-2025/raw/2025.3/2025-07-07 Thon Hotel Lofoten/_D5C0562.xmp
duplicate frame (duplicate),2025,2025.3,2025-07-07 Thon Hotel Lofoten,_D5C0600,bird,eurasian curlew,2025.3,also in: 2025/2025.3/2025-07-07 Eggum Midnight Sun,data/xmp/result-2025/raw/2025.3/2025-07-07 Thon Hotel Lofoten/_D5C0600.xmp
duplicate frame (duplicate),2025,2025.3,2025-07-07 Thon Hotel Lofoten,_D5C0615,(none),,2025.3,also in: 2025/2025.3/2025-07-07 Eggum Midnight Sun,data/xmp/result-2025/raw/2025.3/2025-07-07 Thon Hotel Lofoten/_D5C0615.xmp
duplicate frame (mixed),2018,2018.3,2018-03-31 南汇嘴,_D5C0232,bird,red-throated loon,2018.3,also in: 2025/2025.2/2025-07-06.1 Lofoten | 2025/2025.3/2025-07-06.2 Trollfjord Cruise,data/xmp/result-2018/raw/2018.3/2018-03-31 南汇嘴/_D5C0232.xmp
duplicate frame (mixed),2018,2018.3,2018-03-31 南汇嘴,_D5C0507,bird,white-throated thrush,2018.3,also in: 2025/2025.3/2025-07-07 Eggum Midnight Sun | 2025/2025.3/2025-07-07 Thon Hotel Lofoten,data/xmp/result-2018/raw/2018.3/2018-03-31 南汇嘴/_D5C0507.xmp
duplicate frame (mixed),2018,2018.5,2018-10-13 南汇嘴,_D5C7485,bird,redstart,2018.5,also in: 2025/2025.2/2025-07-05 Lofoten | 2025/2025.2/2025-07-05 Lofoten Self-Driving,data/xmp/result-2018/raw/2018.5/2018-10-13 南汇嘴/_D5C7485.xmp
duplicate frame (mixed),2018,2018.5,2018-10-13 南汇嘴,_D5C7537,bird,red-flanked bluetail,2018.5,also in: 2025/2025.1/2025-04-30.2 Safari Safari (belore leaving) | 2025/2025.2/2025-07-05 Lofoten | 2025/2025.2/2025-07-05 Lofoten Self-Driving,data/xmp/result-2018/raw/2018.5/2018-10-13 南汇嘴/_D5C7537.xmp
duplicate frame (mixed),2018,2018.5,2018-10-13 南汇嘴,_D5D5822,bird,red-throated robin,2018.5,also in: 2021/2021.7/2021-12-19 青西郊外公园 | 2021/2021.7/2021-12-19 青西郊野公园,data/xmp/result-2018/raw/2018.5/2018-10-13 南汇嘴/_D5D5822.xmp
duplicate frame (mixed),2018,2018.6,2018-11 Yunnan,_DSC7019,bird,greylag goose,2018.6,also in: 2019/2019.14/2019-11-23 Florance | 2019/2019.15/2019-11-26 Rome,data/xmp/result-2018/raw/2018.6/2018-11 Yunnan/_DSC7019.xmp
duplicate frame (mixed),2018,2018.7,2018-12-16 逸城湿地,_D5C8173,bird,scaly-breasted munia,2018.7,also in: 2025/2025.2/2025-07-06.1 Gimsøy Midnight Sun | 2025/2025.2/2025-07-06.1 Lofoten,data/xmp/result-2018/raw/2018.7/2018-12-16 逸城湿地/_D5C8173.xmp
duplicate frame (mixed),2018,2018.7,2018-12-16 逸城湿地,_D5C8176,bird,scaly-breasted munia,2018.7,also in: 2025/2025.2/2025-07-06.1 Gimsøy Midnight Sun | 2025/2025.2/2025-07-06.1 Lofoten,data/xmp/result-2018/raw/2018.7/2018-12-16 逸城湿地/_D5C8176.xmp
duplicate frame (mixed),2018,2018.7,2018-12-16 逸城湿地,_D5C8206,bird,yellow-throated bunting,2018.7,also in: 2021/2021.5/2021-10-08 山公园景区后 | 2025/2025.2/2025-07-06.1 Gimsøy Midnight Sun | 2025/2025.2/2025-07-06.1 Lofoten,data/xmp/result-2018/raw/2018.7/2018-12-16 逸城湿地/_D5C8206.xmp
duplicate frame (mixed),2018,2018.7,2018-12-16 逸城湿地,_D5C8269,bird,brown seedeater,2018.7,also in: 2025/2025.2/2025-07-06.1 Gimsøy Midnight Sun | 2025/2025.2/2025-07-06.1 Lofoten,data/xmp/result-2018/raw/2018.7/2018-12-16 逸城湿地/_D5C8269.xmp
duplicate frame (mixed),2018,2018.7,2018-12-16 逸城湿地,_D5C8467,bird,scaly-breasted munia,2018.7,also in: 2021/2021.5/2021-10-08 山公园景区后 | 2025/2025.2/2025-07-06.1 Lofoten | 2025/2025.3/2025-07-06.2 Trollfjord Cruise,data/xmp/result-2018/raw/2018.7/2018-12-16 逸城湿地/_D5C8467.xmp
duplicate frame (mixed),2018,2018.7,2018-12-16 逸城湿地,_D5C8716,bird,common moorhen,2018.7,also in: 2019/2019.5/2019-02-08 盈江2、7、8、10、5号塘 | 2025/2025.2/2025-07-06.1 Lofoten | 2025/2025.3/2025-07-06.2 Trollfjord Cruise,data/xmp/result-2018/raw/2018.7/2018-12-16 逸城湿地/_D5C8716.xmp
duplicate frame (mixed),2018,2018.7,2018-12-18 逸城湿地,_D5C9014,bird,little grebe,2018.7,also in: 2025/2025.2/2025-07-06.1 Lofoten | 2025/2025.3/2025-07-06.2 Trollfjord Cruise | 2025/2025.4/2025-09-29 Laura's Home (Chicago),data/xmp/result-2018/raw/2018.7/2018-12-18 逸城湿地/_D5C9014.xmp
duplicate frame (mixed),2018,2018.7,2018-12-18 逸城湿地,_D5C9146,bird,tree pipit,2018.7,also in: 2025/2025.2/2025-07-06.1 Lofoten | 2025/2025.3/2025-07-06.2 Trollfjord Cruise,data/xmp/result-2018/raw/2018.7/2018-12-18 逸城湿地/_D5C9146.xmp
duplicate frame (mixed),2019,2019.1,2019-02-02 山公园77号塘（马鹿塘）,_D5C3166,bird,olive-backed sunbird,2019.1,also in: 2025/2025.1/2025-04-26 Cresta Mowana | 2025/2025.1/2025-04-26 Cresta Mowana Safari | 2025/2025.3/2025-07-14.1 St. Johnsfjorden,data/xmp/result-2019/raw/2019.1/2019-02-02 山公园77号塘（马鹿塘）/_D5C3166.xmp
duplicate frame (mixed),2019,2019.14,2019-11-23 Florance,_DSC7019,scenery,,2019.14,also in: 2018/2018.6/2018-11 Yunnan | 2019/2019.15/2019-11-26 Rome,data/xmp/result-2019/raw/2019.14/2019-11-23 Florance/_DSC7019.xmp
duplicate frame (mixed),2019,2019.15,2019-11-26 Rome,_DSC7019,scenery,,2019.15,also in: 2018/2018.6/2018-11 Yunnan | 2019/2019.14/2019-11-23 Florance,data/xmp/result-2019/raw/2019.15/2019-11-26 Rome/_DSC7019.xmp
duplicate frame (mixed),2019,2019.2,2019-02-03 山公园4号塘,_D5C3683,bird,blue-throated barbet,2019.2,also in: 2019/2019.6/2019-02-12 那邦&腾冲 | 2019/2019.7/2019-03-04 逸城,data/xmp/result-2019/raw/2019.2/2019-02-03 山公园4号塘/_D5C3683.xmp
duplicate frame (mixed),2019,2019.5,2019-02-08 盈江2、7、8、10、5号塘,20190208-_D5C8716,bird,red junglefowl,2019.5,also in: 2018/2018.7/2018-12-16 逸城湿地 | 2025/2025.2/2025-07-06.1 Lofoten | 2025/2025.3/2025-07-06.2 Trollfjord Cruise,data/xmp/result-2019/raw/2019.5/2019-02-08 盈江2、7、8、10、5号塘/20190208-_D5C8716.xmp
duplicate frame (mixed),2019,2019.5,2019-02-08 盈江2、7、8、10、5号塘,20190208-_D5C8721,bird,red junglefowl,2019.5,also in: 2025/2025.2/2025-07-06.1 Lofoten | 2025/2025.3/2025-07-06.2 Trollfjord Cruise,data/xmp/result-2019/raw/2019.5/2019-02-08 盈江2、7、8、10、5号塘/20190208-_D5C8721.xmp
duplicate frame (mixed),2019,2019.5,2019-02-08 盈江2、7、8、10、5号塘,20190208-_D5C8833,bird,brown-headed thrush,2019.5,also in: 2021/2021.5/2021-10-09 东凌海边 | 2025/2025.1/2025-05-02 Sandwich Bay | 2025/2025.2/2025-07-06.1 Lofoten | 2025/2025.3/2025-07-06.2 Trollfjord Cruise,data/xmp/result-2019/raw/2019.5/2019-02-08 盈江2、7、8、10、5号塘/20190208-_D5C8833.xmp
duplicate frame (mixed),2019,2019.5,2019-02-08 盈江2、7、8、10、5号塘,20190208-_D5C8993,bird,white-crested laughingthrush,2019.5,also in: 2025/2025.2/2025-07-06.1 Lofoten | 2025/2025.3/2025-07-06.2 Trollfjord Cruise,data/xmp/result-2019/raw/2019.5/2019-02-08 盈江2、7、8、10、5号塘/20190208-_D5C8993.xmp
duplicate frame (mixed),2019,2019.5,2019-02-08 盈江2、7、8、10、5号塘,20190208-_D5C9226,bird,yellow-vented bulbul,2019.5,also in: 2025/2025.2/2025-07-06.1 Lofoten | 2025/2025.3/2025-07-06.2 Trollfjord Cruise,data/xmp/result-2019/raw/2019.5/2019-02-08 盈江2、7、8、10、5号塘/20190208-_D5C9226.xmp
duplicate frame (mixed),2019,2019.5,2019-02-08 盈江2、7、8、10、5号塘,20190208-_D5C9462,bird,grey treepie,2019.5,also in: 2025/2025.2/2025-07-06.1 Lofoten | 2025/2025.3/2025-07-06.2 Trollfjord Cruise,data/xmp/result-2019/raw/2019.5/2019-02-08 盈江2、7、8、10、5号塘/20190208-_D5C9462.xmp
duplicate frame (mixed),2019,2019.5,2019-02-09 盈江8、9号塘,20190209-_D5C9522,bird,golden-tailed woodpecker,2019.5,also in: 2025/2025.2/2025-07-06.1 Lofoten | 2025/2025.3/2025-07-06.2 Trollfjord Cruise,data/xmp/result-2019/raw/2019.5/2019-02-09 盈江8、9号塘/20190209-_D5C9522.xmp
duplicate frame (mixed),2019,2019.5,2019-02-09 盈江8、9号塘,20190209-_D5C9877,bird,himalayan monal,2019.5,also in: 2025/2025.2/2025-07-06.1 Lofoten | 2025/2025.3/2025-07-06.2 Trollfjord Cruise,data/xmp/result-2019/raw/2019.5/2019-02-09 盈江8、9号塘/20190209-_D5C9877.xmp
duplicate frame (mixed),2019,2019.6,2019-02-12 那邦&腾冲,20190212-_D5C3683,bird,white-tailed kite,2019.6,also in: 2019/2019.2/2019-02-03 山公园4号塘 | 2019/2019.7/2019-03-04 逸城,data/xmp/result-2019/raw/2019.6/2019-02-12 那邦&腾冲/20190212-_D5C3683.xmp
duplicate frame (mixed),2019,2019.7,2019-03-04 逸城,20190304-_D5C3683,bird,scaly-breasted munia,2019.7,also in: 2019/2019.2/2019-02-03 山公园4号塘 | 2019/2019.6/2019-02-12 那邦&腾冲,data/xmp/result-2019/raw/2019.7/2019-03-04 逸城/20190304-_D5C3683.xmp
duplicate frame (mixed),2019,2019.8,2019-08-27 Greenwich & St Paul Church,20190827-_D5C8236,bird,european robin,2019.8,also in: 2025/2025.2/2025-07-06.1 Gimsøy Midnight Sun | 2025/2025.2/2025-07-06.1 Lofoten,data/xmp/result-2019/raw/2019.8/2019-08-27 Greenwich & St Paul Church/20190827-_D5C8236.xmp
duplicate frame (mixed),2019,2019.8,2019-08-27 Greenwich & St Paul Church,20190827-_D5C8277-2,bird,common gull,2019.8,also in: 2025/2025.2/2025-07-06.1 Gimsøy Midnight Sun | 2025/2025.2/2025-07-06.1 Lofoten,data/xmp/result-2019/raw/2019.8/2019-08-27 Greenwich & St Paul Church/20190827-_D5C8277-2.xmp
duplicate frame (mixed),2019,2019.8,2019-08-27 Greenwich & St Paul Church,20190827-_D5C8317,bird,great black-backed gull,2019.8,also in: 2025/2025.2/2025-07-06.1 Gimsøy Midnight Sun | 2025/2025.2/2025-07-06.1 Lofoten,data/xmp/result-2019/raw/2019.8/2019-08-27 Greenwich & St Paul Church/20190827-_D5C8317.xmp
duplicate frame (mixed),2019,2019.8,2019-08-28 Jakarta Hotel Amsterdam,20190828-_D5C9299,bird,great crested grebe,2019.8,also in: 2025/2025.2/2025-07-06.1 Lofoten | 2025/2025.3/2025-07-06.2 Trollfjord Cruise,data/xmp/result-2019/raw/2019.8/2019-08-28 Jakarta Hotel Amsterdam/20190828-_D5C9299.xmp
duplicate frame (mixed),2019,2019.8,2019-08-29 Amsterdam Zoo,20190829-_D5C9989,bird,great black-backed gull,2019.8,also in: 2025/2025.2/2025-07-06.1 Lofoten | 2025/2025.3/2025-07-06.2 Trollfjord Cruise,data/xmp/result-2019/raw/2019.8/2019-08-29 Amsterdam Zoo/20190829-_D5C9989.xmp
duplicate frame (mixed),2019,2019.8,2019-08-30 Amsterdam,20190831-_D5C0552,bird,mute swan,2019.8,also in: 2025/2025.3/2025-07-07 Eggum Midnight Sun | 2025/2025.3/2025-07-07 Thon Hotel Lofoten,data/xmp/result-2019/raw/2019.8/2019-08-30 Amsterdam/20190831-_D5C0552.xmp
duplicate frame (mixed),2019,2019.8,2019-08-30 Amsterdam,20190831-_D5C0614,bird,yellow-legged gull,2019.8,also in: 2021/2021.6/2021-10-23 南汇嘴 | 2025/2025.3/2025-07-07 Eggum Midnight Sun | 2025/2025.3/2025-07-07 Thon Hotel Lofoten,data/xmp/result-2019/raw/2019.8/2019-08-30 Amsterdam/20190831-_D5C0614.xmp
duplicate frame (mixed),2019,2019.9,2019-08-31 Vondelpark Amsterdam,20190831-_D5C0330,bird,red-necked grebe chick,2019.9,also in: 2025/2025.2/2025-07-06.1 Lofoten | 2025/2025.3/2025-07-06.2 Trollfjord Cruise,data/xmp/result-2019/raw/2019.9/2019-08-31 Vondelpark Amsterdam/20190831-_D5C0330.xmp
duplicate frame (mixed),2021,2021.1,2021-01-14 南汇嘴,_D5C0347,bird,tufted duck,2021.1,also in: 2025/2025.2/2025-07-06.1 Lofoten | 2025/2025.3/2025-07-06.2 Trollfjord Cruise,data/xmp/result-2021/raw/2021.1/2021-01-14 南汇嘴/_D5C0347.xmp
duplicate frame (mixed),2021,2021.1,2021-01-14 南汇嘴,_D5C0424,bird,tufted duck,2021.1,also in: 2021/2021.6/2021-10-23 南汇嘴 | 2025/2025.2/2025-07-06.1 Lofoten | 2025/2025.3/2025-07-06.2 Trollfjord Cruise,data/xmp/result-2021/raw/2021.1/2021-01-14 南汇嘴/_D5C0424.xmp
duplicate frame (mixed),2021,2021.1,2021-01-14 南汇嘴,_D5C9915,bird,long-tailed duck,2021.1,also in: 2025/2025.2/2025-07-06.1 Lofoten | 2025/2025.3/2025-07-06.2 Trollfjord Cruise,data/xmp/result-2021/raw/2021.1/2021-01-14 南汇嘴/_D5C9915.xmp
duplicate frame (mixed),2021,2021.1,2021-02-07 Cozy City,_D5D5421,bird,yellow-browed warbler,2021.1,also in: 2021/2021.1/2021-02-07 逸城 | 2023/2023.1/2023-10-04.4 Birds in Taylor Creek Tallac Point,data/xmp/result-2021/raw/2021.1/2021-02-07 Cozy City/_D5D5421.xmp
duplicate frame (mixed),2021,2021.1,2021-02-07 Cozy City,_D5D5698,bird,scaly-breasted munia,2021.1,also in: 2021/2021.1/2021-02-07 逸城 | 2024/2024.5/2024-08-15 Vencouver,data/xmp/result-2021/raw/2021.1/2021-02-07 Cozy City/_D5D5698.xmp
duplicate frame (mixed),2021,2021.1,2021-02-07 逸城,_D5D5421,bird,yellow-browed warbler,2021.1,also in: 2021/2021.1/2021-02-07 Cozy City | 2023/2023.1/2023-10-04.4 Birds in Taylor Creek Tallac Point,data/xmp/result-2021/raw/2021.1/2021-02-07 逸城/_D5D5421.xmp
duplicate frame (mixed),2021,2021.1,2021-02-07 逸城,_D5D5698,bird,scaly-breasted munia,2021.1,also in: 2021/2021.1/2021-02-07 Cozy City | 2024/2024.5/2024-08-15 Vencouver,data/xmp/result-2021/raw/2021.1/2021-02-07 逸城/_D5D5698.xmp
duplicate frame (mixed),2021,2021.3,2021-04-29 南汇嘴,_D5D3381,bird,wood sandpiper,2021.3,also in: 2021/2021.3/2021-04-29 大云 | 2024/2024.3/2024-04-26 Tamar Wetland,data/xmp/result-2021/raw/2021.3/2021-04-29 南汇嘴/_D5D3381.xmp
duplicate frame (mixed),2021,2021.3,2021-04-29 大云,_D5D3381,bird,wood sandpiper,2021.3,also in: 2021/2021.3/2021-04-29 南汇嘴 | 2024/2024.3/2024-04-26 Tamar Wetland,data/xmp/result-2021/raw/2021.3/2021-04-29 大云/_D5D3381.xmp
duplicate frame (mixed),2021,2021.4,2021-09-24 奉贤海湾,_D5D5796,bird,yellow-legged gull,2021.4,also in: 2021/2021.7/2021-12-19 青西郊外公园 | 2021/2021.7/2021-12-19 青西郊野公园 | 2024/2024.5/2024-08-18 Juneau,data/xmp/result-2021/raw/2021.4/2021-09-24 奉贤海湾/_D5D5796.xmp
duplicate frame (mixed),2021,2021.5,2021-10-08 山公园景区后,_D5C7420,bird,dunlin,2021.5,also in: 2025/2025.2/2025-07-05 Lofoten | 2025/2025.2/2025-07-05 Lofoten Self-Driving,data/xmp/result-2021/raw/2021.5/2021-10-08 山公园景区后/_D5C7420.xmp
duplicate frame (mixed),2021,2021.5,2021-10-08 山公园景区后,_D5C8206,bird,greater sand plover,2021.5,also in: 2018/2018.7/2018-12-16 逸城湿地 | 2025/2025.2/2025-07-06.1 Gimsøy Midnight Sun | 2025/2025.2/2025-07-06.1 Lofoten,data/xmp/result-2021/raw/2021.5/2021-10-08 山公园景区后/_D5C8206.xmp
duplicate frame (mixed),2021,2021.5,2021-10-08 山公园景区后,_D5C8459-2,bird,common redshank,2021.5,also in: 2025/2025.2/2025-07-06.1 Lofoten | 2025/2025.3/2025-07-06.2 Trollfjord Cruise,data/xmp/result-2021/raw/2021.5/2021-10-08 山公园景区后/_D5C8459-2.xmp
duplicate frame (mixed),2021,2021.5,2021-10-08 山公园景区后,_D5C8467,bird,eastern imperial eagle,2021.5,also in: 2018/2018.7/2018-12-16 逸城湿地 | 2025/2025.2/2025-07-06.1 Lofoten | 2025/2025.3/2025-07-06.2 Trollfjord Cruise,data/xmp/result-2021/raw/2021.5/2021-10-08 山公园景区后/_D5C8467.xmp
duplicate frame (mixed),2021,2021.5,2021-10-09 东凌海边,_D5C8545,bird,eurasian curlew,2021.5,also in: 2025/2025.2/2025-07-06.1 Lofoten | 2025/2025.3/2025-07-06.2 Trollfjord Cruise,data/xmp/result-2021/raw/2021.5/2021-10-09 东凌海边/_D5C8545.xmp
duplicate frame (mixed),2021,2021.5,2021-10-09 东凌海边,_D5C8655,bird,curlew sandpiper,2021.5,also in: 2025/2025.2/2025-07-06.1 Lofoten | 2025/2025.3/2025-07-06.2 Trollfjord Cruise,data/xmp/result-2021/raw/2021.5/2021-10-09 东凌海边/_D5C8655.xmp
duplicate frame (mixed),2021,2021.5,2021-10-09 东凌海边,_D5C8833,bird,kentish plover,2021.5,also in: 2019/2019.5/2019-02-08 盈江2、7、8、10、5号塘 | 2025/2025.1/2025-05-02 Sandwich Bay | 2025/2025.2/2025-07-06.1 Lofoten | 2025/2025.3/2025-07-06.2 Trollfjord Cruise,data/xmp/result-2021/raw/2021.5/2021-10-09 东凌海边/_D5C8833.xmp
duplicate frame (mixed),2021,2021.5,2021-10-09 东凌海边,_D5C8841,bird,wilson's plover,2021.5,also in: 2025/2025.2/2025-07-06.1 Lofoten | 2025/2025.3/2025-07-06.2 Trollfjord Cruise,data/xmp/result-2021/raw/2021.5/2021-10-09 东凌海边/_D5C8841.xmp
duplicate frame (mixed),2021,2021.6,2021-10-17 东大公路和小树林,_D5C9142,bird,curlew sandpipers and other waders in shallow water,2021.6,also in: 2025/2025.2/2025-07-06.1 Lofoten | 2025/2025.3/2025-07-06.2 Trollfjord Cruise,data/xmp/result-2021/raw/2021.6/2021-10-17 东大公路和小树林/_D5C9142.xmp
duplicate frame (mixed),2021,2021.6,2021-10-23 南汇嘴,_D5C0324,bird,curlew sandpiper,2021.6,also in: 2025/2025.2/2025-07-06.1 Lofoten | 2025/2025.3/2025-07-06.2 Trollfjord Cruise,data/xmp/result-2021/raw/2021.6/2021-10-23 南汇嘴/_D5C0324.xmp
duplicate frame (mixed),2021,2021.6,2021-10-23 南汇嘴,_D5C0424,bird,curlew sandpiper,2021.6,also in: 2021/2021.1/2021-01-14 南汇嘴 | 2025/2025.2/2025-07-06.1 Lofoten | 2025/2025.3/2025-07-06.2 Trollfjord Cruise,data/xmp/result-2021/raw/2021.6/2021-10-23 南汇嘴/_D5C0424.xmp
duplicate frame (mixed),2021,2021.6,2021-10-23 南汇嘴,_D5C0614,bird,dunlin,2021.6,also in: 2019/2019.8/2019-08-30 Amsterdam | 2025/2025.3/2025-07-07 Eggum Midnight Sun | 2025/2025.3/2025-07-07 Thon Hotel Lofoten,data/xmp/result-2021/raw/2021.6/2021-10-23 南汇嘴/_D5C0614.xmp
duplicate frame (mixed),2021,2021.7,2021-12-19 青西郊外公园,_D5D5796,bird,mallard,2021.7,also in: 2021/2021.4/2021-09-24 奉贤海湾 | 2021/2021.7/2021-12-19 青西郊野公园 | 2024/2024.5/2024-08-18 Juneau,data/xmp/result-2021/raw/2021.7/2021-12-19 青西郊外公园/_D5D5796.xmp
duplicate frame (mixed),2021,2021.7,2021-12-19 青西郊外公园,_D5D5822,bird,gadwall,2021.7,also in: 2018/2018.5/2018-10-13 南汇嘴 | 2021/2021.7/2021-12-19 青西郊野公园,data/xmp/result-2021/raw/2021.7/2021-12-19 青西郊外公园/_D5D5822.xmp
duplicate frame (mixed),2021,2021.7,2021-12-19 青西郊野公园,_D5D5796,bird,mallard,2021.7,also in: 2021/2021.4/2021-09-24 奉贤海湾 | 2021/2021.7/2021-12-19 青西郊外公园 | 2024/2024.5/2024-08-18 Juneau,data/xmp/result-2021/raw/2021.7/2021-12-19 青西郊野公园/_D5D5796.xmp
duplicate frame (mixed),2021,2021.7,2021-12-19 青西郊野公园,_D5D5822,bird,gadwall,2021.7,also in: 2018/2018.5/2018-10-13 南汇嘴 | 2021/2021.7/2021-12-19 青西郊外公园,data/xmp/result-2021/raw/2021.7/2021-12-19 青西郊野公园/_D5D5822.xmp
duplicate frame (mixed),2023,2023.1,2023-03-13 瓯飞集团,_D5D7315,(none),,2023.1,also in: 2024/2024.4/2024-04-30 Lamington National Park | 2024/2024.4/2024-05-01 Gold Coast,data/xmp/result-2023/raw/2023.1/2023-03-13 瓯飞集团/_D5D7315.xmp
duplicate frame (mixed),2023,2023.1,2023-08-31 Yuki,_Z9C1285,animal,siberian husky,2023.1,also in: 2025/2025.1/2025-04-26 Cresta Mowana | 2025/2025.1/2025-04-26 Cresta Mowana Safari,data/xmp/result-2023/raw/2023.1/2023-08-31 Yuki/_Z9C1285.xmp
duplicate frame (mixed),2023,2023.1,2023-10-04.4 Birds in Taylor Creek Tallac Point,_D5D5421,bird,common raven,2023.1,also in: 2021/2021.1/2021-02-07 Cozy City | 2021/2021.1/2021-02-07 逸城,data/xmp/result-2023/raw/2023.1/2023-10-04.4 Birds in Taylor Creek Tallac Point/_D5D5421.xmp
duplicate frame (mixed),2024,2024.1,2024-01-07 拉市海,_D5D3141,scenery,,2024.1,also in: 2024/2024.5/2024-09-29 Grand Teton | 2024/2024.5/2024-09-30 Yellowstone West,data/xmp/result-2024/raw/2024.1/2024-01-07 拉市海/_D5D3141.xmp
duplicate frame (mixed),2024,2024.1,2024-01-07 拉市海,_Z9C9000,scenery,,2024.1,also in: 2024/2024.4/2024-05-14 Museum of New Zealand | 2025/2025.2/2025-06-20 Granada | 2025/2025.2/2025-06-20.4 Granada,data/xmp/result-2024/raw/2024.1/2024-01-07 拉市海/_Z9C9000.xmp
duplicate frame (mixed),2024,2024.3,2024-04-26 Tamar Wetland,_D5D3381,bird,gadwall,2024.3,also in: 2021/2021.3/2021-04-29 南汇嘴 | 2021/2021.3/2021-04-29 大云,data/xmp/result-2024/raw/2024.3/2024-04-26 Tamar Wetland/_D5D3381.xmp
duplicate frame (mixed),2024,2024.4,2024-04-30 Lamington National Park,_D5D7315,bird,pied currawong,2024.4,also in: 2023/2023.1/2023-03-13 瓯飞集团 | 2024/2024.4/2024-05-01 Gold Coast,data/xmp/result-2024/raw/2024.4/2024-04-30 Lamington National Park/_D5D7315.xmp
duplicate frame (mixed),2024,2024.4,2024-05-01 Gold Coast,_D5D7315,bird,pied currawong,2024.4,also in: 2023/2023.1/2023-03-13 瓯飞集团 | 2024/2024.4/2024-04-30 Lamington National Park,data/xmp/result-2024/raw/2024.4/2024-05-01 Gold Coast/2024-04-19 Melboune Birds/_D5D7315.xmp
duplicate frame (mixed),2024,2024.4,2024-05-14 Museum of New Zealand,_Z9C9000,(none),,2024.4,also in: 2024/2024.1/2024-01-07 拉市海 | 2025/2025.2/2025-06-20 Granada | 2025/2025.2/2025-06-20.4 Granada,data/xmp/result-2024/raw/2024.4/2024-05-14 Museum of New Zealand/_Z9C9000.xmp
duplicate frame (mixed),2024,2024.5,2024-08-15 Vencouver,_D5D5698,bird,great skua,2024.5,also in: 2021/2021.1/2021-02-07 Cozy City | 2021/2021.1/2021-02-07 逸城,data/xmp/result-2024/raw/2024.5/2024-08-15 Vencouver/_D5D5698.xmp
duplicate frame (mixed),2024,2024.5,2024-08-18 Juneau,_D5D5796,bird,common gull,2024.5,also in: 2021/2021.4/2021-09-24 奉贤海湾 | 2021/2021.7/2021-12-19 青西郊外公园 | 2021/2021.7/2021-12-19 青西郊野公园,data/xmp/result-2024/raw/2024.5/2024-08-18 Juneau/_D5D5796.xmp
duplicate frame (mixed),2024,2024.5,2024-09-29 Grand Teton,_D5D3141,(none),,2024.5,also in: 2024/2024.1/2024-01-07 拉市海 | 2024/2024.5/2024-09-30 Yellowstone West,data/xmp/result-2024/raw/2024.5/2024-09-29 Grand Teton/_D5D3141.xmp
duplicate frame (mixed),2024,2024.5,2024-09-30 Yellowstone West,_D5D3141-2,bird,white-crowned sparrow,2024.5,also in: 2024/2024.1/2024-01-07 拉市海 | 2024/2024.5/2024-09-29 Grand Teton,data/xmp/result-2024/raw/2024.5/2024-09-30 Yellowstone West/_D5D3141-2.xmp
duplicate frame (mixed),2025,2025.1,2025-04-26 Cresta Mowana,_D5C3166,bird,brown thrasher,2025.1,also in: 2019/2019.1/2019-02-02 山公园77号塘（马鹿塘） | 2025/2025.1/2025-04-26 Cresta Mowana Safari | 2025/2025.3/2025-07-14.1 St. Johnsfjorden,data/xmp/result-2025/raw/2025.1/2025-04-26 Cresta Mowana/_D5C3166.xmp
duplicate frame (mixed),2025,2025.1,2025-04-26 Cresta Mowana,_Z9C1285,animal,chacma baboon,2025.1,also in: 2023/2023.1/2023-08-31 Yuki | 2025/2025.1/2025-04-26 Cresta Mowana Safari,data/xmp/result-2025/raw/2025.1/2025-04-26 Cresta Mowana/_Z9C1285.xmp
duplicate frame (mixed),2025,2025.1,2025-04-26 Cresta Mowana Safari,_D5C3166,bird,brown thrasher,2025.1,also in: 2019/2019.1/2019-02-02 山公园77号塘（马鹿塘） | 2025/2025.1/2025-04-26 Cresta Mowana | 2025/2025.3/2025-07-14.1 St. Johnsfjorden,data/xmp/result-2025/raw/2025.1/2025-04-26 Cresta Mowana Safari/_D5C3166.xmp
duplicate frame (mixed),2025,2025.1,2025-04-26 Cresta Mowana Safari,_Z9C1285,bird;animal,baboon,2025.1,also in: 2023/2023.1/2023-08-31 Yuki | 2025/2025.1/2025-04-26 Cresta Mowana,data/xmp/result-2025/raw/2025.1/2025-04-26 Cresta Mowana Safari/_Z9C1285.xmp
duplicate frame (mixed),2025,2025.1,2025-04-30.2 Safari Safari (belore leaving),_D5C7455,bird,batis minor,2025.1,also in: 2025/2025.2/2025-07-05 Lofoten | 2025/2025.2/2025-07-05 Lofoten Self-Driving,data/xmp/result-2025/raw/2025.1/2025-04-30.2 Safari Safari (belore leaving)/_D5C7455.xmp
duplicate frame (mixed),2025,2025.1,2025-04-30.2 Safari Safari (belore leaving),_D5C7472,bird,batis minor,2025.1,also in: 2025/2025.2/2025-07-05 Lofoten | 2025/2025.2/2025-07-05 Lofoten Self-Driving,data/xmp/result-2025/raw/2025.1/2025-04-30.2 Safari Safari (belore leaving)/_D5C7472.xmp
duplicate frame (mixed),2025,2025.1,2025-04-30.2 Safari Safari (belore leaving),_D5C7537,people,,2025.1,also in: 2018/2018.5/2018-10-13 南汇嘴 | 2025/2025.2/2025-07-05 Lofoten | 2025/2025.2/2025-07-05 Lofoten Self-Driving,data/xmp/result-2025/raw/2025.1/2025-04-30.2 Safari Safari (belore leaving)/_D5C7537.xmp
duplicate frame (mixed),2025,2025.1,2025-05-02 Sandwich Bay,_D5C8761,bird,great white pelican,2025.1,also in: 2025/2025.2/2025-07-06.1 Lofoten | 2025/2025.3/2025-07-06.2 Trollfjord Cruise,data/xmp/result-2025/raw/2025.1/2025-05-02 Sandwich Bay/_D5C8761.xmp
duplicate frame (mixed),2025,2025.1,2025-05-02 Sandwich Bay,_D5C8769,bird,great white pelican,2025.1,also in: 2025/2025.2/2025-07-06.1 Lofoten | 2025/2025.3/2025-07-06.2 Trollfjord Cruise,data/xmp/result-2025/raw/2025.1/2025-05-02 Sandwich Bay/_D5C8769.xmp
duplicate frame (mixed),2025,2025.1,2025-05-02 Sandwich Bay,_D5C8833,bird,greater flamingo,2025.1,also in: 2019/2019.5/2019-02-08 盈江2、7、8、10、5号塘 | 2021/2021.5/2021-10-09 东凌海边 | 2025/2025.2/2025-07-06.1 Lofoten | 2025/2025.3/2025-07-06.2 Trollfjord Cruise,data/xmp/result-2025/raw/2025.1/2025-05-02 Sandwich Bay/_D5C8833.xmp
duplicate frame (mixed),2025,2025.1,2025-05-03 Red Desert,_D5C9156,bird,great white pelicans and pink flamingos on a coastal sandbar,2025.1,also in: 2025/2025.2/2025-07-06.1 Lofoten | 2025/2025.3/2025-07-06.2 Trollfjord Cruise,data/xmp/result-2025/raw/2025.1/2025-05-03 Red Desert/_D5C9156.xmp
duplicate frame (mixed),2025,2025.1,2025-05-03 Red Desert,_D5C9511,animal,oryx,2025.1,also in: 2025/2025.2/2025-07-06.1 Lofoten | 2025/2025.3/2025-07-06.2 Trollfjord Cruise,data/xmp/result-2025/raw/2025.1/2025-05-03 Red Desert/_D5C9511.xmp
duplicate frame (mixed),2025,2025.1,2025-05-03 Red Desert,_D5C9518,animal,gemsbok,2025.1,also in: 2025/2025.2/2025-07-06.1 Lofoten | 2025/2025.3/2025-07-06.2 Trollfjord Cruise,data/xmp/result-2025/raw/2025.1/2025-05-03 Red Desert/_D5C9518.xmp
duplicate frame (mixed),2025,2025.1,2025-05-03 Red Desert,_D5C9520,animal,gemsbok,2025.1,also in: 2025/2025.2/2025-07-06.1 Lofoten | 2025/2025.3/2025-07-06.2 Trollfjord Cruise,data/xmp/result-2025/raw/2025.1/2025-05-03 Red Desert/_D5C9520.xmp
duplicate frame (mixed),2025,2025.1,2025-05-04 Death Valley,_D5C9874,animal,gemsbok in red sand desert,2025.1,also in: 2025/2025.2/2025-07-06.1 Lofoten | 2025/2025.3/2025-07-06.2 Trollfjord Cruise,data/xmp/result-2025/raw/2025.1/2025-05-04 Death Valley/_D5C9874.xmp
duplicate frame (mixed),2025,2025.1,2025-05-04 Death Valley,_D5C9978,bird,turkey vulture,2025.1,also in: 2025/2025.2/2025-07-06.1 Lofoten | 2025/2025.3/2025-07-06.2 Trollfjord Cruise,data/xmp/result-2025/raw/2025.1/2025-05-04 Death Valley/_D5C9978.xmp
duplicate frame (mixed),2025,2025.2,2025-05-05.1 Sunrise,_D5C0195,bird,barn swallow,2025.2,also in: 2025/2025.2/2025-07-06.1 Lofoten | 2025/2025.3/2025-07-06.2 Trollfjord Cruise,data/xmp/result-2025/raw/2025.2/2025-05-05.1 Sunrise/_D5C0195.xmp
duplicate frame (mixed),2025,2025.2,2025-05-05.1 Sunrise,_D5C0595,bird,white-crowned sparrow,2025.2,also in: 2025/2025.3/2025-07-07 Eggum Midnight Sun | 2025/2025.3/2025-07-07 Thon Hotel Lofoten,data/xmp/result-2025/raw/2025.2/2025-05-05.1 Sunrise/_D5C0595.xmp
duplicate frame (mixed),2025,2025.2,2025-06-20 Granada,_Z9C9000,(none),,2025.2,also in: 2024/2024.1/2024-01-07 拉市海 | 2024/2024.4/2024-05-14 Museum of New Zealand | 2025/2025.2/2025-06-20.4 Granada,data/xmp/result-2025/raw/2025.2/2025-06-20 Granada/_Z9C9000.xmp
duplicate frame (mixed),2025,2025.2,2025-06-20 Granada,_Z9C9034,bird,common kestrel,2025.2,also in: 2025/2025.2/2025-06-20.4 Granada | 2025/2025.3/2025-07-13 Le Lyrial - Polar Bear,data/xmp/result-2025/raw/2025.2/2025-06-20 Granada/_Z9C9034.xmp
duplicate frame (mixed),2025,2025.2,2025-06-20.4 Granada,_Z9C9000,(none),,2025.2,also in: 2024/2024.1/2024-01-07 拉市海 | 2024/2024.4/2024-05-14 Museum of New Zealand | 2025/2025.2/2025-06-20 Granada,data/xmp/result-2025/raw/2025.2/2025-06-20.4 Granada/_Z9C9000.xmp
duplicate frame (mixed),2025,2025.2,2025-06-20.4 Granada,_Z9C9034,bird,common kestrel,2025.2,also in: 2025/2025.2/2025-06-20 Granada | 2025/2025.3/2025-07-13 Le Lyrial - Polar Bear,data/xmp/result-2025/raw/2025.2/2025-06-20.4 Granada/_Z9C9034.xmp
duplicate frame (mixed),2025,2025.2,2025-07-05 Lofoten,_D5C7420,bird,whooper swan,2025.2,also in: 2021/2021.5/2021-10-08 山公园景区后 | 2025/2025.2/2025-07-05 Lofoten Self-Driving,data/xmp/result-2025/raw/2025.2/2025-07-05 Lofoten/_D5C7420.xmp
duplicate frame (mixed),2025,2025.2,2025-07-05 Lofoten,_D5C7455,bird,kittiwake,2025.2,also in: 2025/2025.1/2025-04-30.2 Safari Safari (belore leaving) | 2025/2025.2/2025-07-05 Lofoten Self-Driving,data/xmp/result-2025/raw/2025.2/2025-07-05 Lofoten/_D5C7455.xmp
duplicate frame (mixed),2025,2025.2,2025-07-05 Lofoten,_D5C7472,bird,greylag goose,2025.2,also in: 2025/2025.1/2025-04-30.2 Safari Safari (belore leaving) | 2025/2025.2/2025-07-05 Lofoten Self-Driving,data/xmp/result-2025/raw/2025.2/2025-07-05 Lofoten/_D5C7472.xmp
duplicate frame (mixed),2025,2025.2,2025-07-05 Lofoten,_D5C7485,bird,willow warbler,2025.2,also in: 2018/2018.5/2018-10-13 南汇嘴 | 2025/2025.2/2025-07-05 Lofoten Self-Driving,data/xmp/result-2025/raw/2025.2/2025-07-05 Lofoten/_D5C7485.xmp
duplicate frame (mixed),2025,2025.2,2025-07-05 Lofoten,_D5C7537,bird,willow warbler,2025.2,also in: 2018/2018.5/2018-10-13 南汇嘴 | 2025/2025.1/2025-04-30.2 Safari Safari (belore leaving) | 2025/2025.2/2025-07-05 Lofoten Self-Driving,data/xmp/result-2025/raw/2025.2/2025-07-05 Lofoten/_D5C7537.xmp
duplicate frame (mixed),2025,2025.2,2025-07-05 Lofoten Self-Driving,_D5C7420,bird,whooper swan,2025.2,also in: 2021/2021.5/2021-10-08 山公园景区后 | 2025/2025.2/2025-07-05 Lofoten,data/xmp/result-2025/raw/2025.2/2025-07-05 Lofoten Self-Driving/_D5C7420.xmp
duplicate frame (mixed),2025,2025.2,2025-07-05 Lofoten Self-Driving,_D5C7455,bird,kittiwake,2025.2,also in: 2025/2025.1/2025-04-30.2 Safari Safari (belore leaving) | 2025/2025.2/2025-07-05 Lofoten,data/xmp/result-2025/raw/2025.2/2025-07-05 Lofoten Self-Driving/_D5C7455.xmp
duplicate frame (mixed),2025,2025.2,2025-07-05 Lofoten Self-Driving,_D5C7472,bird,greylag goose,2025.2,also in: 2025/2025.1/2025-04-30.2 Safari Safari (belore leaving) | 2025/2025.2/2025-07-05 Lofoten,data/xmp/result-2025/raw/2025.2/2025-07-05 Lofoten Self-Driving/_D5C7472.xmp
duplicate frame (mixed),2025,2025.2,2025-07-05 Lofoten Self-Driving,_D5C7485,bird,willow warbler,2025.2,also in: 2018/2018.5/2018-10-13 南汇嘴 | 2025/2025.2/2025-07-05 Lofoten,data/xmp/result-2025/raw/2025.2/2025-07-05 Lofoten Self-Driving/_D5C7485.xmp
duplicate frame (mixed),2025,2025.2,2025-07-05 Lofoten Self-Driving,_D5C7537,bird,willow warbler,2025.2,also in: 2018/2018.5/2018-10-13 南汇嘴 | 2025/2025.1/2025-04-30.2 Safari Safari (belore leaving) | 2025/2025.2/2025-07-05 Lofoten,data/xmp/result-2025/raw/2025.2/2025-07-05 Lofoten Self-Driving/_D5C7537.xmp
duplicate frame (mixed),2025,2025.2,2025-07-06.1 Gimsøy Midnight Sun,_D5C8173,(none),,2025.2,also in: 2018/2018.7/2018-12-16 逸城湿地 | 2025/2025.2/2025-07-06.1 Lofoten,data/xmp/result-2025/raw/2025.2/2025-07-06.1 Gimsøy Midnight Sun/_D5C8173.xmp
duplicate frame (mixed),2025,2025.2,2025-07-06.1 Gimsøy Midnight Sun,_D5C8176,bird,brown pelican,2025.2,also in: 2018/2018.7/2018-12-16 逸城湿地 | 2025/2025.2/2025-07-06.1 Lofoten,data/xmp/result-2025/raw/2025.2/2025-07-06.1 Gimsøy Midnight Sun/_D5C8176.xmp
duplicate frame (mixed),2025,2025.2,2025-07-06.1 Gimsøy Midnight Sun,_D5C8206,bird,common gull,2025.2,also in: 2018/2018.7/2018-12-16 逸城湿地 | 2021/2021.5/2021-10-08 山公园景区后 | 2025/2025.2/2025-07-06.1 Lofoten,data/xmp/result-2025/raw/2025.2/2025-07-06.1 Gimsøy Midnight Sun/_D5C8206.xmp
duplicate frame (mixed),2025,2025.2,2025-07-06.1 Gimsøy Midnight Sun,_D5C8236,bird,red-necked goose,2025.2,also in: 2019/2019.8/2019-08-27 Greenwich & St Paul Church | 2025/2025.2/2025-07-06.1 Lofoten,data/xmp/result-2025/raw/2025.2/2025-07-06.1 Gimsøy Midnight Sun/_D5C8236.xmp
duplicate frame (mixed),2025,2025.2,2025-07-06.1 Gimsøy Midnight Sun,_D5C8260,bird,white-tailed ptarmigan,2025.2,also in: 2025/2025.2/2025-07-06.1 Lofoten | 2025/2025.4/2025-07-18 Ny Ålesund and Kongsbreen,data/xmp/result-2025/raw/2025.2/2025-07-06.1 Gimsøy Midnight Sun/_D5C8260.xmp
duplicate frame (mixed),2025,2025.2,2025-07-06.1 Gimsøy Midnight Sun,_D5C8269,(none),,2025.2,also in: 2018/2018.7/2018-12-16 逸城湿地 | 2025/2025.2/2025-07-06.1 Lofoten,data/xmp/result-2025/raw/2025.2/2025-07-06.1 Gimsøy Midnight Sun/_D5C8269.xmp
duplicate frame (mixed),2025,2025.2,2025-07-06.1 Gimsøy Midnight Sun,_D5C8277,(none),,2025.2,also in: 2019/2019.8/2019-08-27 Greenwich & St Paul Church | 2025/2025.2/2025-07-06.1 Lofoten,data/xmp/result-2025/raw/2025.2/2025-07-06.1 Gimsøy Midnight Sun/_D5C8277.xmp
duplicate frame (mixed),2025,2025.2,2025-07-06.1 Gimsøy Midnight Sun,_D5C8317,bird,red-necked grebe,2025.2,also in: 2019/2019.8/2019-08-27 Greenwich & St Paul Church | 2025/2025.2/2025-07-06.1 Lofoten,data/xmp/result-2025/raw/2025.2/2025-07-06.1 Gimsøy Midnight Sun/_D5C8317.xmp
duplicate frame (mixed),2025,2025.2,2025-07-06.1 Lofoten,_D5C0195,bird,barn swallow,2025.2,also in: 2025/2025.2/2025-05-05.1 Sunrise | 2025/2025.3/2025-07-06.2 Trollfjord Cruise,data/xmp/result-2025/raw/2025.2/2025-07-06.1 Lofoten/_D5C0195.xmp
duplicate frame (mixed),2025,2025.2,2025-07-06.1 Lofoten,_D5C0232,bird,white-tailed eagle,2025.2,also in: 2018/2018.3/2018-03-31 南汇嘴 | 2025/2025.3/2025-07-06.2 Trollfjord Cruise,data/xmp/result-2025/raw/2025.2/2025-07-06.1 Lofoten/_D5C0232.xmp
duplicate frame (mixed),2025,2025.2,2025-07-06.1 Lofoten,_D5C0324,bird,white-tailed eagle,2025.2,also in: 2021/2021.6/2021-10-23 南汇嘴 | 2025/2025.3/2025-07-06.2 Trollfjord Cruise,data/xmp/result-2025/raw/2025.2/2025-07-06.1 Lofoten/_D5C0324.xmp
duplicate frame (mixed),2025,2025.2,2025-07-06.1 Lofoten,_D5C0330,bird,white-tailed eagle,2025.2,also in: 2019/2019.9/2019-08-31 Vondelpark Amsterdam | 2025/2025.3/2025-07-06.2 Trollfjord Cruise,data/xmp/result-2025/raw/2025.2/2025-07-06.1 Lofoten/_D5C0330.xmp
duplicate frame (mixed),2025,2025.2,2025-07-06.1 Lofoten,_D5C0347,bird,black kite,2025.2,also in: 2021/2021.1/2021-01-14 南汇嘴 | 2025/2025.3/2025-07-06.2 Trollfjord Cruise,data/xmp/result-2025/raw/2025.2/2025-07-06.1 Lofoten/_D5C0347.xmp
duplicate frame (mixed),2025,2025.2,2025-07-06.1 Lofoten,_D5C0424,bird,yellow-legged gull,2025.2,also in: 2021/2021.1/2021-01-14 南汇嘴 | 2021/2021.6/2021-10-23 南汇嘴 | 2025/2025.3/2025-07-06.2 Trollfjord Cruise,data/xmp/result-2025/raw/2025.2/2025-07-06.1 Lofoten/_D5C0424.xmp
duplicate frame (mixed),2025,2025.2,2025-07-06.1 Lofoten,_D5C8173,(none),,2025.2,also in: 2018/2018.7/2018-12-16 逸城湿地 | 2025/2025.2/2025-07-06.1 Gimsøy Midnight Sun,data/xmp/result-2025/raw/2025.2/2025-07-06.1 Lofoten/_D5C8173.xmp
duplicate frame (mixed),2025,2025.2,2025-07-06.1 Lofoten,_D5C8176,bird,brown pelican,2025.2,also in: 2018/2018.7/2018-12-16 逸城湿地 | 2025/2025.2/2025-07-06.1 Gimsøy Midnight Sun,data/xmp/result-2025/raw/2025.2/2025-07-06.1 Lofoten/_D5C8176.xmp
duplicate frame (mixed),2025,2025.2,2025-07-06.1 Lofoten,_D5C8206,bird,common gull,2025.2,also in: 2018/2018.7/2018-12-16 逸城湿地 | 2021/2021.5/2021-10-08 山公园景区后 | 2025/2025.2/2025-07-06.1 Gimsøy Midnight Sun,data/xmp/result-2025/raw/2025.2/2025-07-06.1 Lofoten/_D5C8206.xmp
duplicate frame (mixed),2025,2025.2,2025-07-06.1 Lofoten,_D5C8236,bird,red-necked goose,2025.2,also in: 2019/2019.8/2019-08-27 Greenwich & St Paul Church | 2025/2025.2/2025-07-06.1 Gimsøy Midnight Sun,data/xmp/result-2025/raw/2025.2/2025-07-06.1 Lofoten/_D5C8236.xmp
duplicate frame (mixed),2025,2025.2,2025-07-06.1 Lofoten,_D5C8260,bird,white-tailed ptarmigan,2025.2,also in: 2025/2025.2/2025-07-06.1 Gimsøy Midnight Sun | 2025/2025.4/2025-07-18 Ny Ålesund and Kongsbreen,data/xmp/result-2025/raw/2025.2/2025-07-06.1 Lofoten/_D5C8260.xmp
duplicate frame (mixed),2025,2025.2,2025-07-06.1 Lofoten,_D5C8269,(none),,2025.2,also in: 2018/2018.7/2018-12-16 逸城湿地 | 2025/2025.2/2025-07-06.1 Gimsøy Midnight Sun,data/xmp/result-2025/raw/2025.2/2025-07-06.1 Lofoten/_D5C8269.xmp
duplicate frame (mixed),2025,2025.2,2025-07-06.1 Lofoten,_D5C8277,(none),,2025.2,also in: 2019/2019.8/2019-08-27 Greenwich & St Paul Church | 2025/2025.2/2025-07-06.1 Gimsøy Midnight Sun,data/xmp/result-2025/raw/2025.2/2025-07-06.1 Lofoten/_D5C8277.xmp
duplicate frame (mixed),2025,2025.2,2025-07-06.1 Lofoten,_D5C8317,bird,red-necked grebe,2025.2,also in: 2019/2019.8/2019-08-27 Greenwich & St Paul Church | 2025/2025.2/2025-07-06.1 Gimsøy Midnight Sun,data/xmp/result-2025/raw/2025.2/2025-07-06.1 Lofoten/_D5C8317.xmp
duplicate frame (mixed),2025,2025.2,2025-07-06.1 Lofoten,_D5C8459,bird,white-tailed eagle,2025.2,also in: 2021/2021.5/2021-10-08 山公园景区后 | 2025/2025.3/2025-07-06.2 Trollfjord Cruise,data/xmp/result-2025/raw/2025.2/2025-07-06.1 Lofoten/_D5C8459.xmp
duplicate frame (mixed),2025,2025.2,2025-07-06.1 Lofoten,_D5C8467,bird,white-tailed eagle,2025.2,also in: 2018/2018.7/2018-12-16 逸城湿地 | 2021/2021.5/2021-10-08 山公园景区后 | 2025/2025.3/2025-07-06.2 Trollfjord Cruise,data/xmp/result-2025/raw/2025.2/2025-07-06.1 Lofoten/_D5C8467.xmp
duplicate frame (mixed),2025,2025.2,2025-07-06.1 Lofoten,_D5C8496,bird,white-tailed eagle,2025.2,also in: 2025/2025.3/2025-07-06.2 Trollfjord Cruise | 2025/2025.4/2025-08-10 Point Reye National Seashore,data/xmp/result-2025/raw/2025.2/2025-07-06.1 Lofoten/_D5C8496.xmp
duplicate frame (mixed),2025,2025.2,2025-07-06.1 Lofoten,_D5C8545,bird,white-tailed eagle,2025.2,also in: 2021/2021.5/2021-10-09 东凌海边 | 2025/2025.3/2025-07-06.2 Trollfjord Cruise,data/xmp/result-2025/raw/2025.2/2025-07-06.1 Lofoten/_D5C8545.xmp
duplicate frame (mixed),2025,2025.2,2025-07-06.1 Lofoten,_D5C8655,bird,white-tailed eagle,2025.2,also in: 2021/2021.5/2021-10-09 东凌海边 | 2025/2025.3/2025-07-06.2 Trollfjord Cruise,data/xmp/result-2025/raw/2025.2/2025-07-06.1 Lofoten/_D5C8655.xmp
duplicate frame (mixed),2025,2025.2,2025-07-06.1 Lofoten,_D5C8716,bird,white-tailed eagle,2025.2,also in: 2018/2018.7/2018-12-16 逸城湿地 | 2019/2019.5/2019-02-08 盈江2、7、8、10、5号塘 | 2025/2025.3/2025-07-06.2 Trollfjord Cruise,data/xmp/result-2025/raw/2025.2/2025-07-06.1 Lofoten/_D5C8716.xmp
duplicate frame (mixed),2025,2025.2,2025-07-06.1 Lofoten,_D5C8721,bird,white-tailed eagle,2025.2,also in: 2019/2019.5/2019-02-08 盈江2、7、8、10、5号塘 | 2025/2025.3/2025-07-06.2 Trollfjord Cruise,data/xmp/result-2025/raw/2025.2/2025-07-06.1 Lofoten/_D5C8721.xmp
duplicate frame (mixed),2025,2025.2,2025-07-06.1 Lofoten,_D5C8761,bird,white-tailed eagle,2025.2,also in: 2025/2025.1/2025-05-02 Sandwich Bay | 2025/2025.3/2025-07-06.2 Trollfjord Cruise,data/xmp/result-2025/raw/2025.2/2025-07-06.1 Lofoten/_D5C8761.xmp
duplicate frame (mixed),2025,2025.2,2025-07-06.1 Lofoten,_D5C8769,bird,white-tailed eagle,2025.2,also in: 2025/2025.1/2025-05-02 Sandwich Bay | 2025/2025.3/2025-07-06.2 Trollfjord Cruise,data/xmp/result-2025/raw/2025.2/2025-07-06.1 Lofoten/_D5C8769.xmp
duplicate frame (mixed),2025,2025.2,2025-07-06.1 Lofoten,_D5C8833,scenery,,2025.2,also in: 2019/2019.5/2019-02-08 盈江2、7、8、10、5号塘 | 2021/2021.5/2021-10-09 东凌海边 | 2025/2025.1/2025-05-02 Sandwich Bay | 2025/2025.3/2025-07-06.2 Trollfjord Cruise,data/xmp/result-2025/raw/2025.2/2025-07-06.1 Lofoten/_D5C8833.xmp
duplicate frame (mixed),2025,2025.2,2025-07-06.1 Lofoten,_D5C8841,bird,white-tailed eagle,2025.2,also in: 2021/2021.5/2021-10-09 东凌海边 | 2025/2025.3/2025-07-06.2 Trollfjord Cruise,data/xmp/result-2025/raw/2025.2/2025-07-06.1 Lofoten/_D5C8841.xmp
duplicate frame (mixed),2025,2025.2,2025-07-06.1 Lofoten,_D5C8842,bird,white-tailed eagle,2025.2,also in: 2025/2025.3/2025-07-06.2 Trollfjord Cruise | 2025/2025.4/2025-09-18 Tahoe Sophie's Home,data/xmp/result-2025/raw/2025.2/2025-07-06.1 Lofoten/_D5C8842.xmp
duplicate frame (mixed),2025,2025.2,2025-07-06.1 Lofoten,_D5C8993,bird,yellow-legged gull,2025.2,also in: 2019/2019.5/2019-02-08 盈江2、7、8、10、5号塘 | 2025/2025.3/2025-07-06.2 Trollfjord Cruise,data/xmp/result-2025/raw/2025.2/2025-07-06.1 Lofoten/_D5C8993.xmp
duplicate frame (mixed),2025,2025.2,2025-07-06.1 Lofoten,_D5C9014,bird,white-tailed eagle,2025.2,also in: 2018/2018.7/2018-12-18 逸城湿地 | 2025/2025.3/2025-07-06.2 Trollfjord Cruise | 2025/2025.4/2025-09-29 Laura's Home (Chicago),data/xmp/result-2025/raw/2025.2/2025-07-06.1 Lofoten/_D5C9014.xmp
duplicate frame (mixed),2025,2025.2,2025-07-06.1 Lofoten,_D5C9040,bird,golden eagle,2025.2,also in: 2025/2025.3/2025-07-06.2 Trollfjord Cruise | 2025/2025.4/2025-09-29 Laura's Home (Chicago),data/xmp/result-2025/raw/2025.2/2025-07-06.1 Lofoten/_D5C9040.xmp
duplicate frame (mixed),2025,2025.2,2025-07-06.1 Lofoten,_D5C9065,bird,white-tailed eagle,2025.2,also in: 2025/2025.3/2025-07-06.2 Trollfjord Cruise | 2025/2025.4/2025-09-29 Laura's Home (Chicago),data/xmp/result-2025/raw/2025.2/2025-07-06.1 Lofoten/_D5C9065.xmp
duplicate frame (mixed),2025,2025.2,2025-07-06.1 Lofoten,_D5C9142,bird,golden eagle,2025.2,also in: 2021/2021.6/2021-10-17 东大公路和小树林 | 2025/2025.3/2025-07-06.2 Trollfjord Cruise,data/xmp/result-2025/raw/2025.2/2025-07-06.1 Lofoten/_D5C9142.xmp
duplicate frame (mixed),2025,2025.2,2025-07-06.1 Lofoten,_D5C9146,bird,white-tailed eagle,2025.2,also in: 2018/2018.7/2018-12-18 逸城湿地 | 2025/2025.3/2025-07-06.2 Trollfjord Cruise,data/xmp/result-2025/raw/2025.2/2025-07-06.1 Lofoten/_D5C9146.xmp
duplicate frame (mixed),2025,2025.2,2025-07-06.1 Lofoten,_D5C9156,bird,white-tailed eagle,2025.2,also in: 2025/2025.1/2025-05-03 Red Desert | 2025/2025.3/2025-07-06.2 Trollfjord Cruise,data/xmp/result-2025/raw/2025.2/2025-07-06.1 Lofoten/_D5C9156.xmp
duplicate frame (mixed),2025,2025.2,2025-07-06.1 Lofoten,_D5C9226,bird,herring gull,2025.2,also in: 2019/2019.5/2019-02-08 盈江2、7、8、10、5号塘 | 2025/2025.3/2025-07-06.2 Trollfjord Cruise,data/xmp/result-2025/raw/2025.2/2025-07-06.1 Lofoten/_D5C9226.xmp
duplicate frame (mixed),2025,2025.2,2025-07-06.1 Lofoten,_D5C9299,bird,white-tailed eagle,2025.2,also in: 2019/2019.8/2019-08-28 Jakarta Hotel Amsterdam | 2025/2025.3/2025-07-06.2 Trollfjord Cruise,data/xmp/result-2025/raw/2025.2/2025-07-06.1 Lofoten/_D5C9299.xmp
duplicate frame (mixed),2025,2025.2,2025-07-06.1 Lofoten,_D5C9310,bird,white-tailed eagle,2025.2,also in: 2025/2025.3/2025-07-06.2 Trollfjord Cruise | 2025/2025.4/2025-09-29 Laura's Home (Chicago),data/xmp/result-2025/raw/2025.2/2025-07-06.1 Lofoten/_D5C9310.xmp
duplicate frame (mixed),2025,2025.2,2025-07-06.1 Lofoten,_D5C9343,bird,white-tailed eagle,2025.2,also in: 2025/2025.3/2025-07-06.2 Trollfjord Cruise | 2025/2025.4/2025-10-02 Chicago,data/xmp/result-2025/raw/2025.2/2025-07-06.1 Lofoten/_D5C9343.xmp
duplicate frame (mixed),2025,2025.2,2025-07-06.1 Lofoten,_D5C9443,bird,white-tailed eagle,2025.2,also in: 2025/2025.3/2025-07-06.2 Trollfjord Cruise | 2025/2025.4/2025-10-02 Chicago,data/xmp/result-2025/raw/2025.2/2025-07-06.1 Lofoten/_D5C9443.xmp
duplicate frame (mixed),2025,2025.2,2025-07-06.1 Lofoten,_D5C9462,bird,white-tailed eagle,2025.2,also in: 2019/2019.5/2019-02-08 盈江2、7、8、10、5号塘 | 2025/2025.3/2025-07-06.2 Trollfjord Cruise,data/xmp/result-2025/raw/2025.2/2025-07-06.1 Lofoten/_D5C9462.xmp
duplicate frame (mixed),2025,2025.2,2025-07-06.1 Lofoten,_D5C9511,bird,white-tailed eagle,2025.2,also in: 2025/2025.1/2025-05-03 Red Desert | 2025/2025.3/2025-07-06.2 Trollfjord Cruise,data/xmp/result-2025/raw/2025.2/2025-07-06.1 Lofoten/_D5C9511.xmp
duplicate frame (mixed),2025,2025.2,2025-07-06.1 Lofoten,_D5C9518,bird,white-tailed eagle,2025.2,also in: 2025/2025.1/2025-05-03 Red Desert | 2025/2025.3/2025-07-06.2 Trollfjord Cruise,data/xmp/result-2025/raw/2025.2/2025-07-06.1 Lofoten/_D5C9518.xmp
duplicate frame (mixed),2025,2025.2,2025-07-06.1 Lofoten,_D5C9520,bird,white-tailed eagle,2025.2,also in: 2025/2025.1/2025-05-03 Red Desert | 2025/2025.3/2025-07-06.2 Trollfjord Cruise,data/xmp/result-2025/raw/2025.2/2025-07-06.1 Lofoten/_D5C9520.xmp
duplicate frame (mixed),2025,2025.2,2025-07-06.1 Lofoten,_D5C9522,bird,white-tailed eagle,2025.2,also in: 2019/2019.5/2019-02-09 盈江8、9号塘 | 2025/2025.3/2025-07-06.2 Trollfjord Cruise,data/xmp/result-2025/raw/2025.2/2025-07-06.1 Lofoten/_D5C9522.xmp
duplicate frame (mixed),2025,2025.2,2025-07-06.1 Lofoten,_D5C9874,bird,common gull,2025.2,also in: 2025/2025.1/2025-05-04 Death Valley | 2025/2025.3/2025-07-06.2 Trollfjord Cruise,data/xmp/result-2025/raw/2025.2/2025-07-06.1 Lofoten/_D5C9874.xmp
duplicate frame (mixed),2025,2025.2,2025-07-06.1 Lofoten,_D5C9877,bird,common gull,2025.2,also in: 2019/2019.5/2019-02-09 盈江8、9号塘 | 2025/2025.3/2025-07-06.2 Trollfjord Cruise,data/xmp/result-2025/raw/2025.2/2025-07-06.1 Lofoten/_D5C9877.xmp
duplicate frame (mixed),2025,2025.2,2025-07-06.1 Lofoten,_D5C9915,bird,common gull,2025.2,also in: 2021/2021.1/2021-01-14 南汇嘴 | 2025/2025.3/2025-07-06.2 Trollfjord Cruise,data/xmp/result-2025/raw/2025.2/2025-07-06.1 Lofoten/_D5C9915.xmp
duplicate frame (mixed),2025,2025.2,2025-07-06.1 Lofoten,_D5C9978,bird,house sparrow,2025.2,also in: 2025/2025.1/2025-05-04 Death Valley | 2025/2025.3/2025-07-06.2 Trollfjord Cruise,data/xmp/result-2025/raw/2025.2/2025-07-06.1 Lofoten/_D5C9978.xmp
duplicate frame (mixed),2025,2025.2,2025-07-06.1 Lofoten,_D5C9989,bird,yellow-legged gull,2025.2,also in: 2019/2019.8/2019-08-29 Amsterdam Zoo | 2025/2025.3/2025-07-06.2 Trollfjord Cruise,data/xmp/result-2025/raw/2025.2/2025-07-06.1 Lofoten/_D5C9989.xmp
duplicate frame (mixed),2025,2025.3,2025-07-06.2 Trollfjord Cruise,_D5C0195,bird,white-tailed eagle,2025.3,also in: 2025/2025.2/2025-05-05.1 Sunrise | 2025/2025.2/2025-07-06.1 Lofoten,data/xmp/result-2025/raw/2025.3/2025-07-06.2 Trollfjord Cruise/_D5C0195.xmp
duplicate frame (mixed),2025,2025.3,2025-07-06.2 Trollfjord Cruise,_D5C0232,bird,white-tailed eagle,2025.3,also in: 2018/2018.3/2018-03-31 南汇嘴 | 2025/2025.2/2025-07-06.1 Lofoten,data/xmp/result-2025/raw/2025.3/2025-07-06.2 Trollfjord Cruise/_D5C0232.xmp
duplicate frame (mixed),2025,2025.3,2025-07-06.2 Trollfjord Cruise,_D5C0324,bird,white-tailed eagle,2025.3,also in: 2021/2021.6/2021-10-23 南汇嘴 | 2025/2025.2/2025-07-06.1 Lofoten,data/xmp/result-2025/raw/2025.3/2025-07-06.2 Trollfjord Cruise/_D5C0324.xmp
duplicate frame (mixed),2025,2025.3,2025-07-06.2 Trollfjord Cruise,_D5C0330,bird,white-tailed eagle,2025.3,also in: 2019/2019.9/2019-08-31 Vondelpark Amsterdam | 2025/2025.2/2025-07-06.1 Lofoten,data/xmp/result-2025/raw/2025.3/2025-07-06.2 Trollfjord Cruise/_D5C0330.xmp
duplicate frame (mixed),2025,2025.3,2025-07-06.2 Trollfjord Cruise,_D5C0347,bird,black kite,2025.3,also in: 2021/2021.1/2021-01-14 南汇嘴 | 2025/2025.2/2025-07-06.1 Lofoten,data/xmp/result-2025/raw/2025.3/2025-07-06.2 Trollfjord Cruise/_D5C0347.xmp
duplicate frame (mixed),2025,2025.3,2025-07-06.2 Trollfjord Cruise,_D5C0424,bird,yellow-legged gull,2025.3,also in: 2021/2021.1/2021-01-14 南汇嘴 | 2021/2021.6/2021-10-23 南汇嘴 | 2025/2025.2/2025-07-06.1 Lofoten,data/xmp/result-2025/raw/2025.3/2025-07-06.2 Trollfjord Cruise/_D5C0424.xmp
duplicate frame (mixed),2025,2025.3,2025-07-06.2 Trollfjord Cruise,_D5C8459,bird,white-tailed eagle,2025.3,also in: 2021/2021.5/2021-10-08 山公园景区后 | 2025/2025.2/2025-07-06.1 Lofoten,data/xmp/result-2025/raw/2025.3/2025-07-06.2 Trollfjord Cruise/_D5C8459.xmp
duplicate frame (mixed),2025,2025.3,2025-07-06.2 Trollfjord Cruise,_D5C8467,bird,white-tailed eagle,2025.3,also in: 2018/2018.7/2018-12-16 逸城湿地 | 2021/2021.5/2021-10-08 山公园景区后 | 2025/2025.2/2025-07-06.1 Lofoten,data/xmp/result-2025/raw/2025.3/2025-07-06.2 Trollfjord Cruise/_D5C8467.xmp
duplicate frame (mixed),2025,2025.3,2025-07-06.2 Trollfjord Cruise,_D5C8496,bird,white-tailed eagle,2025.3,also in: 2025/2025.2/2025-07-06.1 Lofoten | 2025/2025.4/2025-08-10 Point Reye National Seashore,data/xmp/result-2025/raw/2025.3/2025-07-06.2 Trollfjord Cruise/_D5C8496.xmp
duplicate frame (mixed),2025,2025.3,2025-07-06.2 Trollfjord Cruise,_D5C8545,bird,white-tailed eagle,2025.3,also in: 2021/2021.5/2021-10-09 东凌海边 | 2025/2025.2/2025-07-06.1 Lofoten,data/xmp/result-2025/raw/2025.3/2025-07-06.2 Trollfjord Cruise/_D5C8545.xmp
duplicate frame (mixed),2025,2025.3,2025-07-06.2 Trollfjord Cruise,_D5C8655,bird,white-tailed eagle,2025.3,also in: 2021/2021.5/2021-10-09 东凌海边 | 2025/2025.2/2025-07-06.1 Lofoten,data/xmp/result-2025/raw/2025.3/2025-07-06.2 Trollfjord Cruise/_D5C8655.xmp
duplicate frame (mixed),2025,2025.3,2025-07-06.2 Trollfjord Cruise,_D5C8716,bird,white-tailed eagle,2025.3,also in: 2018/2018.7/2018-12-16 逸城湿地 | 2019/2019.5/2019-02-08 盈江2、7、8、10、5号塘 | 2025/2025.2/2025-07-06.1 Lofoten,data/xmp/result-2025/raw/2025.3/2025-07-06.2 Trollfjord Cruise/_D5C8716.xmp
duplicate frame (mixed),2025,2025.3,2025-07-06.2 Trollfjord Cruise,_D5C8721,bird,white-tailed eagle,2025.3,also in: 2019/2019.5/2019-02-08 盈江2、7、8、10、5号塘 | 2025/2025.2/2025-07-06.1 Lofoten,data/xmp/result-2025/raw/2025.3/2025-07-06.2 Trollfjord Cruise/_D5C8721.xmp
duplicate frame (mixed),2025,2025.3,2025-07-06.2 Trollfjord Cruise,_D5C8761,bird,white-tailed eagle,2025.3,also in: 2025/2025.1/2025-05-02 Sandwich Bay | 2025/2025.2/2025-07-06.1 Lofoten,data/xmp/result-2025/raw/2025.3/2025-07-06.2 Trollfjord Cruise/_D5C8761.xmp
duplicate frame (mixed),2025,2025.3,2025-07-06.2 Trollfjord Cruise,_D5C8769,bird,white-tailed eagle,2025.3,also in: 2025/2025.1/2025-05-02 Sandwich Bay | 2025/2025.2/2025-07-06.1 Lofoten,data/xmp/result-2025/raw/2025.3/2025-07-06.2 Trollfjord Cruise/_D5C8769.xmp
duplicate frame (mixed),2025,2025.3,2025-07-06.2 Trollfjord Cruise,_D5C8833,scenery,,2025.3,also in: 2019/2019.5/2019-02-08 盈江2、7、8、10、5号塘 | 2021/2021.5/2021-10-09 东凌海边 | 2025/2025.1/2025-05-02 Sandwich Bay | 2025/2025.2/2025-07-06.1 Lofoten,data/xmp/result-2025/raw/2025.3/2025-07-06.2 Trollfjord Cruise/_D5C8833.xmp
duplicate frame (mixed),2025,2025.3,2025-07-06.2 Trollfjord Cruise,_D5C8841,bird,white-tailed eagle,2025.3,also in: 2021/2021.5/2021-10-09 东凌海边 | 2025/2025.2/2025-07-06.1 Lofoten,data/xmp/result-2025/raw/2025.3/2025-07-06.2 Trollfjord Cruise/_D5C8841.xmp
duplicate frame (mixed),2025,2025.3,2025-07-06.2 Trollfjord Cruise,_D5C8842,bird,white-tailed eagle,2025.3,also in: 2025/2025.2/2025-07-06.1 Lofoten | 2025/2025.4/2025-09-18 Tahoe Sophie's Home,data/xmp/result-2025/raw/2025.3/2025-07-06.2 Trollfjord Cruise/_D5C8842.xmp
duplicate frame (mixed),2025,2025.3,2025-07-06.2 Trollfjord Cruise,_D5C8993,bird,yellow-legged gull,2025.3,also in: 2019/2019.5/2019-02-08 盈江2、7、8、10、5号塘 | 2025/2025.2/2025-07-06.1 Lofoten,data/xmp/result-2025/raw/2025.3/2025-07-06.2 Trollfjord Cruise/_D5C8993.xmp
duplicate frame (mixed),2025,2025.3,2025-07-06.2 Trollfjord Cruise,_D5C9014,bird,white-tailed eagle,2025.3,also in: 2018/2018.7/2018-12-18 逸城湿地 | 2025/2025.2/2025-07-06.1 Lofoten | 2025/2025.4/2025-09-29 Laura's Home (Chicago),data/xmp/result-2025/raw/2025.3/2025-07-06.2 Trollfjord Cruise/_D5C9014.xmp
duplicate frame (mixed),2025,2025.3,2025-07-06.2 Trollfjord Cruise,_D5C9040,bird,golden eagle,2025.3,also in: 2025/2025.2/2025-07-06.1 Lofoten | 2025/2025.4/2025-09-29 Laura's Home (Chicago),data/xmp/result-2025/raw/2025.3/2025-07-06.2 Trollfjord Cruise/_D5C9040.xmp
duplicate frame (mixed),2025,2025.3,2025-07-06.2 Trollfjord Cruise,_D5C9065,bird,white-tailed eagle,2025.3,also in: 2025/2025.2/2025-07-06.1 Lofoten | 2025/2025.4/2025-09-29 Laura's Home (Chicago),data/xmp/result-2025/raw/2025.3/2025-07-06.2 Trollfjord Cruise/_D5C9065.xmp
duplicate frame (mixed),2025,2025.3,2025-07-06.2 Trollfjord Cruise,_D5C9142,bird,golden eagle,2025.3,also in: 2021/2021.6/2021-10-17 东大公路和小树林 | 2025/2025.2/2025-07-06.1 Lofoten,data/xmp/result-2025/raw/2025.3/2025-07-06.2 Trollfjord Cruise/_D5C9142.xmp
duplicate frame (mixed),2025,2025.3,2025-07-06.2 Trollfjord Cruise,_D5C9146,bird,white-tailed eagle,2025.3,also in: 2018/2018.7/2018-12-18 逸城湿地 | 2025/2025.2/2025-07-06.1 Lofoten,data/xmp/result-2025/raw/2025.3/2025-07-06.2 Trollfjord Cruise/_D5C9146.xmp
duplicate frame (mixed),2025,2025.3,2025-07-06.2 Trollfjord Cruise,_D5C9156,bird,white-tailed eagle,2025.3,also in: 2025/2025.1/2025-05-03 Red Desert | 2025/2025.2/2025-07-06.1 Lofoten,data/xmp/result-2025/raw/2025.3/2025-07-06.2 Trollfjord Cruise/_D5C9156.xmp
duplicate frame (mixed),2025,2025.3,2025-07-06.2 Trollfjord Cruise,_D5C9226,bird,herring gull,2025.3,also in: 2019/2019.5/2019-02-08 盈江2、7、8、10、5号塘 | 2025/2025.2/2025-07-06.1 Lofoten,data/xmp/result-2025/raw/2025.3/2025-07-06.2 Trollfjord Cruise/_D5C9226.xmp
duplicate frame (mixed),2025,2025.3,2025-07-06.2 Trollfjord Cruise,_D5C9299,bird,white-tailed eagle,2025.3,also in: 2019/2019.8/2019-08-28 Jakarta Hotel Amsterdam | 2025/2025.2/2025-07-06.1 Lofoten,data/xmp/result-2025/raw/2025.3/2025-07-06.2 Trollfjord Cruise/_D5C9299.xmp
duplicate frame (mixed),2025,2025.3,2025-07-06.2 Trollfjord Cruise,_D5C9310,bird,white-tailed eagle,2025.3,also in: 2025/2025.2/2025-07-06.1 Lofoten | 2025/2025.4/2025-09-29 Laura's Home (Chicago),data/xmp/result-2025/raw/2025.3/2025-07-06.2 Trollfjord Cruise/_D5C9310.xmp
duplicate frame (mixed),2025,2025.3,2025-07-06.2 Trollfjord Cruise,_D5C9343,bird,white-tailed eagle,2025.3,also in: 2025/2025.2/2025-07-06.1 Lofoten | 2025/2025.4/2025-10-02 Chicago,data/xmp/result-2025/raw/2025.3/2025-07-06.2 Trollfjord Cruise/_D5C9343.xmp
duplicate frame (mixed),2025,2025.3,2025-07-06.2 Trollfjord Cruise,_D5C9443,bird,white-tailed eagle,2025.3,also in: 2025/2025.2/2025-07-06.1 Lofoten | 2025/2025.4/2025-10-02 Chicago,data/xmp/result-2025/raw/2025.3/2025-07-06.2 Trollfjord Cruise/_D5C9443.xmp
duplicate frame (mixed),2025,2025.3,2025-07-06.2 Trollfjord Cruise,_D5C9462,bird,white-tailed eagle,2025.3,also in: 2019/2019.5/2019-02-08 盈江2、7、8、10、5号塘 | 2025/2025.2/2025-07-06.1 Lofoten,data/xmp/result-2025/raw/2025.3/2025-07-06.2 Trollfjord Cruise/_D5C9462.xmp
duplicate frame (mixed),2025,2025.3,2025-07-06.2 Trollfjord Cruise,_D5C9511,bird,white-tailed eagle,2025.3,also in: 2025/2025.1/2025-05-03 Red Desert | 2025/2025.2/2025-07-06.1 Lofoten,data/xmp/result-2025/raw/2025.3/2025-07-06.2 Trollfjord Cruise/_D5C9511.xmp
duplicate frame (mixed),2025,2025.3,2025-07-06.2 Trollfjord Cruise,_D5C9518,bird,white-tailed eagle,2025.3,also in: 2025/2025.1/2025-05-03 Red Desert | 2025/2025.2/2025-07-06.1 Lofoten,data/xmp/result-2025/raw/2025.3/2025-07-06.2 Trollfjord Cruise/_D5C9518.xmp
duplicate frame (mixed),2025,2025.3,2025-07-06.2 Trollfjord Cruise,_D5C9520,bird,white-tailed eagle,2025.3,also in: 2025/2025.1/2025-05-03 Red Desert | 2025/2025.2/2025-07-06.1 Lofoten,data/xmp/result-2025/raw/2025.3/2025-07-06.2 Trollfjord Cruise/_D5C9520.xmp
duplicate frame (mixed),2025,2025.3,2025-07-06.2 Trollfjord Cruise,_D5C9522,bird,white-tailed eagle,2025.3,also in: 2019/2019.5/2019-02-09 盈江8、9号塘 | 2025/2025.2/2025-07-06.1 Lofoten,data/xmp/result-2025/raw/2025.3/2025-07-06.2 Trollfjord Cruise/_D5C9522.xmp
duplicate frame (mixed),2025,2025.3,2025-07-06.2 Trollfjord Cruise,_D5C9874,bird,common gull,2025.3,also in: 2025/2025.1/2025-05-04 Death Valley | 2025/2025.2/2025-07-06.1 Lofoten,data/xmp/result-2025/raw/2025.3/2025-07-06.2 Trollfjord Cruise/_D5C9874.xmp
duplicate frame (mixed),2025,2025.3,2025-07-06.2 Trollfjord Cruise,_D5C9877,bird,common gull,2025.3,also in: 2019/2019.5/2019-02-09 盈江8、9号塘 | 2025/2025.2/2025-07-06.1 Lofoten,data/xmp/result-2025/raw/2025.3/2025-07-06.2 Trollfjord Cruise/_D5C9877.xmp
duplicate frame (mixed),2025,2025.3,2025-07-06.2 Trollfjord Cruise,_D5C9915,bird,common gull,2025.3,also in: 2021/2021.1/2021-01-14 南汇嘴 | 2025/2025.2/2025-07-06.1 Lofoten,data/xmp/result-2025/raw/2025.3/2025-07-06.2 Trollfjord Cruise/_D5C9915.xmp
duplicate frame (mixed),2025,2025.3,2025-07-06.2 Trollfjord Cruise,_D5C9978,bird,house sparrow,2025.3,also in: 2025/2025.1/2025-05-04 Death Valley | 2025/2025.2/2025-07-06.1 Lofoten,data/xmp/result-2025/raw/2025.3/2025-07-06.2 Trollfjord Cruise/_D5C9978.xmp
duplicate frame (mixed),2025,2025.3,2025-07-06.2 Trollfjord Cruise,_D5C9989,bird,yellow-legged gull,2025.3,also in: 2019/2019.8/2019-08-29 Amsterdam Zoo | 2025/2025.2/2025-07-06.1 Lofoten,data/xmp/result-2025/raw/2025.3/2025-07-06.2 Trollfjord Cruise/_D5C9989.xmp
duplicate frame (mixed),2025,2025.3,2025-07-07 Eggum Midnight Sun,_D5C0507,(none),,2025.3,also in: 2018/2018.3/2018-03-31 南汇嘴 | 2025/2025.3/2025-07-07 Thon Hotel Lofoten,data/xmp/result-2025/raw/2025.3/2025-07-07 Eggum Midnight Sun/_D5C0507.xmp
duplicate frame (mixed),2025,2025.3,2025-07-07 Eggum Midnight Sun,_D5C0552,(none),,2025.3,also in: 2019/2019.8/2019-08-30 Amsterdam | 2025/2025.3/2025-07-07 Thon Hotel Lofoten,data/xmp/result-2025/raw/2025.3/2025-07-07 Eggum Midnight Sun/_D5C0552.xmp
duplicate frame (mixed),2025,2025.3,2025-07-07 Eggum Midnight Sun,_D5C0595,bird,eurasian curlew,2025.3,also in: 2025/2025.2/2025-05-05.1 Sunrise | 2025/2025.3/2025-07-07 Thon Hotel Lofoten,data/xmp/result-2025/raw/2025.3/2025-07-07 Eggum Midnight Sun/_D5C0595.xmp
duplicate frame (mixed),2025,2025.3,2025-07-07 Eggum Midnight Sun,_D5C0614,bird,red grouse,2025.3,also in: 2019/2019.8/2019-08-30 Amsterdam | 2021/2021.6/2021-10-23 南汇嘴 | 2025/2025.3/2025-07-07 Thon Hotel Lofoten,data/xmp/result-2025/raw/2025.3/2025-07-07 Eggum Midnight Sun/_D5C0614.xmp
duplicate frame (mixed),2025,2025.3,2025-07-07 Thon Hotel Lofoten,_D5C0507,(none),,2025.3,also in: 2018/2018.3/2018-03-31 南汇嘴 | 2025/2025.3/2025-07-07 Eggum Midnight Sun,data/xmp/result-2025/raw/2025.3/2025-07-07 Thon Hotel Lofoten/_D5C0507.xmp
duplicate frame (mixed),2025,2025.3,2025-07-07 Thon Hotel Lofoten,_D5C0552,(none),,2025.3,also in: 2019/2019.8/2019-08-30 Amsterdam | 2025/2025.3/2025-07-07 Eggum Midnight Sun,data/xmp/result-2025/raw/2025.3/2025-07-07 Thon Hotel Lofoten/_D5C0552.xmp
duplicate frame (mixed),2025,2025.3,2025-07-07 Thon Hotel Lofoten,_D5C0595,bird,eurasian curlew,2025.3,also in: 2025/2025.2/2025-05-05.1 Sunrise | 2025/2025.3/2025-07-07 Eggum Midnight Sun,data/xmp/result-2025/raw/2025.3/2025-07-07 Thon Hotel Lofoten/_D5C0595.xmp
duplicate frame (mixed),2025,2025.3,2025-07-07 Thon Hotel Lofoten,_D5C0614,bird,red grouse,2025.3,also in: 2019/2019.8/2019-08-30 Amsterdam | 2021/2021.6/2021-10-23 南汇嘴 | 2025/2025.3/2025-07-07 Eggum Midnight Sun,data/xmp/result-2025/raw/2025.3/2025-07-07 Thon Hotel Lofoten/_D5C0614.xmp
duplicate frame (mixed),2025,2025.3,2025-07-13 Le Lyrial - Polar Bear,_Z9C9034,scenery,,2025.3,also in: 2025/2025.2/2025-06-20 Granada | 2025/2025.2/2025-06-20.4 Granada,data/xmp/result-2025/raw/2025.3/2025-07-13 Le Lyrial - Polar Bear/_Z9C9034.xmp
duplicate frame (mixed),2025,2025.3,2025-07-14.1 St. Johnsfjorden,_D5C3166,bird,brown thrasher,2025.3,also in: 2019/2019.1/2019-02-02 山公园77号塘（马鹿塘） | 2025/2025.1/2025-04-26 Cresta Mowana | 2025/2025.1/2025-04-26 Cresta Mowana Safari,data/xmp/result-2025/raw/2025.3/2025-07-14.1 St. Johnsfjorden/_D5C3166.xmp
duplicate frame (mixed),2025,2025.4,2025-07-18 Ny Ålesund and Kongsbreen,_D5C8260,bird,willow ptarmigan,2025.4,also in: 2025/2025.2/2025-07-06.1 Gimsøy Midnight Sun | 2025/2025.2/2025-07-06.1 Lofoten,data/xmp/result-2025/raw/2025.4/2025-07-18 Ny Ålesund and Kongsbreen/_D5C8260.xmp
duplicate frame (mixed),2025,2025.4,2025-08-10 Point Reye National Seashore,_D5C8496,bird,brown pelican,2025.4,also in: 2025/2025.2/2025-07-06.1 Lofoten | 2025/2025.3/2025-07-06.2 Trollfjord Cruise,data/xmp/result-2025/raw/2025.4/2025-08-10 Point Reye National Seashore/_D5C8496.xmp
duplicate frame (mixed),2025,2025.4,2025-09-18 Tahoe Sophie's Home,_D5C8842,bird,ruby-crowned kinglet,2025.4,also in: 2025/2025.2/2025-07-06.1 Lofoten | 2025/2025.3/2025-07-06.2 Trollfjord Cruise,data/xmp/result-2025/raw/2025.4/2025-09-18 Tahoe Sophie's Home/_D5C8842.xmp
duplicate frame (mixed),2025,2025.4,2025-09-29 Laura's Home (Chicago),_D5C9014,bird,canada goose,2025.4,also in: 2018/2018.7/2018-12-18 逸城湿地 | 2025/2025.2/2025-07-06.1 Lofoten | 2025/2025.3/2025-07-06.2 Trollfjord Cruise,data/xmp/result-2025/raw/2025.4/2025-09-29 Laura's Home (Chicago)/_D5C9014.xmp
duplicate frame (mixed),2025,2025.4,2025-09-29 Laura's Home (Chicago),_D5C9040,bird,american robin,2025.4,also in: 2025/2025.2/2025-07-06.1 Lofoten | 2025/2025.3/2025-07-06.2 Trollfjord Cruise,data/xmp/result-2025/raw/2025.4/2025-09-29 Laura's Home (Chicago)/_D5C9040.xmp
duplicate frame (mixed),2025,2025.4,2025-09-29 Laura's Home (Chicago),_D5C9065,bird,downy woodpecker,2025.4,also in: 2025/2025.2/2025-07-06.1 Lofoten | 2025/2025.3/2025-07-06.2 Trollfjord Cruise,data/xmp/result-2025/raw/2025.4/2025-09-29 Laura's Home (Chicago)/_D5C9065.xmp
duplicate frame (mixed),2025,2025.4,2025-09-29 Laura's Home (Chicago),_D5C9310,bird,white-breasted nuthatch,2025.4,also in: 2025/2025.2/2025-07-06.1 Lofoten | 2025/2025.3/2025-07-06.2 Trollfjord Cruise,data/xmp/result-2025/raw/2025.4/2025-09-29 Laura's Home (Chicago)/_D5C9310.xmp
duplicate frame (mixed),2025,2025.4,2025-10-02 Chicago,_D5C9343,bird,common chaffinch,2025.4,also in: 2025/2025.2/2025-07-06.1 Lofoten | 2025/2025.3/2025-07-06.2 Trollfjord Cruise,data/xmp/result-2025/raw/2025.4/2025-10-02 Chicago/_D5C9343.xmp
duplicate frame (mixed),2025,2025.4,2025-10-02 Chicago,_D5C9443,bird,great egret,2025.4,also in: 2025/2025.2/2025-07-06.1 Lofoten | 2025/2025.3/2025-07-06.2 Trollfjord Cruise,data/xmp/result-2025/raw/2025.4/2025-10-02 Chicago/_D5C9443.xmp
no_jpg,2019,2019.1,2019-01-13 山公园,20190113-_D8S0025_Miless-iMac-Pro.local_Mar-12-220036-2019_Conflict,(none),,2019.1,no jpg anywhere,data/xmp/result-2019/raw/2019.1/2019-01-13 山公园/20190113-_D8S0025_Miless-iMac-Pro.local_Mar-12-220036-2019_Conflict.xmp
no_jpg,2019,2019.1,2019-01-13 山公园,20190113-_D8S0026_Miless-iMac-Pro.local_Mar-12-220036-2019_Conflict,(none),,2019.1,no jpg anywhere,data/xmp/result-2019/raw/2019.1/2019-01-13 山公园/20190113-_D8S0026_Miless-iMac-Pro.local_Mar-12-220036-2019_Conflict.xmp
no_jpg,2019,2019.1,2019-01-13 山公园,20190113-_D8S9550_Miless-iMac-Pro.local_Mar-12-220042-2019_Conflict,(none),,2019.1,no jpg anywhere,data/xmp/result-2019/raw/2019.1/2019-01-13 山公园/20190113-_D8S9550_Miless-iMac-Pro.local_Mar-12-220042-2019_Conflict.xmp
no_jpg,2019,2019.1,2019-01-13 山公园,20190113-_D8S9561_Miless-iMac-Pro.local_Mar-12-220043-2019_Conflict,(none),,2019.1,no jpg anywhere,data/xmp/result-2019/raw/2019.1/2019-01-13 山公园/20190113-_D8S9561_Miless-iMac-Pro.local_Mar-12-220043-2019_Conflict.xmp
no_jpg,2019,2019.1,2019-01-13 山公园,20190113-_D8S9567_Miless-iMac-Pro.local_Mar-12-220043-2019_Conflict,(none),,2019.1,no jpg anywhere,data/xmp/result-2019/raw/2019.1/2019-01-13 山公园/20190113-_D8S9567_Miless-iMac-Pro.local_Mar-12-220043-2019_Conflict.xmp
no_jpg,2019,2019.1,2019-01-13 山公园,20190113-_D8S9568_Miless-iMac-Pro.local_Mar-12-220044-2019_Conflict,(none),,2019.1,no jpg anywhere,data/xmp/result-2019/raw/2019.1/2019-01-13 山公园/20190113-_D8S9568_Miless-iMac-Pro.local_Mar-12-220044-2019_Conflict.xmp
no_jpg,2019,2019.1,2019-01-13 山公园,20190113-_D8S9581_Miless-iMac-Pro.local_Mar-12-220044-2019_Conflict,(none),,2019.1,no jpg anywhere,data/xmp/result-2019/raw/2019.1/2019-01-13 山公园/20190113-_D8S9581_Miless-iMac-Pro.local_Mar-12-220044-2019_Conflict.xmp
no_jpg,2019,2019.1,2019-01-13 山公园,20190113-_D8S9583_Miless-iMac-Pro.local_Mar-12-220044-2019_Conflict,(none),,2019.1,no jpg anywhere,data/xmp/result-2019/raw/2019.1/2019-01-13 山公园/20190113-_D8S9583_Miless-iMac-Pro.local_Mar-12-220044-2019_Conflict.xmp
no_jpg,2019,2019.1,2019-01-13 山公园,20190113-_D8S9607_Miless-iMac-Pro.local_Mar-12-220045-2019_Conflict,(none),,2019.1,no jpg anywhere,data/xmp/result-2019/raw/2019.1/2019-01-13 山公园/20190113-_D8S9607_Miless-iMac-Pro.local_Mar-12-220045-2019_Conflict.xmp
no_jpg,2019,2019.1,2019-01-13 山公园,20190113-_D8S9619_Miless-iMac-Pro.local_Mar-12-220046-2019_Conflict,(none),,2019.1,no jpg anywhere,data/xmp/result-2019/raw/2019.1/2019-01-13 山公园/20190113-_D8S9619_Miless-iMac-Pro.local_Mar-12-220046-2019_Conflict.xmp
no_jpg,2019,2019.1,2019-01-13 山公园,20190113-_D8S9623_Miless-iMac-Pro.local_Mar-12-220046-2019_Conflict,(none),,2019.1,no jpg anywhere,data/xmp/result-2019/raw/2019.1/2019-01-13 山公园/20190113-_D8S9623_Miless-iMac-Pro.local_Mar-12-220046-2019_Conflict.xmp
no_jpg,2019,2019.1,2019-01-13 山公园,20190113-_D8S9628_Miless-iMac-Pro.local_Mar-12-220047-2019_Conflict,(none),,2019.1,no jpg anywhere,data/xmp/result-2019/raw/2019.1/2019-01-13 山公园/20190113-_D8S9628_Miless-iMac-Pro.local_Mar-12-220047-2019_Conflict.xmp
no_jpg,2019,2019.1,2019-01-13 山公园,20190113-_D8S9643_Miless-iMac-Pro.local_Mar-12-220047-2019_Conflict,(none),,2019.1,no jpg anywhere,data/xmp/result-2019/raw/2019.1/2019-01-13 山公园/20190113-_D8S9643_Miless-iMac-Pro.local_Mar-12-220047-2019_Conflict.xmp
no_jpg,2019,2019.1,2019-01-13 山公园,20190113-_D8S9654_Miless-iMac-Pro.local_Mar-12-220048-2019_Conflict,(none),,2019.1,no jpg anywhere,data/xmp/result-2019/raw/2019.1/2019-01-13 山公园/20190113-_D8S9654_Miless-iMac-Pro.local_Mar-12-220048-2019_Conflict.xmp
no_jpg,2019,2019.1,2019-01-13 山公园,20190113-_D8S9657_Miless-iMac-Pro.local_Mar-12-220048-2019_Conflict,(none),,2019.1,no jpg anywhere,data/xmp/result-2019/raw/2019.1/2019-01-13 山公园/20190113-_D8S9657_Miless-iMac-Pro.local_Mar-12-220048-2019_Conflict.xmp
no_jpg,2019,2019.1,2019-01-13 山公园,20190113-_D8S9662_Miless-iMac-Pro.local_Mar-12-220049-2019_Conflict,(none),,2019.1,no jpg anywhere,data/xmp/result-2019/raw/2019.1/2019-01-13 山公园/20190113-_D8S9662_Miless-iMac-Pro.local_Mar-12-220049-2019_Conflict.xmp
no_jpg,2019,2019.1,2019-01-13 山公园,20190113-_D8S9693_Miless-iMac-Pro.local_Mar-12-220049-2019_Conflict,(none),,2019.1,no jpg anywhere,data/xmp/result-2019/raw/2019.1/2019-01-13 山公园/20190113-_D8S9693_Miless-iMac-Pro.local_Mar-12-220049-2019_Conflict.xmp
no_jpg,2019,2019.1,2019-01-13 山公园,20190113-_D8S9699_Miless-iMac-Pro.local_Mar-12-220050-2019_Conflict,(none),,2019.1,no jpg anywhere,data/xmp/result-2019/raw/2019.1/2019-01-13 山公园/20190113-_D8S9699_Miless-iMac-Pro.local_Mar-12-220050-2019_Conflict.xmp
no_jpg,2019,2019.1,2019-01-13 山公园,20190113-_D8S9702_Miless-iMac-Pro.local_Mar-12-220050-2019_Conflict,(none),,2019.1,no jpg anywhere,data/xmp/result-2019/raw/2019.1/2019-01-13 山公园/20190113-_D8S9702_Miless-iMac-Pro.local_Mar-12-220050-2019_Conflict.xmp
no_jpg,2019,2019.1,2019-01-13 山公园,20190113-_D8S9704_Miless-iMac-Pro.local_Mar-12-220051-2019_Conflict,(none),,2019.1,no jpg anywhere,data/xmp/result-2019/raw/2019.1/2019-01-13 山公园/20190113-_D8S9704_Miless-iMac-Pro.local_Mar-12-220051-2019_Conflict.xmp
no_jpg,2019,2019.1,2019-01-13 山公园,20190113-_D8S9750_Miless-iMac-Pro.local_Mar-12-220051-2019_Conflict,(none),,2019.1,no jpg anywhere,data/xmp/result-2019/raw/2019.1/2019-01-13 山公园/20190113-_D8S9750_Miless-iMac-Pro.local_Mar-12-220051-2019_Conflict.xmp
no_jpg,2019,2019.1,2019-01-13 山公园,20190113-_D8S9753_Miless-iMac-Pro.local_Mar-12-220052-2019_Conflict,(none),,2019.1,no jpg anywhere,data/xmp/result-2019/raw/2019.1/2019-01-13 山公园/20190113-_D8S9753_Miless-iMac-Pro.local_Mar-12-220052-2019_Conflict.xmp
no_jpg,2019,2019.1,2019-01-13 山公园,20190113-_D8S9761_Miless-iMac-Pro.local_Mar-12-220052-2019_Conflict,(none),,2019.1,no jpg anywhere,data/xmp/result-2019/raw/2019.1/2019-01-13 山公园/20190113-_D8S9761_Miless-iMac-Pro.local_Mar-12-220052-2019_Conflict.xmp
no_jpg,2019,2019.1,2019-01-13 山公园,20190113-_D8S9824_Miless-iMac-Pro.local_Mar-12-220052-2019_Conflict,(none),,2019.1,no jpg anywhere,data/xmp/result-2019/raw/2019.1/2019-01-13 山公园/20190113-_D8S9824_Miless-iMac-Pro.local_Mar-12-220052-2019_Conflict.xmp
no_jpg,2019,2019.1,2019-01-13 山公园,20190113-_D8S9833_Miless-iMac-Pro.local_Mar-12-220053-2019_Conflict,(none),,2019.1,no jpg anywhere,data/xmp/result-2019/raw/2019.1/2019-01-13 山公园/20190113-_D8S9833_Miless-iMac-Pro.local_Mar-12-220053-2019_Conflict.xmp
no_jpg,2019,2019.1,2019-01-13 山公园,20190113-_D8S9837_Miless-iMac-Pro.local_Mar-12-220054-2019_Conflict,(none),,2019.1,no jpg anywhere,data/xmp/result-2019/raw/2019.1/2019-01-13 山公园/20190113-_D8S9837_Miless-iMac-Pro.local_Mar-12-220054-2019_Conflict.xmp
no_jpg,2019,2019.1,2019-01-13 山公园,20190113-_D8S9863_Miless-iMac-Pro.local_Mar-12-220054-2019_Conflict,(none),,2019.1,no jpg anywhere,data/xmp/result-2019/raw/2019.1/2019-01-13 山公园/20190113-_D8S9863_Miless-iMac-Pro.local_Mar-12-220054-2019_Conflict.xmp
no_jpg,2019,2019.1,2019-01-13 山公园,20190113-_D8S9871_Miless-iMac-Pro.local_Mar-12-220055-2019_Conflict,(none),,2019.1,no jpg anywhere,data/xmp/result-2019/raw/2019.1/2019-01-13 山公园/20190113-_D8S9871_Miless-iMac-Pro.local_Mar-12-220055-2019_Conflict.xmp
no_jpg,2019,2019.1,2019-01-13 山公园,20190113-_D8S9909_Miless-iMac-Pro.local_Mar-12-220055-2019_Conflict,(none),,2019.1,no jpg anywhere,data/xmp/result-2019/raw/2019.1/2019-01-13 山公园/20190113-_D8S9909_Miless-iMac-Pro.local_Mar-12-220055-2019_Conflict.xmp
no_jpg,2019,2019.1,2019-01-13 山公园,20190113-_D8S9911_Miless-iMac-Pro.local_Mar-12-220056-2019_Conflict,(none),,2019.1,no jpg anywhere,data/xmp/result-2019/raw/2019.1/2019-01-13 山公园/20190113-_D8S9911_Miless-iMac-Pro.local_Mar-12-220056-2019_Conflict.xmp
no_jpg,2019,2019.1,2019-01-13 山公园,20190113-_D8S9914_Miless-iMac-Pro.local_Mar-12-220056-2019_Conflict,(none),,2019.1,no jpg anywhere,data/xmp/result-2019/raw/2019.1/2019-01-13 山公园/20190113-_D8S9914_Miless-iMac-Pro.local_Mar-12-220056-2019_Conflict.xmp
no_jpg,2019,2019.1,2019-01-13 山公园,20190113-_D8S9915_Miless-iMac-Pro.local_Mar-12-220057-2019_Conflict,(none),,2019.1,no jpg anywhere,data/xmp/result-2019/raw/2019.1/2019-01-13 山公园/20190113-_D8S9915_Miless-iMac-Pro.local_Mar-12-220057-2019_Conflict.xmp
no_jpg,2019,2019.1,2019-01-13 山公园,20190113-_D8S9916_Miless-iMac-Pro.local_Mar-12-220057-2019_Conflict,(none),,2019.1,no jpg anywhere,data/xmp/result-2019/raw/2019.1/2019-01-13 山公园/20190113-_D8S9916_Miless-iMac-Pro.local_Mar-12-220057-2019_Conflict.xmp
no_jpg,2019,2019.1,2019-01-13 山公园,20190113-_D8S9917_Miless-iMac-Pro.local_Mar-12-220058-2019_Conflict,(none),,2019.1,no jpg anywhere,data/xmp/result-2019/raw/2019.1/2019-01-13 山公园/20190113-_D8S9917_Miless-iMac-Pro.local_Mar-12-220058-2019_Conflict.xmp
no_jpg,2019,2019.1,2019-01-13 山公园,20190113-_D8S9918_Miless-iMac-Pro.local_Mar-12-220058-2019_Conflict,(none),,2019.1,no jpg anywhere,data/xmp/result-2019/raw/2019.1/2019-01-13 山公园/20190113-_D8S9918_Miless-iMac-Pro.local_Mar-12-220058-2019_Conflict.xmp
no_jpg,2019,2019.1,2019-01-13 山公园,20190113-_D8S9919_Miless-iMac-Pro.local_Mar-12-220059-2019_Conflict,(none),,2019.1,no jpg anywhere,data/xmp/result-2019/raw/2019.1/2019-01-13 山公园/20190113-_D8S9919_Miless-iMac-Pro.local_Mar-12-220059-2019_Conflict.xmp
no_jpg,2019,2019.1,2019-01-13 山公园,20190113-_D8S9920_Miless-iMac-Pro.local_Mar-12-220059-2019_Conflict,(none),,2019.1,no jpg anywhere,data/xmp/result-2019/raw/2019.1/2019-01-13 山公园/20190113-_D8S9920_Miless-iMac-Pro.local_Mar-12-220059-2019_Conflict.xmp
no_jpg,2019,2019.1,2019-01-13 山公园,20190113-_D8S9924_Miless-iMac-Pro.local_Mar-12-220100-2019_Conflict,(none),,2019.1,no jpg anywhere,data/xmp/result-2019/raw/2019.1/2019-01-13 山公园/20190113-_D8S9924_Miless-iMac-Pro.local_Mar-12-220100-2019_Conflict.xmp
no_jpg,2019,2019.1,2019-01-13 山公园,20190113-_D8S9925_Miless-iMac-Pro.local_Mar-12-220100-2019_Conflict,(none),,2019.1,no jpg anywhere,data/xmp/result-2019/raw/2019.1/2019-01-13 山公园/20190113-_D8S9925_Miless-iMac-Pro.local_Mar-12-220100-2019_Conflict.xmp
no_jpg,2019,2019.1,2019-01-13 山公园,20190113-_D8S9948_Miless-iMac-Pro.local_Mar-12-220101-2019_Conflict,(none),,2019.1,no jpg anywhere,data/xmp/result-2019/raw/2019.1/2019-01-13 山公园/20190113-_D8S9948_Miless-iMac-Pro.local_Mar-12-220101-2019_Conflict.xmp
no_jpg,2019,2019.1,2019-01-13 山公园,20190113-_D8S9958_Miless-iMac-Pro.local_Mar-12-220101-2019_Conflict,(none),,2019.1,no jpg anywhere,data/xmp/result-2019/raw/2019.1/2019-01-13 山公园/20190113-_D8S9958_Miless-iMac-Pro.local_Mar-12-220101-2019_Conflict.xmp
no_jpg,2019,2019.1,2019-01-13 山公园,20190113-_D8S9962_Miless-iMac-Pro.local_Mar-12-220102-2019_Conflict,(none),,2019.1,no jpg anywhere,data/xmp/result-2019/raw/2019.1/2019-01-13 山公园/20190113-_D8S9962_Miless-iMac-Pro.local_Mar-12-220102-2019_Conflict.xmp
no_jpg,2019,2019.1,2019-01-13 山公园,20190113-_D8S9969_Miless-iMac-Pro.local_Mar-12-220103-2019_Conflict,(none),,2019.1,no jpg anywhere,data/xmp/result-2019/raw/2019.1/2019-01-13 山公园/20190113-_D8S9969_Miless-iMac-Pro.local_Mar-12-220103-2019_Conflict.xmp
no_jpg,2019,2019.1,2019-01-13 山公园,20190113-_D8S9983_Miless-iMac-Pro.local_Mar-12-220103-2019_Conflict,(none),,2019.1,no jpg anywhere,data/xmp/result-2019/raw/2019.1/2019-01-13 山公园/20190113-_D8S9983_Miless-iMac-Pro.local_Mar-12-220103-2019_Conflict.xmp
no_jpg,2019,2019.1,2019-01-13 山公园,20190113-_D8S9999_Miless-iMac-Pro.local_Mar-12-220104-2019_Conflict,(none),,2019.1,no jpg anywhere,data/xmp/result-2019/raw/2019.1/2019-01-13 山公园/20190113-_D8S9999_Miless-iMac-Pro.local_Mar-12-220104-2019_Conflict.xmp
no_jpg,2019,2019.1,2019-01-27 南北湖,_D5C0912_Miless-iMac-Pro.local_Mar-12-220231-2019_Conflict,(none),,2019.1,no jpg anywhere,data/xmp/result-2019/raw/2019.1/2019-01-27 南北湖/_D5C0912_Miless-iMac-Pro.local_Mar-12-220231-2019_Conflict.xmp
no_jpg,2019,2019.1,2019-01-27 南北湖,_D5C0916_Miless-iMac-Pro.local_Mar-12-220231-2019_Conflict,(none),,2019.1,no jpg anywhere,data/xmp/result-2019/raw/2019.1/2019-01-27 南北湖/_D5C0916_Miless-iMac-Pro.local_Mar-12-220231-2019_Conflict.xmp
no_jpg,2019,2019.1,2019-01-27 南北湖,_D5C0937_Miless-iMac-Pro.local_Mar-12-220231-2019_Conflict,(none),,2019.1,no jpg anywhere,data/xmp/result-2019/raw/2019.1/2019-01-27 南北湖/_D5C0937_Miless-iMac-Pro.local_Mar-12-220231-2019_Conflict.xmp
no_jpg,2019,2019.1,2019-01-27 南北湖,_D5C0960_Miless-iMac-Pro.local_Mar-12-220232-2019_Conflict,(none),,2019.1,no jpg anywhere,data/xmp/result-2019/raw/2019.1/2019-01-27 南北湖/_D5C0960_Miless-iMac-Pro.local_Mar-12-220232-2019_Conflict.xmp
no_jpg,2019,2019.1,2019-01-27 南北湖,_D5C0971_Miless-iMac-Pro.local_Mar-12-220233-2019_Conflict,(none),,2019.1,no jpg anywhere,data/xmp/result-2019/raw/2019.1/2019-01-27 南北湖/_D5C0971_Miless-iMac-Pro.local_Mar-12-220233-2019_Conflict.xmp
no_jpg,2019,2019.1,2019-01-27 南北湖,_D5C0984_Miless-iMac-Pro.local_Mar-12-220233-2019_Conflict,(none),,2019.1,no jpg anywhere,data/xmp/result-2019/raw/2019.1/2019-01-27 南北湖/_D5C0984_Miless-iMac-Pro.local_Mar-12-220233-2019_Conflict.xmp
no_jpg,2019,2019.1,2019-01-27 南北湖,_D5C0991_Miless-iMac-Pro.local_Mar-12-220234-2019_Conflict,(none),,2019.1,no jpg anywhere,data/xmp/result-2019/raw/2019.1/2019-01-27 南北湖/_D5C0991_Miless-iMac-Pro.local_Mar-12-220234-2019_Conflict.xmp
no_jpg,2019,2019.1,2019-01-27 南北湖,_D5C0997_Miless-iMac-Pro.local_Mar-12-220234-2019_Conflict,(none),,2019.1,no jpg anywhere,data/xmp/result-2019/raw/2019.1/2019-01-27 南北湖/_D5C0997_Miless-iMac-Pro.local_Mar-12-220234-2019_Conflict.xmp
no_jpg,2019,2019.1,2019-01-27 南北湖,_D5C1017_Miless-iMac-Pro.local_Mar-12-220235-2019_Conflict,(none),,2019.1,no jpg anywhere,data/xmp/result-2019/raw/2019.1/2019-01-27 南北湖/_D5C1017_Miless-iMac-Pro.local_Mar-12-220235-2019_Conflict.xmp
no_jpg,2019,2019.1,2019-01-27 南北湖,_D5C1047_Miless-iMac-Pro.local_Mar-12-220235-2019_Conflict,(none),,2019.1,no jpg anywhere,data/xmp/result-2019/raw/2019.1/2019-01-27 南北湖/_D5C1047_Miless-iMac-Pro.local_Mar-12-220235-2019_Conflict.xmp
no_jpg,2019,2019.1,2019-01-27 南北湖,_D5C1048_Miless-iMac-Pro.local_Mar-12-220236-2019_Conflict,(none),,2019.1,no jpg anywhere,data/xmp/result-2019/raw/2019.1/2019-01-27 南北湖/_D5C1048_Miless-iMac-Pro.local_Mar-12-220236-2019_Conflict.xmp
no_jpg,2019,2019.1,2019-01-27 南北湖,_D5C1109_Miless-iMac-Pro.local_Mar-12-220236-2019_Conflict,(none),,2019.1,no jpg anywhere,data/xmp/result-2019/raw/2019.1/2019-01-27 南北湖/_D5C1109_Miless-iMac-Pro.local_Mar-12-220236-2019_Conflict.xmp
no_jpg,2019,2019.1,2019-01-27 南北湖,_D5C1128_Miless-iMac-Pro.local_Mar-12-220237-2019_Conflict,(none),,2019.1,no jpg anywhere,data/xmp/result-2019/raw/2019.1/2019-01-27 南北湖/_D5C1128_Miless-iMac-Pro.local_Mar-12-220237-2019_Conflict.xmp
no_jpg,2019,2019.1,2019-01-27 南北湖,_D5C1129_Miless-iMac-Pro.local_Mar-12-220237-2019_Conflict,(none),,2019.1,no jpg anywhere,data/xmp/result-2019/raw/2019.1/2019-01-27 南北湖/_D5C1129_Miless-iMac-Pro.local_Mar-12-220237-2019_Conflict.xmp
no_jpg,2019,2019.1,2019-01-27 南北湖,_D5C1131_Miless-iMac-Pro.local_Mar-12-220238-2019_Conflict,(none),,2019.1,no jpg anywhere,data/xmp/result-2019/raw/2019.1/2019-01-27 南北湖/_D5C1131_Miless-iMac-Pro.local_Mar-12-220238-2019_Conflict.xmp
no_jpg,2019,2019.1,2019-01-27 南北湖,_D5C1132_Miless-iMac-Pro.local_Mar-12-220238-2019_Conflict,(none),,2019.1,no jpg anywhere,data/xmp/result-2019/raw/2019.1/2019-01-27 南北湖/_D5C1132_Miless-iMac-Pro.local_Mar-12-220238-2019_Conflict.xmp
no_jpg,2019,2019.1,2019-01-27 南北湖,_D5C1133_Miless-iMac-Pro.local_Mar-12-220239-2019_Conflict,(none),,2019.1,no jpg anywhere,data/xmp/result-2019/raw/2019.1/2019-01-27 南北湖/_D5C1133_Miless-iMac-Pro.local_Mar-12-220239-2019_Conflict.xmp
no_jpg,2019,2019.1,2019-01-27 南北湖,_D5C1139_Miless-iMac-Pro.local_Mar-12-220239-2019_Conflict,(none),,2019.1,no jpg anywhere,data/xmp/result-2019/raw/2019.1/2019-01-27 南北湖/_D5C1139_Miless-iMac-Pro.local_Mar-12-220239-2019_Conflict.xmp
no_jpg,2019,2019.1,2019-01-27 南北湖,_D5C1140_Miless-iMac-Pro.local_Mar-12-220240-2019_Conflict,(none),,2019.1,no jpg anywhere,data/xmp/result-2019/raw/2019.1/2019-01-27 南北湖/_D5C1140_Miless-iMac-Pro.local_Mar-12-220240-2019_Conflict.xmp
no_jpg,2019,2019.1,2019-01-27 南北湖,_D5C1142_Miless-iMac-Pro.local_Mar-12-220240-2019_Conflict,(none),,2019.1,no jpg anywhere,data/xmp/result-2019/raw/2019.1/2019-01-27 南北湖/_D5C1142_Miless-iMac-Pro.local_Mar-12-220240-2019_Conflict.xmp
no_jpg,2019,2019.1,2019-01-27 南北湖,_D5C1143_Miless-iMac-Pro.local_Mar-12-220241-2019_Conflict,(none),,2019.1,no jpg anywhere,data/xmp/result-2019/raw/2019.1/2019-01-27 南北湖/_D5C1143_Miless-iMac-Pro.local_Mar-12-220241-2019_Conflict.xmp
no_jpg,2019,2019.8,2019-06-08 山公园,_D5V0886,bird,brahminy kite,2019.8,no jpg anywhere,data/xmp/result-2019/raw/2019.8/2019-06-08 山公园/_D5V0886.xmp
no_jpg,2020,2020,2020-11-11 泰顺,_V9A7484,(none),,2020,no jpg anywhere,data/xmp/result-2020/raw/2020/2020-11-11 泰顺/_V9A7484.xmp
no_jpg,2020,2020,2020-12-30 莫干山 郡安里,_D8S2869,(none),,2020,no jpg anywhere,data/xmp/result-2020/raw/2020/2020-12-30 莫干山 郡安里/_D8S2869.xmp
no_jpg,2021,2021.7,2021-11-28 逸浦荟,_V9A5033,(none),,2021.7,no jpg anywhere,data/xmp/result-2021/raw/2021.7/2021-11-28 逸浦荟/_V9A5033.xmp
no_jpg,2023,2023.1,2023-03-06 西溪花间堂,_Z9C5624,(none),,2023.1,no jpg anywhere,data/xmp/result-2023/raw/2023.1/2023-03-06 西溪花间堂/_Z9C5624.xmp
no_jpg,2023,2023.1,2023-03-06 西溪花间堂,_Z9C5644,(none),,2023.1,no jpg anywhere,data/xmp/result-2023/raw/2023.1/2023-03-06 西溪花间堂/_Z9C5644.xmp
no_jpg,2023,2023.1,2023-03-06 西溪花间堂,_Z9C5645,(none),,2023.1,no jpg anywhere,data/xmp/result-2023/raw/2023.1/2023-03-06 西溪花间堂/_Z9C5645.xmp
no_jpg,2023,2023.1,2023-03-06 西溪花间堂,_Z9C5651,(none),,2023.1,no jpg anywhere,data/xmp/result-2023/raw/2023.1/2023-03-06 西溪花间堂/_Z9C5651.xmp
no_jpg,2023,2023.1,2023-03-06 西溪花间堂,_Z9C5663,(none),,2023.1,no jpg anywhere,data/xmp/result-2023/raw/2023.1/2023-03-06 西溪花间堂/_Z9C5663.xmp
no_jpg,2023,2023.1,2023-03-06 西溪花间堂,_Z9C5699,(none),,2023.1,no jpg anywhere,data/xmp/result-2023/raw/2023.1/2023-03-06 西溪花间堂/_Z9C5699.xmp
no_jpg,2023,2023.1,2023-03-07 西溪花间堂,_Z9C5710,(none),,2023.1,no jpg anywhere,data/xmp/result-2023/raw/2023.1/2023-03-07 西溪花间堂/_Z9C5710.xmp
no_jpg,2023,2023.1,2023-03-07 西溪花间堂,_Z9C5718,(none),,2023.1,no jpg anywhere,data/xmp/result-2023/raw/2023.1/2023-03-07 西溪花间堂/_Z9C5718.xmp
no_jpg,2023,2023.1,2023-03-07 西溪花间堂,_Z9C5722,(none),,2023.1,no jpg anywhere,data/xmp/result-2023/raw/2023.1/2023-03-07 西溪花间堂/_Z9C5722.xmp
no_jpg,2023,2023.1,2023-03-07 西溪花间堂,_Z9C5742,(none),,2023.1,no jpg anywhere,data/xmp/result-2023/raw/2023.1/2023-03-07 西溪花间堂/_Z9C5742.xmp
no_jpg,2023,2023.1,2023-03-07 西溪花间堂,_Z9C5745,(none),,2023.1,no jpg anywhere,data/xmp/result-2023/raw/2023.1/2023-03-07 西溪花间堂/_Z9C5745.xmp
no_jpg,2023,2023.1,2023-03-07 西溪花间堂,_Z9C5774,(none),,2023.1,no jpg anywhere,data/xmp/result-2023/raw/2023.1/2023-03-07 西溪花间堂/_Z9C5774.xmp
no_jpg,2023,2023.1,2023-03-07 西溪花间堂,_Z9C5776,(none),,2023.1,no jpg anywhere,data/xmp/result-2023/raw/2023.1/2023-03-07 西溪花间堂/_Z9C5776.xmp
no_jpg,2023,2023.1,2023-03-07 西溪花间堂,_Z9C5781,(none),,2023.1,no jpg anywhere,data/xmp/result-2023/raw/2023.1/2023-03-07 西溪花间堂/_Z9C5781.xmp
no_jpg,2023,2023.1,2023-03-07 西溪花间堂,_Z9C5782,(none),,2023.1,no jpg anywhere,data/xmp/result-2023/raw/2023.1/2023-03-07 西溪花间堂/_Z9C5782.xmp
no_jpg,2023,2023.1,2023-03-07 西溪花间堂,_Z9C5793,(none),,2023.1,no jpg anywhere,data/xmp/result-2023/raw/2023.1/2023-03-07 西溪花间堂/_Z9C5793.xmp
no_jpg,2023,2023.1,2023-03-07 西溪花间堂,_Z9C5810,(none),,2023.1,no jpg anywhere,data/xmp/result-2023/raw/2023.1/2023-03-07 西溪花间堂/_Z9C5810.xmp
no_jpg,2023,2023.1,2023-03-07 西溪花间堂,_Z9C5814,(none),,2023.1,no jpg anywhere,data/xmp/result-2023/raw/2023.1/2023-03-07 西溪花间堂/_Z9C5814.xmp
no_jpg,2023,2023.1,2023-03-07 西溪花间堂,_Z9C5818,(none),,2023.1,no jpg anywhere,data/xmp/result-2023/raw/2023.1/2023-03-07 西溪花间堂/_Z9C5818.xmp
no_jpg,2023,2023.1,2023-03-07 西溪花间堂,_Z9C5822,(none),,2023.1,no jpg anywhere,data/xmp/result-2023/raw/2023.1/2023-03-07 西溪花间堂/_Z9C5822.xmp
no_jpg,2023,2023.1,2023-03-07 西溪花间堂,_Z9C5824,(none),,2023.1,no jpg anywhere,data/xmp/result-2023/raw/2023.1/2023-03-07 西溪花间堂/_Z9C5824.xmp
no_jpg,2023,2023.1,2023-03-07 西溪花间堂,_Z9C5827,(none),,2023.1,no jpg anywhere,data/xmp/result-2023/raw/2023.1/2023-03-07 西溪花间堂/_Z9C5827.xmp
no_jpg,2023,2023.1,2023-03-07 西溪花间堂,_Z9C5834,(none),,2023.1,no jpg anywhere,data/xmp/result-2023/raw/2023.1/2023-03-07 西溪花间堂/_Z9C5834.xmp
no_jpg,2023,2023.1,2023-03-07 西溪花间堂,_Z9C5837,(none),,2023.1,no jpg anywhere,data/xmp/result-2023/raw/2023.1/2023-03-07 西溪花间堂/_Z9C5837.xmp
no_jpg,2023,2023.1,2023-03-07 西溪花间堂,_Z9C5844,(none),,2023.1,no jpg anywhere,data/xmp/result-2023/raw/2023.1/2023-03-07 西溪花间堂/_Z9C5844.xmp
no_jpg,2023,2023.1,2023-03-07 西溪花间堂,_Z9C5850,(none),,2023.1,no jpg anywhere,data/xmp/result-2023/raw/2023.1/2023-03-07 西溪花间堂/_Z9C5850.xmp
no_jpg,2023,2023.1,2023-03-07 西溪花间堂,_Z9C5870,(none),,2023.1,no jpg anywhere,data/xmp/result-2023/raw/2023.1/2023-03-07 西溪花间堂/_Z9C5870.xmp
no_jpg,2023,2023.1,2023-03-07 西溪花间堂,_Z9C5879,(none),,2023.1,no jpg anywhere,data/xmp/result-2023/raw/2023.1/2023-03-07 西溪花间堂/_Z9C5879.xmp
no_jpg,2023,2023.1,2023-03-07 西溪花间堂,_Z9C5882,(none),,2023.1,no jpg anywhere,data/xmp/result-2023/raw/2023.1/2023-03-07 西溪花间堂/_Z9C5882.xmp
no_jpg,2023,2023.1,2023-03-07 西溪花间堂,_Z9C5886,(none),,2023.1,no jpg anywhere,data/xmp/result-2023/raw/2023.1/2023-03-07 西溪花间堂/_Z9C5886.xmp
no_jpg,2023,2023.1,2023-03-07 西溪花间堂,_Z9C5894,(none),,2023.1,no jpg anywhere,data/xmp/result-2023/raw/2023.1/2023-03-07 西溪花间堂/_Z9C5894.xmp
no_jpg,2023,2023.1,2023-03-07 西溪花间堂,_Z9C5898,(none),,2023.1,no jpg anywhere,data/xmp/result-2023/raw/2023.1/2023-03-07 西溪花间堂/_Z9C5898.xmp
no_jpg,2023,2023.1,2023-03-07 西溪花间堂,_Z9C5920,(none),,2023.1,no jpg anywhere,data/xmp/result-2023/raw/2023.1/2023-03-07 西溪花间堂/_Z9C5920.xmp
no_jpg,2023,2023.1,2023-03-07 西溪花间堂,_Z9C5928,(none),,2023.1,no jpg anywhere,data/xmp/result-2023/raw/2023.1/2023-03-07 西溪花间堂/_Z9C5928.xmp
no_jpg,2023,2023.1,2023-03-07 西溪花间堂,_Z9C5954,(none),,2023.1,no jpg anywhere,data/xmp/result-2023/raw/2023.1/2023-03-07 西溪花间堂/_Z9C5954.xmp
no_jpg,2023,2023.1,2023-03-07 西溪花间堂,_Z9C5957,(none),,2023.1,no jpg anywhere,data/xmp/result-2023/raw/2023.1/2023-03-07 西溪花间堂/_Z9C5957.xmp
no_jpg,2023,2023.1,2023-03-07 西溪花间堂,_Z9C5976,(none),,2023.1,no jpg anywhere,data/xmp/result-2023/raw/2023.1/2023-03-07 西溪花间堂/_Z9C5976.xmp
no_jpg,2023,2023.1,2023-03-07 西溪花间堂,_Z9C5995,(none),,2023.1,no jpg anywhere,data/xmp/result-2023/raw/2023.1/2023-03-07 西溪花间堂/_Z9C5995.xmp
no_jpg,2023,2023.1,2023-03-07 西溪花间堂,_Z9C6012,(none),,2023.1,no jpg anywhere,data/xmp/result-2023/raw/2023.1/2023-03-07 西溪花间堂/_Z9C6012.xmp
no_jpg,2023,2023.1,2023-03-07 西溪花间堂,_Z9C6016,(none),,2023.1,no jpg anywhere,data/xmp/result-2023/raw/2023.1/2023-03-07 西溪花间堂/_Z9C6016.xmp
no_jpg,2023,2023.1,2023-03-07 西溪花间堂,_Z9C6061,(none),,2023.1,no jpg anywhere,data/xmp/result-2023/raw/2023.1/2023-03-07 西溪花间堂/_Z9C6061.xmp
no_jpg,2023,2023.1,2023-03-07 西溪花间堂,_Z9C6068,(none),,2023.1,no jpg anywhere,data/xmp/result-2023/raw/2023.1/2023-03-07 西溪花间堂/_Z9C6068.xmp
no_jpg,2023,2023.1,2023-03-07 西溪花间堂,_Z9C6072,(none),,2023.1,no jpg anywhere,data/xmp/result-2023/raw/2023.1/2023-03-07 西溪花间堂/_Z9C6072.xmp
no_jpg,2023,2023.1,2023-03-07 西溪花间堂,_Z9C6074,(none),,2023.1,no jpg anywhere,data/xmp/result-2023/raw/2023.1/2023-03-07 西溪花间堂/_Z9C6074.xmp
no_jpg,2023,2023.1,2023-03-09 西湖国宾馆,_D5D6426,(none),,2023.1,no jpg anywhere,data/xmp/result-2023/raw/2023.1/2023-03-09 西湖国宾馆/_D5D6426.xmp
no_jpg,2023,2023.1,2023-03-09 西湖国宾馆,_D5D6523,(none),,2023.1,no jpg anywhere,data/xmp/result-2023/raw/2023.1/2023-03-09 西湖国宾馆/_D5D6523.xmp
no_jpg,2023,2023.1,2023-03-09 西湖国宾馆,_D5D6536,(none),,2023.1,no jpg anywhere,data/xmp/result-2023/raw/2023.1/2023-03-09 西湖国宾馆/_D5D6536.xmp
no_jpg,2023,2023.1,2023-03-09 西湖国宾馆,_D5D6581,(none),,2023.1,no jpg anywhere,data/xmp/result-2023/raw/2023.1/2023-03-09 西湖国宾馆/_D5D6581.xmp
no_jpg,2023,2023.1,2023-03-09 西湖国宾馆,_D5D6619,(none),,2023.1,no jpg anywhere,data/xmp/result-2023/raw/2023.1/2023-03-09 西湖国宾馆/_D5D6619.xmp
no_jpg,2023,2023.1,2023-03-09 西湖国宾馆,_Z9C6219,(none),,2023.1,no jpg anywhere,data/xmp/result-2023/raw/2023.1/2023-03-09 西湖国宾馆/_Z9C6219.xmp
no_jpg,2023,2023.1,2023-03-09 西湖国宾馆,_Z9C6228,(none),,2023.1,no jpg anywhere,data/xmp/result-2023/raw/2023.1/2023-03-09 西湖国宾馆/_Z9C6228.xmp
no_jpg,2023,2023.1,2023-03-09 西湖国宾馆,_Z9C6231,(none),,2023.1,no jpg anywhere,data/xmp/result-2023/raw/2023.1/2023-03-09 西湖国宾馆/_Z9C6231.xmp
no_jpg,2023,2023.1,2023-03-09 西湖国宾馆,_Z9C6235,(none),,2023.1,no jpg anywhere,data/xmp/result-2023/raw/2023.1/2023-03-09 西湖国宾馆/_Z9C6235.xmp
no_jpg,2023,2023.1,2023-03-09 西湖国宾馆,_Z9C6236,(none),,2023.1,no jpg anywhere,data/xmp/result-2023/raw/2023.1/2023-03-09 西湖国宾馆/_Z9C6236.xmp
no_jpg,2023,2023.1,2023-03-09 西湖国宾馆,_Z9C6237,(none),,2023.1,no jpg anywhere,data/xmp/result-2023/raw/2023.1/2023-03-09 西湖国宾馆/_Z9C6237.xmp
no_jpg,2023,2023.1,2023-03-09 西湖国宾馆,_Z9C6238,(none),,2023.1,no jpg anywhere,data/xmp/result-2023/raw/2023.1/2023-03-09 西湖国宾馆/_Z9C6238.xmp
no_jpg,2023,2023.1,2023-03-09 西湖国宾馆,_Z9C6243,(none),,2023.1,no jpg anywhere,data/xmp/result-2023/raw/2023.1/2023-03-09 西湖国宾馆/_Z9C6243.xmp
no_jpg,2023,2023.1,2023-03-09 西湖国宾馆,_Z9C6246,(none),,2023.1,no jpg anywhere,data/xmp/result-2023/raw/2023.1/2023-03-09 西湖国宾馆/_Z9C6246.xmp
no_jpg,2023,2023.1,2023-03-09 西湖国宾馆,_Z9C6249,(none),,2023.1,no jpg anywhere,data/xmp/result-2023/raw/2023.1/2023-03-09 西湖国宾馆/_Z9C6249.xmp
no_jpg,2023,2023.1,2023-03-09 西湖国宾馆,_Z9C6254,(none),,2023.1,no jpg anywhere,data/xmp/result-2023/raw/2023.1/2023-03-09 西湖国宾馆/_Z9C6254.xmp
no_jpg,2023,2023.1,2023-03-09 西湖国宾馆,_Z9C6258,(none),,2023.1,no jpg anywhere,data/xmp/result-2023/raw/2023.1/2023-03-09 西湖国宾馆/_Z9C6258.xmp
no_jpg,2023,2023.1,2023-03-09 西湖国宾馆,_Z9C6259,(none),,2023.1,no jpg anywhere,data/xmp/result-2023/raw/2023.1/2023-03-09 西湖国宾馆/_Z9C6259.xmp
no_jpg,2023,2023.1,2023-03-09 西湖国宾馆,_Z9C6265,(none),,2023.1,no jpg anywhere,data/xmp/result-2023/raw/2023.1/2023-03-09 西湖国宾馆/_Z9C6265.xmp
no_jpg,2023,2023.1,2023-03-09 西湖国宾馆,_Z9C6267,(none),,2023.1,no jpg anywhere,data/xmp/result-2023/raw/2023.1/2023-03-09 西湖国宾馆/_Z9C6267.xmp
no_jpg,2023,2023.1,2023-03-09 西湖国宾馆,_Z9C6269,(none),,2023.1,no jpg anywhere,data/xmp/result-2023/raw/2023.1/2023-03-09 西湖国宾馆/_Z9C6269.xmp
no_jpg,2023,2023.1,2023-03-09 西湖国宾馆,_Z9C6270,(none),,2023.1,no jpg anywhere,data/xmp/result-2023/raw/2023.1/2023-03-09 西湖国宾馆/_Z9C6270.xmp
no_jpg,2023,2023.1,2023-03-09 西湖国宾馆,_Z9C6272,(none),,2023.1,no jpg anywhere,data/xmp/result-2023/raw/2023.1/2023-03-09 西湖国宾馆/_Z9C6272.xmp
no_jpg,2023,2023.1,2023-03-09 西湖国宾馆,_Z9C6273,(none),,2023.1,no jpg anywhere,data/xmp/result-2023/raw/2023.1/2023-03-09 西湖国宾馆/_Z9C6273.xmp
no_jpg,2023,2023.1,2023-03-09 西湖国宾馆,_Z9C6274,(none),,2023.1,no jpg anywhere,data/xmp/result-2023/raw/2023.1/2023-03-09 西湖国宾馆/_Z9C6274.xmp
no_jpg,2023,2023.1,2023-03-09 西湖国宾馆,_Z9C6275,(none),,2023.1,no jpg anywhere,data/xmp/result-2023/raw/2023.1/2023-03-09 西湖国宾馆/_Z9C6275.xmp
no_jpg,2023,2023.1,2023-03-09 西湖国宾馆,_Z9C6278,(none),,2023.1,no jpg anywhere,data/xmp/result-2023/raw/2023.1/2023-03-09 西湖国宾馆/_Z9C6278.xmp
no_jpg,2023,2023.1,2023-03-09 西湖国宾馆,_Z9C6285,(none),,2023.1,no jpg anywhere,data/xmp/result-2023/raw/2023.1/2023-03-09 西湖国宾馆/_Z9C6285.xmp
no_jpg,2023,2023.1,2023-03-09 西湖国宾馆,_Z9C6291,(none),,2023.1,no jpg anywhere,data/xmp/result-2023/raw/2023.1/2023-03-09 西湖国宾馆/_Z9C6291.xmp
no_jpg,2023,2023.1,2023-03-09 西湖国宾馆,_Z9C6295,(none),,2023.1,no jpg anywhere,data/xmp/result-2023/raw/2023.1/2023-03-09 西湖国宾馆/_Z9C6295.xmp
no_jpg,2023,2023.1,2023-03-09 西湖国宾馆,_Z9C6299,(none),,2023.1,no jpg anywhere,data/xmp/result-2023/raw/2023.1/2023-03-09 西湖国宾馆/_Z9C6299.xmp
no_jpg,2023,2023.1,2023-03-09 西湖国宾馆,_Z9C6303,(none),,2023.1,no jpg anywhere,data/xmp/result-2023/raw/2023.1/2023-03-09 西湖国宾馆/_Z9C6303.xmp
no_jpg,2023,2023.1,2023-03-09 西湖国宾馆,_Z9C6308,(none),,2023.1,no jpg anywhere,data/xmp/result-2023/raw/2023.1/2023-03-09 西湖国宾馆/_Z9C6308.xmp
no_jpg,2023,2023.1,2023-03-09 西湖国宾馆,_Z9C6319,(none),,2023.1,no jpg anywhere,data/xmp/result-2023/raw/2023.1/2023-03-09 西湖国宾馆/_Z9C6319.xmp
no_jpg,2023,2023.1,2023-03-09 西湖国宾馆,_Z9C6330,(none),,2023.1,no jpg anywhere,data/xmp/result-2023/raw/2023.1/2023-03-09 西湖国宾馆/_Z9C6330.xmp
no_jpg,2023,2023.1,2023-03-09 西湖国宾馆,_Z9C6333,(none),,2023.1,no jpg anywhere,data/xmp/result-2023/raw/2023.1/2023-03-09 西湖国宾馆/_Z9C6333.xmp
no_jpg,2023,2023.1,2023-03-09 西湖国宾馆,_Z9C6441,(none),,2023.1,no jpg anywhere,data/xmp/result-2023/raw/2023.1/2023-03-09 西湖国宾馆/_Z9C6441.xmp
no_jpg,2023,2023.1,2023-03-10 西湖国宾馆,_D5D6681,(none),,2023.1,no jpg anywhere,data/xmp/result-2023/raw/2023.1/2023-03-10 西湖国宾馆/_D5D6681.xmp
no_jpg,2023,2023.1,2023-03-10 西湖国宾馆,_D5D6717,(none),,2023.1,no jpg anywhere,data/xmp/result-2023/raw/2023.1/2023-03-10 西湖国宾馆/_D5D6717.xmp
no_jpg,2023,2023.1,2023-03-10 西湖国宾馆,_D5D6750,(none),,2023.1,no jpg anywhere,data/xmp/result-2023/raw/2023.1/2023-03-10 西湖国宾馆/_D5D6750.xmp
no_jpg,2023,2023.1,2023-03-10 西湖国宾馆,_Z9C6517,(none),,2023.1,no jpg anywhere,data/xmp/result-2023/raw/2023.1/2023-03-10 西湖国宾馆/_Z9C6517.xmp
no_jpg,2023,2023.1,2023-03-10 西湖国宾馆,_Z9C6538,(none),,2023.1,no jpg anywhere,data/xmp/result-2023/raw/2023.1/2023-03-10 西湖国宾馆/_Z9C6538.xmp
no_jpg,2023,2023.1,2023-03-10 西湖国宾馆,_Z9C6558,(none),,2023.1,no jpg anywhere,data/xmp/result-2023/raw/2023.1/2023-03-10 西湖国宾馆/_Z9C6558.xmp
no_jpg,2023,2023.1,2023-03-10 西湖国宾馆,_Z9C6561,(none),,2023.1,no jpg anywhere,data/xmp/result-2023/raw/2023.1/2023-03-10 西湖国宾馆/_Z9C6561.xmp
no_jpg,2023,2023.1,2023-03-13 瓯飞集团,_D5D6773,(none),,2023.1,no jpg anywhere,data/xmp/result-2023/raw/2023.1/2023-03-13 瓯飞集团/_D5D6773.xmp
no_jpg,2023,2023.1,2023-03-13 瓯飞集团,_D5D6898,(none),,2023.1,no jpg anywhere,data/xmp/result-2023/raw/2023.1/2023-03-13 瓯飞集团/_D5D6898.xmp
no_jpg,2023,2023.1,2023-03-13 瓯飞集团,_D5D6913,(none),,2023.1,no jpg anywhere,data/xmp/result-2023/raw/2023.1/2023-03-13 瓯飞集团/_D5D6913.xmp
no_jpg,2023,2023.1,2023-03-13 瓯飞集团,_D5D6940,(none),,2023.1,no jpg anywhere,data/xmp/result-2023/raw/2023.1/2023-03-13 瓯飞集团/_D5D6940.xmp
no_jpg,2023,2023.1,2023-03-13 瓯飞集团,_D5D7103,(none),,2023.1,no jpg anywhere,data/xmp/result-2023/raw/2023.1/2023-03-13 瓯飞集团/_D5D7103.xmp
no_jpg,2023,2023.1,2023-03-13 瓯飞集团,_D5D7142,(none),,2023.1,no jpg anywhere,data/xmp/result-2023/raw/2023.1/2023-03-13 瓯飞集团/_D5D7142.xmp
no_jpg,2023,2023.1,2023-03-13 瓯飞集团,_D5D7151,(none),,2023.1,no jpg anywhere,data/xmp/result-2023/raw/2023.1/2023-03-13 瓯飞集团/_D5D7151.xmp
no_jpg,2023,2023.1,2023-03-13 瓯飞集团,_D5D7164,(none),,2023.1,no jpg anywhere,data/xmp/result-2023/raw/2023.1/2023-03-13 瓯飞集团/_D5D7164.xmp
no_jpg,2023,2023.1,2023-03-13 瓯飞集团,_D5D7232,(none),,2023.1,no jpg anywhere,data/xmp/result-2023/raw/2023.1/2023-03-13 瓯飞集团/_D5D7232.xmp
no_jpg,2023,2023.1,2023-03-13 瓯飞集团,_D5D7255,(none),,2023.1,no jpg anywhere,data/xmp/result-2023/raw/2023.1/2023-03-13 瓯飞集团/_D5D7255.xmp
no_jpg,2023,2023.1,2023-03-13 瓯飞集团,_D5D7257,(none),,2023.1,no jpg anywhere,data/xmp/result-2023/raw/2023.1/2023-03-13 瓯飞集团/_D5D7257.xmp
no_jpg,2023,2023.1,2023-03-13 瓯飞集团,_D5D7311,(none),,2023.1,no jpg anywhere,data/xmp/result-2023/raw/2023.1/2023-03-13 瓯飞集团/_D5D7311.xmp
no_jpg,2023,2023.1,2023-03-13 瓯飞集团,_D5D7350,(none),,2023.1,no jpg anywhere,data/xmp/result-2023/raw/2023.1/2023-03-13 瓯飞集团/_D5D7350.xmp
no_jpg,2023,2023.1,2023-03-13 瓯飞集团,_D5D7391,(none),,2023.1,no jpg anywhere,data/xmp/result-2023/raw/2023.1/2023-03-13 瓯飞集团/_D5D7391.xmp
no_jpg,2023,2023.1,2023-03-13 瓯飞集团,_D5D7436,(none),,2023.1,no jpg anywhere,data/xmp/result-2023/raw/2023.1/2023-03-13 瓯飞集团/_D5D7436.xmp
no_jpg,2023,2023.1,2023-03-13 瓯飞集团,_Z9C6591,(none),,2023.1,no jpg anywhere,data/xmp/result-2023/raw/2023.1/2023-03-13 瓯飞集团/_Z9C6591.xmp
no_jpg,2023,2023.1,2023-03-13 瓯飞集团,_Z9C6627,(none),,2023.1,no jpg anywhere,data/xmp/result-2023/raw/2023.1/2023-03-13 瓯飞集团/_Z9C6627.xmp
no_jpg,2023,2023.1,2023-03-13 瓯飞集团,_Z9C6636,(none),,2023.1,no jpg anywhere,data/xmp/result-2023/raw/2023.1/2023-03-13 瓯飞集团/_Z9C6636.xmp
no_jpg,2023,2023.1,2023-03-13 瓯飞集团,_Z9C6647,(none),,2023.1,no jpg anywhere,data/xmp/result-2023/raw/2023.1/2023-03-13 瓯飞集团/_Z9C6647.xmp
no_jpg,2023,2023.1,2023-03-13 瓯飞集团,_Z9C6654,(none),,2023.1,no jpg anywhere,data/xmp/result-2023/raw/2023.1/2023-03-13 瓯飞集团/_Z9C6654.xmp
no_jpg,2023,2023.1,2023-03-13 瓯飞集团,_Z9C6716,(none),,2023.1,no jpg anywhere,data/xmp/result-2023/raw/2023.1/2023-03-13 瓯飞集团/_Z9C6716.xmp
no_jpg,2023,2023.1,2023-03-13 瓯飞集团,_Z9C6736,(none),,2023.1,no jpg anywhere,data/xmp/result-2023/raw/2023.1/2023-03-13 瓯飞集团/_Z9C6736.xmp
no_jpg,2023,2023.1,2023-03-13 瓯飞集团,_Z9C6744,(none),,2023.1,no jpg anywhere,data/xmp/result-2023/raw/2023.1/2023-03-13 瓯飞集团/_Z9C6744.xmp
no_jpg,2023,2023.1,2023-03-13 瓯飞集团,_Z9C6755,(none),,2023.1,no jpg anywhere,data/xmp/result-2023/raw/2023.1/2023-03-13 瓯飞集团/_Z9C6755.xmp
no_jpg,2023,2023.1,2023-03-13 瓯飞集团,_Z9C6862,(none),,2023.1,no jpg anywhere,data/xmp/result-2023/raw/2023.1/2023-03-13 瓯飞集团/_Z9C6862.xmp
no_jpg,2023,2023.1,2023-03-26 锦江&花园饭店,_Z9C7128,(none),,2023.1,no jpg anywhere,data/xmp/result-2023/raw/2023.1/2023-03-26 锦江&花园饭店/_Z9C7128.xmp
no_jpg,2023,2023.1,2023-03-26 锦江&花园饭店,_Z9C7134,(none),,2023.1,no jpg anywhere,data/xmp/result-2023/raw/2023.1/2023-03-26 锦江&花园饭店/_Z9C7134.xmp
no_jpg,2023,2023.1,2023-03-26 锦江&花园饭店,_Z9C7145,(none),,2023.1,no jpg anywhere,data/xmp/result-2023/raw/2023.1/2023-03-26 锦江&花园饭店/_Z9C7145.xmp
no_jpg,2023,2023.1,2023-03-26 锦江&花园饭店,_Z9C7150,(none),,2023.1,no jpg anywhere,data/xmp/result-2023/raw/2023.1/2023-03-26 锦江&花园饭店/_Z9C7150.xmp
no_jpg,2023,2023.1,2023-03-26 锦江&花园饭店,_Z9C7160,(none),,2023.1,no jpg anywhere,data/xmp/result-2023/raw/2023.1/2023-03-26 锦江&花园饭店/_Z9C7160.xmp
no_jpg,2023,2023.1,2023-03-26 锦江&花园饭店,_Z9C7171,(none),,2023.1,no jpg anywhere,data/xmp/result-2023/raw/2023.1/2023-03-26 锦江&花园饭店/_Z9C7171.xmp
no_jpg,2023,2023.1,2023-03-26 锦江&花园饭店,_Z9C7175,(none),,2023.1,no jpg anywhere,data/xmp/result-2023/raw/2023.1/2023-03-26 锦江&花园饭店/_Z9C7175.xmp
no_jpg,2023,2023.1,2023-03-26 锦江&花园饭店,_Z9C7177,(none),,2023.1,no jpg anywhere,data/xmp/result-2023/raw/2023.1/2023-03-26 锦江&花园饭店/_Z9C7177.xmp
no_jpg,2023,2023.1,2023-03-26 锦江&花园饭店,_Z9C7178,(none),,2023.1,no jpg anywhere,data/xmp/result-2023/raw/2023.1/2023-03-26 锦江&花园饭店/_Z9C7178.xmp
no_jpg,2023,2023.1,2023-03-27 美术馆&前滩,_Z9C7181,(none),,2023.1,no jpg anywhere,data/xmp/result-2023/raw/2023.1/2023-03-27 美术馆&前滩/_Z9C7181.xmp
no_jpg,2023,2023.1,2023-03-27 美术馆&前滩,_Z9C7185,(none),,2023.1,no jpg anywhere,data/xmp/result-2023/raw/2023.1/2023-03-27 美术馆&前滩/_Z9C7185.xmp
no_jpg,2023,2023.1,2023-03-27 美术馆&前滩,_Z9C7186,(none),,2023.1,no jpg anywhere,data/xmp/result-2023/raw/2023.1/2023-03-27 美术馆&前滩/_Z9C7186.xmp
no_jpg,2023,2023.1,2023-03-27 美术馆&前滩,_Z9C7187,(none),,2023.1,no jpg anywhere,data/xmp/result-2023/raw/2023.1/2023-03-27 美术馆&前滩/_Z9C7187.xmp
no_jpg,2023,2023.1,2023-03-27 美术馆&前滩,_Z9C7190,(none),,2023.1,no jpg anywhere,data/xmp/result-2023/raw/2023.1/2023-03-27 美术馆&前滩/_Z9C7190.xmp
no_jpg,2023,2023.1,2023-03-27 美术馆&前滩,_Z9C7211,(none),,2023.1,no jpg anywhere,data/xmp/result-2023/raw/2023.1/2023-03-27 美术馆&前滩/_Z9C7211.xmp
no_jpg,2023,2023.1,2023-03-27 美术馆&前滩,_Z9C7213,(none),,2023.1,no jpg anywhere,data/xmp/result-2023/raw/2023.1/2023-03-27 美术馆&前滩/_Z9C7213.xmp
no_jpg,2023,2023.1,2023-03-27 美术馆&前滩,_Z9C7275,(none),,2023.1,no jpg anywhere,data/xmp/result-2023/raw/2023.1/2023-03-27 美术馆&前滩/_Z9C7275.xmp
no_jpg,2023,2023.1,2023-03-27 美术馆&前滩,_Z9C7282,(none),,2023.1,no jpg anywhere,data/xmp/result-2023/raw/2023.1/2023-03-27 美术馆&前滩/_Z9C7282.xmp
no_jpg,2023,2023.1,2023-03-27 美术馆&前滩,_Z9C7294,(none),,2023.1,no jpg anywhere,data/xmp/result-2023/raw/2023.1/2023-03-27 美术馆&前滩/_Z9C7294.xmp
no_jpg,2023,2023.1,2023-03-27 美术馆&前滩,_Z9C7295,(none),,2023.1,no jpg anywhere,data/xmp/result-2023/raw/2023.1/2023-03-27 美术馆&前滩/_Z9C7295.xmp
no_jpg,2023,2023.1,2023-03-27 美术馆&前滩,_Z9C7307,(none),,2023.1,no jpg anywhere,data/xmp/result-2023/raw/2023.1/2023-03-27 美术馆&前滩/_Z9C7307.xmp
no_jpg,2023,2023.1,2023-03-27 美术馆&前滩,_Z9C7313,(none),,2023.1,no jpg anywhere,data/xmp/result-2023/raw/2023.1/2023-03-27 美术馆&前滩/_Z9C7313.xmp
no_jpg,2023,2023.1,2023-03-27 美术馆&前滩,_Z9C7316,(none),,2023.1,no jpg anywhere,data/xmp/result-2023/raw/2023.1/2023-03-27 美术馆&前滩/_Z9C7316.xmp
no_jpg,2023,2023.1,2023-03-27 美术馆&前滩,_Z9C7323,(none),,2023.1,no jpg anywhere,data/xmp/result-2023/raw/2023.1/2023-03-27 美术馆&前滩/_Z9C7323.xmp
no_jpg,2023,2023.1,2023-03-27 美术馆&前滩,_Z9C7327,(none),,2023.1,no jpg anywhere,data/xmp/result-2023/raw/2023.1/2023-03-27 美术馆&前滩/_Z9C7327.xmp
no_jpg,2023,2023.1,2023-03-27 美术馆&前滩,_Z9C7331,(none),,2023.1,no jpg anywhere,data/xmp/result-2023/raw/2023.1/2023-03-27 美术馆&前滩/_Z9C7331.xmp
no_jpg,2023,2023.1,2023-03-27 美术馆&前滩,_Z9C7341,(none),,2023.1,no jpg anywhere,data/xmp/result-2023/raw/2023.1/2023-03-27 美术馆&前滩/_Z9C7341.xmp
no_jpg,2023,2023.1,2023-03-27 美术馆&前滩,_Z9C7355,(none),,2023.1,no jpg anywhere,data/xmp/result-2023/raw/2023.1/2023-03-27 美术馆&前滩/_Z9C7355.xmp
no_jpg,2023,2023.1,2023-03-27 美术馆&前滩,_Z9C7370,(none),,2023.1,no jpg anywhere,data/xmp/result-2023/raw/2023.1/2023-03-27 美术馆&前滩/_Z9C7370.xmp
no_jpg,2023,2023.1,2023-03-27 美术馆&前滩,_Z9C7384,(none),,2023.1,no jpg anywhere,data/xmp/result-2023/raw/2023.1/2023-03-27 美术馆&前滩/_Z9C7384.xmp
no_jpg,2023,2023.1,2023-03-27 美术馆&前滩,_Z9C7387,(none),,2023.1,no jpg anywhere,data/xmp/result-2023/raw/2023.1/2023-03-27 美术馆&前滩/_Z9C7387.xmp
no_jpg,2023,2023.1,2023-03-27 美术馆&前滩,_Z9C7395,(none),,2023.1,no jpg anywhere,data/xmp/result-2023/raw/2023.1/2023-03-27 美术馆&前滩/_Z9C7395.xmp
no_jpg,2023,2023.1,2023-03-27 美术馆&前滩,_Z9C7399,(none),,2023.1,no jpg anywhere,data/xmp/result-2023/raw/2023.1/2023-03-27 美术馆&前滩/_Z9C7399.xmp
no_jpg,2023,2023.1,2023-04-10 奉贤,_D5D7551,(none),,2023.1,no jpg anywhere,data/xmp/result-2023/raw/2023.1/2023-04-10 奉贤/_D5D7551.xmp
no_jpg,2023,2023.1,2023-04-10 奉贤,_D5D7694,(none),,2023.1,no jpg anywhere,data/xmp/result-2023/raw/2023.1/2023-04-10 奉贤/_D5D7694.xmp
no_jpg,2023,2023.1,2023-04-10 奉贤,_D5D7871,(none),,2023.1,no jpg anywhere,data/xmp/result-2023/raw/2023.1/2023-04-10 奉贤/_D5D7871.xmp
no_jpg,2023,2023.1,2023-04-10 奉贤,_D5D7872,(none),,2023.1,no jpg anywhere,data/xmp/result-2023/raw/2023.1/2023-04-10 奉贤/_D5D7872.xmp
no_jpg,2023,2023.1,2023-04-10 奉贤,_D5D7979,(none),,2023.1,no jpg anywhere,data/xmp/result-2023/raw/2023.1/2023-04-10 奉贤/_D5D7979.xmp
no_jpg,2023,2023.1,2023-04-10 青溪古镇,_Z9C7446,(none),,2023.1,no jpg anywhere,data/xmp/result-2023/raw/2023.1/2023-04-10 青溪古镇/_Z9C7446.xmp
no_jpg,2023,2023.1,2023-04-10 青溪古镇,_Z9C7498,(none),,2023.1,no jpg anywhere,data/xmp/result-2023/raw/2023.1/2023-04-10 青溪古镇/_Z9C7498.xmp
no_jpg,2023,2023.1,2023-04-10 青溪古镇,_Z9C7508,(none),,2023.1,no jpg anywhere,data/xmp/result-2023/raw/2023.1/2023-04-10 青溪古镇/_Z9C7508.xmp
no_jpg,2023,2023.1,2023-04-10 青溪古镇,_Z9C7509,(none),,2023.1,no jpg anywhere,data/xmp/result-2023/raw/2023.1/2023-04-10 青溪古镇/_Z9C7509.xmp
no_jpg,2023,2023.1,2023-04-10 青溪古镇,_Z9C7516,(none),,2023.1,no jpg anywhere,data/xmp/result-2023/raw/2023.1/2023-04-10 青溪古镇/_Z9C7516.xmp
no_jpg,2023,2023.1,2023-04-10 青溪古镇,_Z9C7602,(none),,2023.1,no jpg anywhere,data/xmp/result-2023/raw/2023.1/2023-04-10 青溪古镇/_Z9C7602.xmp
no_jpg,2023,2023.1,2023-04-10 青溪古镇,_Z9C7656,(none),,2023.1,no jpg anywhere,data/xmp/result-2023/raw/2023.1/2023-04-10 青溪古镇/_Z9C7656.xmp
no_jpg,2023,2023.1,2023-05-09 富春山居,_V9A0980,(none),,2023.1,no jpg anywhere,data/xmp/result-2023/raw/2023.1/2023-05-09 富春山居/_V9A0980.xmp
no_jpg,2023,2023.1,2023-05-09 富春山居,_V9A0986,(none),,2023.1,no jpg anywhere,data/xmp/result-2023/raw/2023.1/2023-05-09 富春山居/_V9A0986.xmp
no_jpg,2023,2023.1,2023-05-09 富春山居,_V9A0994,(none),,2023.1,no jpg anywhere,data/xmp/result-2023/raw/2023.1/2023-05-09 富春山居/_V9A0994.xmp
no_jpg,2023,2023.1,2023-05-09 富春山居,_V9A0996,(none),,2023.1,no jpg anywhere,data/xmp/result-2023/raw/2023.1/2023-05-09 富春山居/_V9A0996.xmp
no_jpg,2023,2023.1,2023-05-09 富春山居,_V9A1014,(none),,2023.1,no jpg anywhere,data/xmp/result-2023/raw/2023.1/2023-05-09 富春山居/_V9A1014.xmp
no_jpg,2023,2023.1,2023-05-09 富春山居,_V9A1015,(none),,2023.1,no jpg anywhere,data/xmp/result-2023/raw/2023.1/2023-05-09 富春山居/_V9A1015.xmp
no_jpg,2023,2023.1,2023-05-09 富春山居,_V9A1026,(none),,2023.1,no jpg anywhere,data/xmp/result-2023/raw/2023.1/2023-05-09 富春山居/_V9A1026.xmp
no_jpg,2023,2023.1,2023-05-09 富春山居,_V9A1027,(none),,2023.1,no jpg anywhere,data/xmp/result-2023/raw/2023.1/2023-05-09 富春山居/_V9A1027.xmp
no_jpg,2023,2023.1,2023-05-09 富春山居,_Z9C7680,(none),,2023.1,no jpg anywhere,data/xmp/result-2023/raw/2023.1/2023-05-09 富春山居/_Z9C7680.xmp
no_jpg,2023,2023.1,2023-05-09 富春山居,_Z9C7681,(none),,2023.1,no jpg anywhere,data/xmp/result-2023/raw/2023.1/2023-05-09 富春山居/_Z9C7681.xmp
no_jpg,2023,2023.1,2023-05-09 富春山居,_Z9C7684,(none),,2023.1,no jpg anywhere,data/xmp/result-2023/raw/2023.1/2023-05-09 富春山居/_Z9C7684.xmp
no_jpg,2023,2023.1,2023-05-09 富春山居,_Z9C7686,(none),,2023.1,no jpg anywhere,data/xmp/result-2023/raw/2023.1/2023-05-09 富春山居/_Z9C7686.xmp
no_jpg,2023,2023.1,2023-05-09 富春山居,_Z9C7694,(none),,2023.1,no jpg anywhere,data/xmp/result-2023/raw/2023.1/2023-05-09 富春山居/_Z9C7694.xmp
no_jpg,2023,2023.1,2023-05-09 富春山居,_Z9C7699,(none),,2023.1,no jpg anywhere,data/xmp/result-2023/raw/2023.1/2023-05-09 富春山居/_Z9C7699.xmp
no_jpg,2023,2023.1,2023-05-09 富春山居,_Z9C7709,(none),,2023.1,no jpg anywhere,data/xmp/result-2023/raw/2023.1/2023-05-09 富春山居/_Z9C7709.xmp
no_jpg,2023,2023.1,2023-05-09 富春山居,_Z9C7711,(none),,2023.1,no jpg anywhere,data/xmp/result-2023/raw/2023.1/2023-05-09 富春山居/_Z9C7711.xmp
no_jpg,2023,2023.1,2023-05-09 富春山居,_Z9C7712,(none),,2023.1,no jpg anywhere,data/xmp/result-2023/raw/2023.1/2023-05-09 富春山居/_Z9C7712.xmp
no_jpg,2023,2023.1,2023-05-09 富春山居,_Z9C7716,(none),,2023.1,no jpg anywhere,data/xmp/result-2023/raw/2023.1/2023-05-09 富春山居/_Z9C7716.xmp
no_jpg,2023,2023.1,2023-05-09 富春山居,_Z9C7718,(none),,2023.1,no jpg anywhere,data/xmp/result-2023/raw/2023.1/2023-05-09 富春山居/_Z9C7718.xmp
no_jpg,2023,2023.1,2023-05-09 富春山居,_Z9C7723,(none),,2023.1,no jpg anywhere,data/xmp/result-2023/raw/2023.1/2023-05-09 富春山居/_Z9C7723.xmp
no_jpg,2023,2023.1,2023-05-09 富春山居,_Z9C7724,(none),,2023.1,no jpg anywhere,data/xmp/result-2023/raw/2023.1/2023-05-09 富春山居/_Z9C7724.xmp
no_jpg,2023,2023.1,2023-05-09 富春山居,_Z9C7725,(none),,2023.1,no jpg anywhere,data/xmp/result-2023/raw/2023.1/2023-05-09 富春山居/_Z9C7725.xmp
no_jpg,2023,2023.1,2023-05-09 富春山居,_Z9C7726,(none),,2023.1,no jpg anywhere,data/xmp/result-2023/raw/2023.1/2023-05-09 富春山居/_Z9C7726.xmp
no_jpg,2023,2023.1,2023-05-09 富春山居,_Z9C7727,(none),,2023.1,no jpg anywhere,data/xmp/result-2023/raw/2023.1/2023-05-09 富春山居/_Z9C7727.xmp
no_jpg,2023,2023.1,2023-05-09 富春山居,_Z9C7728,(none),,2023.1,no jpg anywhere,data/xmp/result-2023/raw/2023.1/2023-05-09 富春山居/_Z9C7728.xmp
no_jpg,2023,2023.1,2023-05-09 富春山居,_Z9C7731,(none),,2023.1,no jpg anywhere,data/xmp/result-2023/raw/2023.1/2023-05-09 富春山居/_Z9C7731.xmp
no_jpg,2023,2023.1,2023-05-09 富春山居,_Z9C7744,(none),,2023.1,no jpg anywhere,data/xmp/result-2023/raw/2023.1/2023-05-09 富春山居/_Z9C7744.xmp
no_jpg,2023,2023.1,2023-05-09 富春山居,_Z9C7746,(none),,2023.1,no jpg anywhere,data/xmp/result-2023/raw/2023.1/2023-05-09 富春山居/_Z9C7746.xmp
no_jpg,2023,2023.1,2023-05-09 富春山居,_Z9C7752,(none),,2023.1,no jpg anywhere,data/xmp/result-2023/raw/2023.1/2023-05-09 富春山居/_Z9C7752.xmp
no_jpg,2023,2023.1,2023-05-09 富春山居,_Z9C7764,(none),,2023.1,no jpg anywhere,data/xmp/result-2023/raw/2023.1/2023-05-09 富春山居/_Z9C7764.xmp
no_jpg,2023,2023.1,2023-05-09 富春山居,_Z9C7766,(none),,2023.1,no jpg anywhere,data/xmp/result-2023/raw/2023.1/2023-05-09 富春山居/_Z9C7766.xmp
no_jpg,2023,2023.1,2023-05-09 富春山居,_Z9C7770,(none),,2023.1,no jpg anywhere,data/xmp/result-2023/raw/2023.1/2023-05-09 富春山居/_Z9C7770.xmp
no_jpg,2023,2023.1,2023-05-09 富春山居,_Z9C7771,(none),,2023.1,no jpg anywhere,data/xmp/result-2023/raw/2023.1/2023-05-09 富春山居/_Z9C7771.xmp
no_jpg,2023,2023.1,2023-05-09 富春山居,_Z9C7772,(none),,2023.1,no jpg anywhere,data/xmp/result-2023/raw/2023.1/2023-05-09 富春山居/_Z9C7772.xmp
no_jpg,2023,2023.1,2023-05-09 富春山居,_Z9C7776,(none),,2023.1,no jpg anywhere,data/xmp/result-2023/raw/2023.1/2023-05-09 富春山居/_Z9C7776.xmp
no_jpg,2023,2023.1,2023-05-09 富春山居,_Z9C7779,(none),,2023.1,no jpg anywhere,data/xmp/result-2023/raw/2023.1/2023-05-09 富春山居/_Z9C7779.xmp
no_jpg,2023,2023.1,2023-05-09 富春山居,_Z9C7785,(none),,2023.1,no jpg anywhere,data/xmp/result-2023/raw/2023.1/2023-05-09 富春山居/_Z9C7785.xmp
no_jpg,2023,2023.1,2023-05-09 富春山居,_Z9C7787,(none),,2023.1,no jpg anywhere,data/xmp/result-2023/raw/2023.1/2023-05-09 富春山居/_Z9C7787.xmp
no_jpg,2023,2023.1,2023-05-09 富春山居,_Z9C7789,(none),,2023.1,no jpg anywhere,data/xmp/result-2023/raw/2023.1/2023-05-09 富春山居/_Z9C7789.xmp
no_jpg,2023,2023.1,2023-05-09 富春山居,_Z9C7792,(none),,2023.1,no jpg anywhere,data/xmp/result-2023/raw/2023.1/2023-05-09 富春山居/_Z9C7792.xmp
no_jpg,2023,2023.1,2023-05-09 富春山居,_Z9C7795,(none),,2023.1,no jpg anywhere,data/xmp/result-2023/raw/2023.1/2023-05-09 富春山居/_Z9C7795.xmp
no_jpg,2023,2023.1,2023-05-09 富春山居,_Z9C7796,(none),,2023.1,no jpg anywhere,data/xmp/result-2023/raw/2023.1/2023-05-09 富春山居/_Z9C7796.xmp
no_jpg,2023,2023.1,2023-05-09 富春山居 旅拍,IMG_3230,(none),,2023.1,no jpg anywhere,data/xmp/result-2023/raw/2023.1/2023-05-09 富春山居 旅拍/IMG_3230.xmp
no_jpg,2023,2023.1,2023-05-09 富春山居 旅拍,IMG_3238,(none),,2023.1,no jpg anywhere,data/xmp/result-2023/raw/2023.1/2023-05-09 富春山居 旅拍/IMG_3238.xmp
no_jpg,2023,2023.1,2023-05-09 富春山居 旅拍,IMG_3241,(none),,2023.1,no jpg anywhere,data/xmp/result-2023/raw/2023.1/2023-05-09 富春山居 旅拍/IMG_3241.xmp
no_jpg,2023,2023.1,2023-05-09 富春山居 旅拍,IMG_3245,(none),,2023.1,no jpg anywhere,data/xmp/result-2023/raw/2023.1/2023-05-09 富春山居 旅拍/IMG_3245.xmp
no_jpg,2023,2023.1,2023-05-09 富春山居 旅拍,IMG_3252,(none),,2023.1,no jpg anywhere,data/xmp/result-2023/raw/2023.1/2023-05-09 富春山居 旅拍/IMG_3252.xmp
no_jpg,2023,2023.1,2023-05-09 富春山居 旅拍,IMG_3253,(none),,2023.1,no jpg anywhere,data/xmp/result-2023/raw/2023.1/2023-05-09 富春山居 旅拍/IMG_3253.xmp
no_jpg,2023,2023.1,2023-05-13 苏州 平江路,_V9A1042,(none),,2023.1,no jpg anywhere,data/xmp/result-2023/raw/2023.1/2023-05-13 苏州 平江路/_V9A1042.xmp
no_jpg,2023,2023.1,2023-05-13 苏州 平江路,_V9A1043,(none),,2023.1,no jpg anywhere,data/xmp/result-2023/raw/2023.1/2023-05-13 苏州 平江路/_V9A1043.xmp
no_jpg,2023,2023.1,2023-05-13 苏州 平江路,_V9A1045,(none),,2023.1,no jpg anywhere,data/xmp/result-2023/raw/2023.1/2023-05-13 苏州 平江路/_V9A1045.xmp
no_jpg,2023,2023.1,2023-05-13 苏州 平江路,_V9A1046,(none),,2023.1,no jpg anywhere,data/xmp/result-2023/raw/2023.1/2023-05-13 苏州 平江路/_V9A1046.xmp
no_jpg,2023,2023.1,2023-05-13 苏州 平江路,_V9A1047,(none),,2023.1,no jpg anywhere,data/xmp/result-2023/raw/2023.1/2023-05-13 苏州 平江路/_V9A1047.xmp
no_jpg,2023,2023.1,2023-05-13 苏州 平江路,_V9A1049,(none),,2023.1,no jpg anywhere,data/xmp/result-2023/raw/2023.1/2023-05-13 苏州 平江路/_V9A1049.xmp
no_jpg,2023,2023.1,2023-05-13 苏州 平江路,_V9A1052,(none),,2023.1,no jpg anywhere,data/xmp/result-2023/raw/2023.1/2023-05-13 苏州 平江路/_V9A1052.xmp
no_jpg,2023,2023.1,2023-05-13 苏州 平江路,_V9A1054,(none),,2023.1,no jpg anywhere,data/xmp/result-2023/raw/2023.1/2023-05-13 苏州 平江路/_V9A1054.xmp
no_jpg,2023,2023.1,2023-05-13 苏州 平江路,_V9A1055,(none),,2023.1,no jpg anywhere,data/xmp/result-2023/raw/2023.1/2023-05-13 苏州 平江路/_V9A1055.xmp
no_jpg,2023,2023.1,2023-05-13 苏州 平江路,_V9A1056,(none),,2023.1,no jpg anywhere,data/xmp/result-2023/raw/2023.1/2023-05-13 苏州 平江路/_V9A1056.xmp
no_jpg,2023,2023.1,2023-05-13 苏州 平江路,_V9A1058,(none),,2023.1,no jpg anywhere,data/xmp/result-2023/raw/2023.1/2023-05-13 苏州 平江路/_V9A1058.xmp
no_jpg,2023,2023.1,2023-05-13 苏州 平江路,_V9A1061,(none),,2023.1,no jpg anywhere,data/xmp/result-2023/raw/2023.1/2023-05-13 苏州 平江路/_V9A1061.xmp
no_jpg,2023,2023.1,2023-05-13 苏州 平江路,_V9A1063,(none),,2023.1,no jpg anywhere,data/xmp/result-2023/raw/2023.1/2023-05-13 苏州 平江路/_V9A1063.xmp
no_jpg,2023,2023.1,2023-05-13 苏州 平江路,_V9A1064,(none),,2023.1,no jpg anywhere,data/xmp/result-2023/raw/2023.1/2023-05-13 苏州 平江路/_V9A1064.xmp
no_jpg,2023,2023.1,2023-05-13 苏州 平江路,_V9A1066,(none),,2023.1,no jpg anywhere,data/xmp/result-2023/raw/2023.1/2023-05-13 苏州 平江路/_V9A1066.xmp
no_jpg,2023,2023.1,2023-05-13 苏州 平江路,_V9A1069,(none),,2023.1,no jpg anywhere,data/xmp/result-2023/raw/2023.1/2023-05-13 苏州 平江路/_V9A1069.xmp
no_jpg,2023,2023.1,2023-05-13 苏州 平江路,_V9A1073,(none),,2023.1,no jpg anywhere,data/xmp/result-2023/raw/2023.1/2023-05-13 苏州 平江路/_V9A1073.xmp
no_jpg,2023,2023.1,2023-05-13 苏州 平江路,_V9A1076,(none),,2023.1,no jpg anywhere,data/xmp/result-2023/raw/2023.1/2023-05-13 苏州 平江路/_V9A1076.xmp
no_jpg,2023,2023.1,2023-05-13 苏州 平江路,_V9A1078,(none),,2023.1,no jpg anywhere,data/xmp/result-2023/raw/2023.1/2023-05-13 苏州 平江路/_V9A1078.xmp
no_jpg,2023,2023.1,2023-05-13 苏州 平江路,_V9A1081,(none),,2023.1,no jpg anywhere,data/xmp/result-2023/raw/2023.1/2023-05-13 苏州 平江路/_V9A1081.xmp
no_jpg,2023,2023.1,2023-05-13 苏州 平江路,_V9A1082,(none),,2023.1,no jpg anywhere,data/xmp/result-2023/raw/2023.1/2023-05-13 苏州 平江路/_V9A1082.xmp
no_jpg,2023,2023.1,2023-05-13 苏州 平江路,_V9A1085,(none),,2023.1,no jpg anywhere,data/xmp/result-2023/raw/2023.1/2023-05-13 苏州 平江路/_V9A1085.xmp
no_jpg,2023,2023.1,2023-05-13 苏州 平江路,_V9A1092,(none),,2023.1,no jpg anywhere,data/xmp/result-2023/raw/2023.1/2023-05-13 苏州 平江路/_V9A1092.xmp
no_jpg,2023,2023.1,2023-05-13 苏州 平江路,_V9A1094,(none),,2023.1,no jpg anywhere,data/xmp/result-2023/raw/2023.1/2023-05-13 苏州 平江路/_V9A1094.xmp
no_jpg,2023,2023.1,2023-05-13 苏州 平江路,_V9A1096,(none),,2023.1,no jpg anywhere,data/xmp/result-2023/raw/2023.1/2023-05-13 苏州 平江路/_V9A1096.xmp
no_jpg,2023,2023.1,2023-05-13 苏州 平江路,_V9A1099,(none),,2023.1,no jpg anywhere,data/xmp/result-2023/raw/2023.1/2023-05-13 苏州 平江路/_V9A1099.xmp
no_jpg,2023,2023.1,2023-05-13 苏州 平江路,_V9A1101,(none),,2023.1,no jpg anywhere,data/xmp/result-2023/raw/2023.1/2023-05-13 苏州 平江路/_V9A1101.xmp
no_jpg,2023,2023.1,2023-05-13 苏州 平江路,_V9A1105,(none),,2023.1,no jpg anywhere,data/xmp/result-2023/raw/2023.1/2023-05-13 苏州 平江路/_V9A1105.xmp
no_jpg,2023,2023.1,2023-05-13 苏州 平江路,_V9A1108,(none),,2023.1,no jpg anywhere,data/xmp/result-2023/raw/2023.1/2023-05-13 苏州 平江路/_V9A1108.xmp
no_jpg,2023,2023.1,2023-05-13 苏州 平江路,_V9A1109,(none),,2023.1,no jpg anywhere,data/xmp/result-2023/raw/2023.1/2023-05-13 苏州 平江路/_V9A1109.xmp
no_jpg,2023,2023.1,2023-05-13 苏州 平江路,_V9A1114,(none),,2023.1,no jpg anywhere,data/xmp/result-2023/raw/2023.1/2023-05-13 苏州 平江路/_V9A1114.xmp
no_jpg,2023,2023.1,2023-05-13 苏州 平江路,_V9A1116,(none),,2023.1,no jpg anywhere,data/xmp/result-2023/raw/2023.1/2023-05-13 苏州 平江路/_V9A1116.xmp
no_jpg,2023,2023.1,2023-05-13 苏州 平江路,_V9A1118,(none),,2023.1,no jpg anywhere,data/xmp/result-2023/raw/2023.1/2023-05-13 苏州 平江路/_V9A1118.xmp
no_jpg,2023,2023.1,2023-05-13 苏州 平江路,_V9A1120,(none),,2023.1,no jpg anywhere,data/xmp/result-2023/raw/2023.1/2023-05-13 苏州 平江路/_V9A1120.xmp
no_jpg,2023,2023.1,2023-05-13 苏州 平江路,_V9A1121,(none),,2023.1,no jpg anywhere,data/xmp/result-2023/raw/2023.1/2023-05-13 苏州 平江路/_V9A1121.xmp
no_jpg,2023,2023.1,2023-05-13 苏州 平江路,_V9A1122,(none),,2023.1,no jpg anywhere,data/xmp/result-2023/raw/2023.1/2023-05-13 苏州 平江路/_V9A1122.xmp
no_jpg,2023,2023.1,2023-05-21 自行车赛,_Z9C8013,(none),,2023.1,no jpg anywhere,data/xmp/result-2023/raw/2023.1/2023-05-21 自行车赛/_Z9C8013.xmp
no_jpg,2023,2023.1,2023-05-21 自行车赛,_Z9C8070,(none),,2023.1,no jpg anywhere,data/xmp/result-2023/raw/2023.1/2023-05-21 自行车赛/_Z9C8070.xmp
no_jpg,2023,2023.1,2023-05-21 自行车赛,_Z9C8261,(none),,2023.1,no jpg anywhere,data/xmp/result-2023/raw/2023.1/2023-05-21 自行车赛/_Z9C8261.xmp
no_jpg,2023,2023.1,2023-05-21 自行车赛,_Z9C8315,(none),,2023.1,no jpg anywhere,data/xmp/result-2023/raw/2023.1/2023-05-21 自行车赛/_Z9C8315.xmp
no_jpg,2023,2023.1,2023-05-21 自行车赛,_Z9C8739,(none),,2023.1,no jpg anywhere,data/xmp/result-2023/raw/2023.1/2023-05-21 自行车赛/_Z9C8739.xmp
no_jpg,2023,2023.1,2023-05-21 自行车赛,_Z9C8769,(none),,2023.1,no jpg anywhere,data/xmp/result-2023/raw/2023.1/2023-05-21 自行车赛/_Z9C8769.xmp
no_jpg,2023,2023.1,2023-05-21 自行车赛,_Z9C8788,(none),,2023.1,no jpg anywhere,data/xmp/result-2023/raw/2023.1/2023-05-21 自行车赛/_Z9C8788.xmp
no_jpg,2023,2023.1,2023-05-21 自行车赛,_Z9C8827,(none),,2023.1,no jpg anywhere,data/xmp/result-2023/raw/2023.1/2023-05-21 自行车赛/_Z9C8827.xmp
no_jpg,2023,2023.1,2023-05-21 自行车赛,_Z9C8906,(none),,2023.1,no jpg anywhere,data/xmp/result-2023/raw/2023.1/2023-05-21 自行车赛/_Z9C8906.xmp
no_jpg,2023,2023.1,2023-06-06 一尺花园,_Z9C9062,(none),,2023.1,no jpg anywhere,data/xmp/result-2023/raw/2023.1/2023-06-06 一尺花园/_Z9C9062.xmp
no_jpg,2023,2023.1,2023-06-06 一尺花园,_Z9C9069,(none),,2023.1,no jpg anywhere,data/xmp/result-2023/raw/2023.1/2023-06-06 一尺花园/_Z9C9069.xmp
no_jpg,2023,2023.1,2023-06-06 一尺花园,_Z9C9071,(none),,2023.1,no jpg anywhere,data/xmp/result-2023/raw/2023.1/2023-06-06 一尺花园/_Z9C9071.xmp
no_jpg,2023,2023.1,2023-06-06 一尺花园,_Z9C9086,(none),,2023.1,no jpg anywhere,data/xmp/result-2023/raw/2023.1/2023-06-06 一尺花园/_Z9C9086.xmp
no_jpg,2023,2023.1,2023-06-06 一尺花园,_Z9C9089,(none),,2023.1,no jpg anywhere,data/xmp/result-2023/raw/2023.1/2023-06-06 一尺花园/_Z9C9089.xmp
no_jpg,2023,2023.1,2023-06-06 一尺花园,_Z9C9104,(none),,2023.1,no jpg anywhere,data/xmp/result-2023/raw/2023.1/2023-06-06 一尺花园/_Z9C9104.xmp
no_jpg,2023,2023.1,2023-06-06 一尺花园,_Z9C9129,(none),,2023.1,no jpg anywhere,data/xmp/result-2023/raw/2023.1/2023-06-06 一尺花园/_Z9C9129.xmp
no_jpg,2023,2023.1,2023-06-06 一尺花园,_Z9C9132,(none),,2023.1,no jpg anywhere,data/xmp/result-2023/raw/2023.1/2023-06-06 一尺花园/_Z9C9132.xmp
no_jpg,2023,2023.1,2023-06-06 一尺花园,_Z9C9139,(none),,2023.1,no jpg anywhere,data/xmp/result-2023/raw/2023.1/2023-06-06 一尺花园/_Z9C9139.xmp
no_jpg,2023,2023.1,2023-06-06 一尺花园,_Z9C9142,(none),,2023.1,no jpg anywhere,data/xmp/result-2023/raw/2023.1/2023-06-06 一尺花园/_Z9C9142.xmp
no_jpg,2023,2023.1,2023-06-06 一尺花园,_Z9C9147,(none),,2023.1,no jpg anywhere,data/xmp/result-2023/raw/2023.1/2023-06-06 一尺花园/_Z9C9147.xmp
no_jpg,2023,2023.1,2023-06-06 一尺花园,_Z9C9149,(none),,2023.1,no jpg anywhere,data/xmp/result-2023/raw/2023.1/2023-06-06 一尺花园/_Z9C9149.xmp
no_jpg,2023,2023.1,2023-06-06 一尺花园,_Z9C9150,(none),,2023.1,no jpg anywhere,data/xmp/result-2023/raw/2023.1/2023-06-06 一尺花园/_Z9C9150.xmp
no_jpg,2023,2023.1,2023-06-06 一尺花园,_Z9C9157,(none),,2023.1,no jpg anywhere,data/xmp/result-2023/raw/2023.1/2023-06-06 一尺花园/_Z9C9157.xmp
no_jpg,2023,2023.1,2023-06-06 一尺花园,_Z9C9160,(none),,2023.1,no jpg anywhere,data/xmp/result-2023/raw/2023.1/2023-06-06 一尺花园/_Z9C9160.xmp
no_jpg,2023,2023.1,2023-06-06 一尺花园,_Z9C9173,(none),,2023.1,no jpg anywhere,data/xmp/result-2023/raw/2023.1/2023-06-06 一尺花园/_Z9C9173.xmp
no_jpg,2023,2023.1,2023-06-06 一尺花园,_Z9C9181,(none),,2023.1,no jpg anywhere,data/xmp/result-2023/raw/2023.1/2023-06-06 一尺花园/_Z9C9181.xmp
no_jpg,2023,2023.1,2023-06-06 一尺花园,_Z9C9189,(none),,2023.1,no jpg anywhere,data/xmp/result-2023/raw/2023.1/2023-06-06 一尺花园/_Z9C9189.xmp
no_jpg,2023,2023.1,2023-06-06 一尺花园,_Z9C9190,(none),,2023.1,no jpg anywhere,data/xmp/result-2023/raw/2023.1/2023-06-06 一尺花园/_Z9C9190.xmp
no_jpg,2023,2023.1,2023-06-10 普陀山,_Z9C9227,(none),,2023.1,no jpg anywhere,data/xmp/result-2023/raw/2023.1/2023-06-10 普陀山/_Z9C9227.xmp
no_jpg,2023,2023.1,2023-06-10 普陀山,_Z9C9234,(none),,2023.1,no jpg anywhere,data/xmp/result-2023/raw/2023.1/2023-06-10 普陀山/_Z9C9234.xmp
no_jpg,2023,2023.1,2023-06-10 普陀山,_Z9C9279,(none),,2023.1,no jpg anywhere,data/xmp/result-2023/raw/2023.1/2023-06-10 普陀山/_Z9C9279.xmp
no_jpg,2023,2023.1,2023-06-10 普陀山,_Z9C9291,(none),,2023.1,no jpg anywhere,data/xmp/result-2023/raw/2023.1/2023-06-10 普陀山/_Z9C9291.xmp
no_jpg,2023,2023.1,2023-06-10 普陀山,_Z9C9305,(none),,2023.1,no jpg anywhere,data/xmp/result-2023/raw/2023.1/2023-06-10 普陀山/_Z9C9305.xmp
no_jpg,2023,2023.1,2023-06-10 普陀山,_Z9C9310,(none),,2023.1,no jpg anywhere,data/xmp/result-2023/raw/2023.1/2023-06-10 普陀山/_Z9C9310.xmp
no_jpg,2023,2023.1,2023-06-10 普陀山,_Z9C9312,(none),,2023.1,no jpg anywhere,data/xmp/result-2023/raw/2023.1/2023-06-10 普陀山/_Z9C9312.xmp
no_jpg,2023,2023.1,2023-06-10 普陀山,_Z9C9345,(none),,2023.1,no jpg anywhere,data/xmp/result-2023/raw/2023.1/2023-06-10 普陀山/_Z9C9345.xmp
no_jpg,2023,2023.1,2023-06-10 普陀山,_Z9C9348,(none),,2023.1,no jpg anywhere,data/xmp/result-2023/raw/2023.1/2023-06-10 普陀山/_Z9C9348.xmp
no_jpg,2023,2023.1,2023-06-10 普陀山,_Z9C9358,(none),,2023.1,no jpg anywhere,data/xmp/result-2023/raw/2023.1/2023-06-10 普陀山/_Z9C9358.xmp
no_jpg,2023,2023.1,2023-06-10 普陀山,_Z9C9373,(none),,2023.1,no jpg anywhere,data/xmp/result-2023/raw/2023.1/2023-06-10 普陀山/_Z9C9373.xmp
no_jpg,2023,2023.1,2023-06-10 普陀山,_Z9C9374,(none),,2023.1,no jpg anywhere,data/xmp/result-2023/raw/2023.1/2023-06-10 普陀山/_Z9C9374.xmp
no_jpg,2023,2023.1,2023-06-10 普陀山,_Z9C9376,(none),,2023.1,no jpg anywhere,data/xmp/result-2023/raw/2023.1/2023-06-10 普陀山/_Z9C9376.xmp
no_jpg,2023,2023.1,2023-06-10 普陀山,_Z9C9377,(none),,2023.1,no jpg anywhere,data/xmp/result-2023/raw/2023.1/2023-06-10 普陀山/_Z9C9377.xmp
no_jpg,2023,2023.1,2023-06-10 普陀山,_Z9C9378,(none),,2023.1,no jpg anywhere,data/xmp/result-2023/raw/2023.1/2023-06-10 普陀山/_Z9C9378.xmp
no_jpg,2023,2023.1,2023-06-10 普陀山,_Z9C9380,(none),,2023.1,no jpg anywhere,data/xmp/result-2023/raw/2023.1/2023-06-10 普陀山/_Z9C9380.xmp
no_jpg,2023,2023.1,2023-06-10 普陀山,_Z9C9381,(none),,2023.1,no jpg anywhere,data/xmp/result-2023/raw/2023.1/2023-06-10 普陀山/_Z9C9381.xmp
no_jpg,2023,2023.1,2023-06-10 普陀山,_Z9C9383,(none),,2023.1,no jpg anywhere,data/xmp/result-2023/raw/2023.1/2023-06-10 普陀山/_Z9C9383.xmp
no_jpg,2023,2023.1,2023-06-10 普陀山,_Z9C9384,(none),,2023.1,no jpg anywhere,data/xmp/result-2023/raw/2023.1/2023-06-10 普陀山/_Z9C9384.xmp
no_jpg,2023,2023.1,2023-06-10 普陀山,_Z9C9391,(none),,2023.1,no jpg anywhere,data/xmp/result-2023/raw/2023.1/2023-06-10 普陀山/_Z9C9391.xmp
no_jpg,2023,2023.1,2023-06-10 普陀山,_Z9C9395,(none),,2023.1,no jpg anywhere,data/xmp/result-2023/raw/2023.1/2023-06-10 普陀山/_Z9C9395.xmp
no_jpg,2023,2023.1,2023-06-10 普陀山,_Z9C9398,(none),,2023.1,no jpg anywhere,data/xmp/result-2023/raw/2023.1/2023-06-10 普陀山/_Z9C9398.xmp
no_jpg,2023,2023.1,2023-06-10 普陀山,_Z9C9406,(none),,2023.1,no jpg anywhere,data/xmp/result-2023/raw/2023.1/2023-06-10 普陀山/_Z9C9406.xmp
no_jpg,2023,2023.1,2023-06-10 普陀山,_Z9C9408,(none),,2023.1,no jpg anywhere,data/xmp/result-2023/raw/2023.1/2023-06-10 普陀山/_Z9C9408.xmp
no_jpg,2023,2023.1,2023-06-10 普陀山,_Z9C9416,(none),,2023.1,no jpg anywhere,data/xmp/result-2023/raw/2023.1/2023-06-10 普陀山/_Z9C9416.xmp
no_jpg,2023,2023.1,2023-06-10 普陀山,_Z9C9420,(none),,2023.1,no jpg anywhere,data/xmp/result-2023/raw/2023.1/2023-06-10 普陀山/_Z9C9420.xmp
no_jpg,2023,2023.1,2023-06-10 普陀山,_Z9C9426,(none),,2023.1,no jpg anywhere,data/xmp/result-2023/raw/2023.1/2023-06-10 普陀山/_Z9C9426.xmp
no_jpg,2023,2023.1,2023-06-10 普陀山,_Z9C9428,(none),,2023.1,no jpg anywhere,data/xmp/result-2023/raw/2023.1/2023-06-10 普陀山/_Z9C9428.xmp
no_jpg,2023,2023.1,2023-06-10 普陀山,_Z9C9437,(none),,2023.1,no jpg anywhere,data/xmp/result-2023/raw/2023.1/2023-06-10 普陀山/_Z9C9437.xmp
no_jpg,2023,2023.1,2023-06-11 宁波,_Z9C9443,(none),,2023.1,no jpg anywhere,data/xmp/result-2023/raw/2023.1/2023-06-11 宁波/_Z9C9443.xmp
no_jpg,2023,2023.1,2023-06-11 宁波,_Z9C9448,(none),,2023.1,no jpg anywhere,data/xmp/result-2023/raw/2023.1/2023-06-11 宁波/_Z9C9448.xmp
no_jpg,2023,2023.1,2023-06-11 宁波,_Z9C9454,(none),,2023.1,no jpg anywhere,data/xmp/result-2023/raw/2023.1/2023-06-11 宁波/_Z9C9454.xmp
no_jpg,2023,2023.1,2023-06-11 宁波,_Z9C9455,(none),,2023.1,no jpg anywhere,data/xmp/result-2023/raw/2023.1/2023-06-11 宁波/_Z9C9455.xmp
no_jpg,2023,2023.1,2023-06-11 宁波,_Z9C9456,(none),,2023.1,no jpg anywhere,data/xmp/result-2023/raw/2023.1/2023-06-11 宁波/_Z9C9456.xmp
no_jpg,2023,2023.1,2023-06-11 宁波,_Z9C9458,(none),,2023.1,no jpg anywhere,data/xmp/result-2023/raw/2023.1/2023-06-11 宁波/_Z9C9458.xmp
no_jpg,2023,2023.1,2023-06-11 宁波,_Z9C9459,(none),,2023.1,no jpg anywhere,data/xmp/result-2023/raw/2023.1/2023-06-11 宁波/_Z9C9459.xmp
no_jpg,2023,2023.1,2023-06-11 宁波,_Z9C9469,(none),,2023.1,no jpg anywhere,data/xmp/result-2023/raw/2023.1/2023-06-11 宁波/_Z9C9469.xmp
no_jpg,2023,2023.1,2023-06-11 宁波,_Z9C9472,(none),,2023.1,no jpg anywhere,data/xmp/result-2023/raw/2023.1/2023-06-11 宁波/_Z9C9472.xmp
no_jpg,2023,2023.1,2023-06-11 宁波,_Z9C9473,(none),,2023.1,no jpg anywhere,data/xmp/result-2023/raw/2023.1/2023-06-11 宁波/_Z9C9473.xmp
no_jpg,2023,2023.1,2023-06-11 宁波,_Z9C9474,(none),,2023.1,no jpg anywhere,data/xmp/result-2023/raw/2023.1/2023-06-11 宁波/_Z9C9474.xmp
no_jpg,2023,2023.1,2023-06-11 宁波,_Z9C9475,(none),,2023.1,no jpg anywhere,data/xmp/result-2023/raw/2023.1/2023-06-11 宁波/_Z9C9475.xmp
no_jpg,2023,2023.1,2023-06-11 宁波,_Z9C9498,(none),,2023.1,no jpg anywhere,data/xmp/result-2023/raw/2023.1/2023-06-11 宁波/_Z9C9498.xmp
no_jpg,2023,2023.1,2023-06-11 宁波,_Z9C9504,(none),,2023.1,no jpg anywhere,data/xmp/result-2023/raw/2023.1/2023-06-11 宁波/_Z9C9504.xmp
no_jpg,2023,2023.1,2023-06-11 宁波,_Z9C9510,(none),,2023.1,no jpg anywhere,data/xmp/result-2023/raw/2023.1/2023-06-11 宁波/_Z9C9510.xmp
no_jpg,2023,2023.1,2023-06-11 宁波,_Z9C9512,(none),,2023.1,no jpg anywhere,data/xmp/result-2023/raw/2023.1/2023-06-11 宁波/_Z9C9512.xmp
no_jpg,2023,2023.1,2023-06-11 宁波,_Z9C9517,(none),,2023.1,no jpg anywhere,data/xmp/result-2023/raw/2023.1/2023-06-11 宁波/_Z9C9517.xmp
no_jpg,2023,2023.1,2023-06-11 宁波,_Z9C9530,(none),,2023.1,no jpg anywhere,data/xmp/result-2023/raw/2023.1/2023-06-11 宁波/_Z9C9530.xmp
no_jpg,2023,2023.1,2023-06-11 宁波,_Z9C9532,(none),,2023.1,no jpg anywhere,data/xmp/result-2023/raw/2023.1/2023-06-11 宁波/_Z9C9532.xmp
no_jpg,2023,2023.1,2023-06-11 月湖夜景,_Z9C9538,(none),,2023.1,no jpg anywhere,data/xmp/result-2023/raw/2023.1/2023-06-11 月湖夜景/_Z9C9538.xmp
no_jpg,2023,2023.1,2023-06-11 月湖夜景,_Z9C9552,(none),,2023.1,no jpg anywhere,data/xmp/result-2023/raw/2023.1/2023-06-11 月湖夜景/_Z9C9552.xmp
no_jpg,2023,2023.1,2023-06-11 月湖夜景,_Z9C9553,(none),,2023.1,no jpg anywhere,data/xmp/result-2023/raw/2023.1/2023-06-11 月湖夜景/_Z9C9553.xmp
no_jpg,2023,2023.1,2023-06-11 月湖夜景,_Z9C9559,(none),,2023.1,no jpg anywhere,data/xmp/result-2023/raw/2023.1/2023-06-11 月湖夜景/_Z9C9559.xmp
no_jpg,2023,2023.1,2023-06-11 月湖夜景,_Z9C9582,(none),,2023.1,no jpg anywhere,data/xmp/result-2023/raw/2023.1/2023-06-11 月湖夜景/_Z9C9582.xmp
no_jpg,2023,2023.1,2023-06-11 月湖夜景,_Z9C9601,(none),,2023.1,no jpg anywhere,data/xmp/result-2023/raw/2023.1/2023-06-11 月湖夜景/_Z9C9601.xmp
no_jpg,2023,2023.1,2023-06-11 月湖夜景,_Z9C9614,(none),,2023.1,no jpg anywhere,data/xmp/result-2023/raw/2023.1/2023-06-11 月湖夜景/_Z9C9614.xmp
no_jpg,2023,2023.1,2023-06-11 月湖夜景,_Z9C9621,(none),,2023.1,no jpg anywhere,data/xmp/result-2023/raw/2023.1/2023-06-11 月湖夜景/_Z9C9621.xmp
no_jpg,2023,2023.1,2023-06-11 月湖夜景,_Z9C9622,(none),,2023.1,no jpg anywhere,data/xmp/result-2023/raw/2023.1/2023-06-11 月湖夜景/_Z9C9622.xmp
no_jpg,2023,2023.1,2023-06-11 月湖夜景,_Z9C9626,(none),,2023.1,no jpg anywhere,data/xmp/result-2023/raw/2023.1/2023-06-11 月湖夜景/_Z9C9626.xmp
no_jpg,2023,2023.1,2023-06-11 月湖夜景,_Z9C9628,(none),,2023.1,no jpg anywhere,data/xmp/result-2023/raw/2023.1/2023-06-11 月湖夜景/_Z9C9628.xmp
no_jpg,2023,2023.1,2023-06-11 月湖夜景,_Z9C9631,(none),,2023.1,no jpg anywhere,data/xmp/result-2023/raw/2023.1/2023-06-11 月湖夜景/_Z9C9631.xmp
no_jpg,2023,2023.1,2023-06-11 月湖夜景,_Z9C9633,(none),,2023.1,no jpg anywhere,data/xmp/result-2023/raw/2023.1/2023-06-11 月湖夜景/_Z9C9633.xmp
no_jpg,2023,2023.1,2023-06-11 月湖夜景,_Z9C9635,(none),,2023.1,no jpg anywhere,data/xmp/result-2023/raw/2023.1/2023-06-11 月湖夜景/_Z9C9635.xmp
no_jpg,2023,2023.1,2023-06-11 月湖夜景,_Z9C9641,(none),,2023.1,no jpg anywhere,data/xmp/result-2023/raw/2023.1/2023-06-11 月湖夜景/_Z9C9641.xmp
no_jpg,2023,2023.1,2023-06-11 月湖夜景,_Z9C9645,(none),,2023.1,no jpg anywhere,data/xmp/result-2023/raw/2023.1/2023-06-11 月湖夜景/_Z9C9645.xmp
no_jpg,2023,2023.1,2023-06-11 月湖夜景,_Z9C9647,(none),,2023.1,no jpg anywhere,data/xmp/result-2023/raw/2023.1/2023-06-11 月湖夜景/_Z9C9647.xmp
no_jpg,2023,2023.1,2023-06-11 月湖夜景,_Z9C9648,(none),,2023.1,no jpg anywhere,data/xmp/result-2023/raw/2023.1/2023-06-11 月湖夜景/_Z9C9648.xmp
no_jpg,2023,2023.1,2023-06-11 月湖夜景,_Z9C9649,(none),,2023.1,no jpg anywhere,data/xmp/result-2023/raw/2023.1/2023-06-11 月湖夜景/_Z9C9649.xmp
no_jpg,2023,2023.1,2023-06-11 月湖夜景,_Z9C9655,(none),,2023.1,no jpg anywhere,data/xmp/result-2023/raw/2023.1/2023-06-11 月湖夜景/_Z9C9655.xmp
no_jpg,2023,2023.1,2023-06-11 月湖夜景,_Z9C9659,(none),,2023.1,no jpg anywhere,data/xmp/result-2023/raw/2023.1/2023-06-11 月湖夜景/_Z9C9659.xmp
no_jpg,2023,2023.1,2023-06-11 月湖夜景,_Z9C9663,(none),,2023.1,no jpg anywhere,data/xmp/result-2023/raw/2023.1/2023-06-11 月湖夜景/_Z9C9663.xmp
no_jpg,2023,2023.1,2023-06-11 月湖夜景,_Z9C9665,(none),,2023.1,no jpg anywhere,data/xmp/result-2023/raw/2023.1/2023-06-11 月湖夜景/_Z9C9665.xmp
no_jpg,2023,2023.1,2023-06-11 月湖夜景,_Z9C9666,(none),,2023.1,no jpg anywhere,data/xmp/result-2023/raw/2023.1/2023-06-11 月湖夜景/_Z9C9666.xmp
no_jpg,2023,2023.1,2023-06-11 月湖夜景,_Z9C9675,(none),,2023.1,no jpg anywhere,data/xmp/result-2023/raw/2023.1/2023-06-11 月湖夜景/_Z9C9675.xmp
no_jpg,2023,2023.1,2023-06-11 月湖夜景,_Z9C9680,(none),,2023.1,no jpg anywhere,data/xmp/result-2023/raw/2023.1/2023-06-11 月湖夜景/_Z9C9680.xmp
no_jpg,2023,2023.1,2023-06-11 月湖夜景,_Z9C9683,(none),,2023.1,no jpg anywhere,data/xmp/result-2023/raw/2023.1/2023-06-11 月湖夜景/_Z9C9683.xmp
no_jpg,2023,2023.1,2023-06-11 月湖夜景,_Z9C9685,(none),,2023.1,no jpg anywhere,data/xmp/result-2023/raw/2023.1/2023-06-11 月湖夜景/_Z9C9685.xmp
no_jpg,2023,2023.1,2023-06-11 月湖夜景,_Z9C9697,(none),,2023.1,no jpg anywhere,data/xmp/result-2023/raw/2023.1/2023-06-11 月湖夜景/_Z9C9697.xmp
no_jpg,2023,2023.1,2023-06-12 月湖,_Z9C9702,(none),,2023.1,no jpg anywhere,data/xmp/result-2023/raw/2023.1/2023-06-12 月湖/_Z9C9702.xmp
no_jpg,2023,2023.1,2023-06-12 月湖,_Z9C9709,(none),,2023.1,no jpg anywhere,data/xmp/result-2023/raw/2023.1/2023-06-12 月湖/_Z9C9709.xmp
no_jpg,2023,2023.1,2023-06-12 月湖,_Z9C9714,(none),,2023.1,no jpg anywhere,data/xmp/result-2023/raw/2023.1/2023-06-12 月湖/_Z9C9714.xmp
no_jpg,2023,2023.1,2023-06-12 月湖,_Z9C9723,(none),,2023.1,no jpg anywhere,data/xmp/result-2023/raw/2023.1/2023-06-12 月湖/_Z9C9723.xmp
no_jpg,2023,2023.1,2023-08-17 Muir & Sausalito Tour,_Z9C9763,(none),,2023.1,no jpg anywhere,data/xmp/result-2023/raw/2023.1/2023-08-17 Muir & Sausalito Tour/_Z9C9763.xmp
no_jpg,2023,2023.1,2023-08-17 Muir & Sausalito Tour,_Z9C9773,(none),,2023.1,no jpg anywhere,data/xmp/result-2023/raw/2023.1/2023-08-17 Muir & Sausalito Tour/_Z9C9773.xmp
no_jpg,2023,2023.1,2023-08-17 Muir & Sausalito Tour,_Z9C9777,(none),,2023.1,no jpg anywhere,data/xmp/result-2023/raw/2023.1/2023-08-17 Muir & Sausalito Tour/_Z9C9777.xmp
no_jpg,2023,2023.1,2023-08-17 Muir & Sausalito Tour,_Z9C9782,(none),,2023.1,no jpg anywhere,data/xmp/result-2023/raw/2023.1/2023-08-17 Muir & Sausalito Tour/_Z9C9782.xmp
no_jpg,2023,2023.1,2023-08-17 Muir & Sausalito Tour,_Z9C9801,(none),,2023.1,no jpg anywhere,data/xmp/result-2023/raw/2023.1/2023-08-17 Muir & Sausalito Tour/_Z9C9801.xmp
no_jpg,2023,2023.1,2023-08-17 Muir & Sausalito Tour,_Z9C9806,(none),,2023.1,no jpg anywhere,data/xmp/result-2023/raw/2023.1/2023-08-17 Muir & Sausalito Tour/_Z9C9806.xmp
no_jpg,2023,2023.1,2023-08-17 Muir & Sausalito Tour,_Z9C9807,(none),,2023.1,no jpg anywhere,data/xmp/result-2023/raw/2023.1/2023-08-17 Muir & Sausalito Tour/_Z9C9807.xmp
no_jpg,2023,2023.1,2023-08-17 Muir & Sausalito Tour,_Z9C9808,(none),,2023.1,no jpg anywhere,data/xmp/result-2023/raw/2023.1/2023-08-17 Muir & Sausalito Tour/_Z9C9808.xmp
no_jpg,2023,2023.1,2023-08-17 Muir & Sausalito Tour,_Z9C9812,(none),,2023.1,no jpg anywhere,data/xmp/result-2023/raw/2023.1/2023-08-17 Muir & Sausalito Tour/_Z9C9812.xmp
no_jpg,2023,2023.1,2023-08-17 Muir & Sausalito Tour,_Z9C9813,(none),,2023.1,no jpg anywhere,data/xmp/result-2023/raw/2023.1/2023-08-17 Muir & Sausalito Tour/_Z9C9813.xmp
no_jpg,2023,2023.1,2023-08-17 Muir & Sausalito Tour,_Z9C9819,(none),,2023.1,no jpg anywhere,data/xmp/result-2023/raw/2023.1/2023-08-17 Muir & Sausalito Tour/_Z9C9819.xmp
no_jpg,2023,2023.1,2023-08-17 Muir & Sausalito Tour,_Z9C9821,(none),,2023.1,no jpg anywhere,data/xmp/result-2023/raw/2023.1/2023-08-17 Muir & Sausalito Tour/_Z9C9821.xmp
no_jpg,2023,2023.1,2023-08-17 Muir & Sausalito Tour,_Z9C9831,(none),,2023.1,no jpg anywhere,data/xmp/result-2023/raw/2023.1/2023-08-17 Muir & Sausalito Tour/_Z9C9831.xmp
no_jpg,2023,2023.1,2023-08-17 Muir & Sausalito Tour,_Z9C9837,(none),,2023.1,no jpg anywhere,data/xmp/result-2023/raw/2023.1/2023-08-17 Muir & Sausalito Tour/_Z9C9837.xmp
no_jpg,2023,2023.1,2023-08-17 Muir & Sausalito Tour,_Z9C9838,(none),,2023.1,no jpg anywhere,data/xmp/result-2023/raw/2023.1/2023-08-17 Muir & Sausalito Tour/_Z9C9838.xmp
no_jpg,2023,2023.1,2023-08-17 Muir & Sausalito Tour,_Z9C9844,(none),,2023.1,no jpg anywhere,data/xmp/result-2023/raw/2023.1/2023-08-17 Muir & Sausalito Tour/_Z9C9844.xmp
no_jpg,2023,2023.1,2023-08-17 Muir & Sausalito Tour,_Z9C9848,(none),,2023.1,no jpg anywhere,data/xmp/result-2023/raw/2023.1/2023-08-17 Muir & Sausalito Tour/_Z9C9848.xmp
no_jpg,2023,2023.1,2023-08-17 Muir & Sausalito Tour,_Z9C9852,(none),,2023.1,no jpg anywhere,data/xmp/result-2023/raw/2023.1/2023-08-17 Muir & Sausalito Tour/_Z9C9852.xmp
no_jpg,2023,2023.1,2023-08-17 Muir & Sausalito Tour,_Z9C9857,(none),,2023.1,no jpg anywhere,data/xmp/result-2023/raw/2023.1/2023-08-17 Muir & Sausalito Tour/_Z9C9857.xmp
no_jpg,2023,2023.1,2023-08-17 Muir & Sausalito Tour,_Z9C9858,(none),,2023.1,no jpg anywhere,data/xmp/result-2023/raw/2023.1/2023-08-17 Muir & Sausalito Tour/_Z9C9858.xmp
no_jpg,2023,2023.1,2023-08-17 Muir & Sausalito Tour,_Z9C9863,(none),,2023.1,no jpg anywhere,data/xmp/result-2023/raw/2023.1/2023-08-17 Muir & Sausalito Tour/_Z9C9863.xmp
no_jpg,2023,2023.1,2023-08-17 Muir & Sausalito Tour,_Z9C9864,(none),,2023.1,no jpg anywhere,data/xmp/result-2023/raw/2023.1/2023-08-17 Muir & Sausalito Tour/_Z9C9864.xmp
no_jpg,2023,2023.1,2023-08-17 Muir & Sausalito Tour,_Z9C9877,(none),,2023.1,no jpg anywhere,data/xmp/result-2023/raw/2023.1/2023-08-17 Muir & Sausalito Tour/_Z9C9877.xmp
no_jpg,2023,2023.1,2023-08-17 Muir & Sausalito Tour,_Z9C9878,(none),,2023.1,no jpg anywhere,data/xmp/result-2023/raw/2023.1/2023-08-17 Muir & Sausalito Tour/_Z9C9878.xmp
no_jpg,2023,2023.1,2023-08-17 Muir & Sausalito Tour,_Z9C9910,(none),,2023.1,no jpg anywhere,data/xmp/result-2023/raw/2023.1/2023-08-17 Muir & Sausalito Tour/_Z9C9910.xmp
no_jpg,2023,2023.1,2023-08-17 Muir & Sausalito Tour,_Z9C9913,(none),,2023.1,no jpg anywhere,data/xmp/result-2023/raw/2023.1/2023-08-17 Muir & Sausalito Tour/_Z9C9913.xmp
no_jpg,2023,2023.1,2023-08-17 Muir & Sausalito Tour,_Z9C9915,(none),,2023.1,no jpg anywhere,data/xmp/result-2023/raw/2023.1/2023-08-17 Muir & Sausalito Tour/_Z9C9915.xmp
no_jpg,2023,2023.1,2023-08-17 Muir & Sausalito Tour,_Z9C9932,(none),,2023.1,no jpg anywhere,data/xmp/result-2023/raw/2023.1/2023-08-17 Muir & Sausalito Tour/_Z9C9932.xmp
no_jpg,2023,2023.1,2023-08-17 Muir & Sausalito Tour,_Z9C9943,(none),,2023.1,no jpg anywhere,data/xmp/result-2023/raw/2023.1/2023-08-17 Muir & Sausalito Tour/_Z9C9943.xmp
no_jpg,2023,2023.1,2023-08-22 Sophie's Backyard,_D5D8413,(none),,2023.1,no jpg anywhere,data/xmp/result-2023/raw/2023.1/2023-08-22 Sophie's Backyard/_D5D8413.xmp
no_jpg,2023,2023.1,2023-08-23 Honolulu Birds,_D5D8626,(none),,2023.1,no jpg anywhere,data/xmp/result-2023/raw/2023.1/2023-08-23 Honolulu Birds/_D5D8626.xmp
no_jpg,2023,2023.1,2023-08-23 Honolulu Birds,_D5D8687,(none),,2023.1,no jpg anywhere,data/xmp/result-2023/raw/2023.1/2023-08-23 Honolulu Birds/_D5D8687.xmp
no_jpg,2023,2023.1,2023-08-23 Honolulu Birds,_D5D8718,(none),,2023.1,no jpg anywhere,data/xmp/result-2023/raw/2023.1/2023-08-23 Honolulu Birds/_D5D8718.xmp
no_jpg,2023,2023.1,2023-08-23 Honolulu Birds,_D5D8743,(none),,2023.1,no jpg anywhere,data/xmp/result-2023/raw/2023.1/2023-08-23 Honolulu Birds/_D5D8743.xmp
no_jpg,2023,2023.1,2023-08-23 Honolulu Birds,_D5D8795,(none),,2023.1,no jpg anywhere,data/xmp/result-2023/raw/2023.1/2023-08-23 Honolulu Birds/_D5D8795.xmp
no_jpg,2023,2023.1,2023-08-23 Honolulu Birds,_D5D8809,(none),,2023.1,no jpg anywhere,data/xmp/result-2023/raw/2023.1/2023-08-23 Honolulu Birds/_D5D8809.xmp
no_jpg,2023,2023.1,2023-08-23 Honolulu Birds,_D5D8811,(none),,2023.1,no jpg anywhere,data/xmp/result-2023/raw/2023.1/2023-08-23 Honolulu Birds/_D5D8811.xmp
no_jpg,2023,2023.1,2023-08-23 Honolulu Birds,_D5D8841,(none),,2023.1,no jpg anywhere,data/xmp/result-2023/raw/2023.1/2023-08-23 Honolulu Birds/_D5D8841.xmp
no_jpg,2023,2023.1,2023-08-23 Honolulu Birds,_D5D8842,(none),,2023.1,no jpg anywhere,data/xmp/result-2023/raw/2023.1/2023-08-23 Honolulu Birds/_D5D8842.xmp
no_jpg,2023,2023.1,2023-08-23 Honolulu Birds,_D5D8865,(none),,2023.1,no jpg anywhere,data/xmp/result-2023/raw/2023.1/2023-08-23 Honolulu Birds/_D5D8865.xmp
no_jpg,2023,2023.1,2023-08-23 Honolulu Birds,_D5D8866,(none),,2023.1,no jpg anywhere,data/xmp/result-2023/raw/2023.1/2023-08-23 Honolulu Birds/_D5D8866.xmp
no_jpg,2023,2023.1,2023-08-23 Honolulu Birds,_D5D8870,(none),,2023.1,no jpg anywhere,data/xmp/result-2023/raw/2023.1/2023-08-23 Honolulu Birds/_D5D8870.xmp
no_jpg,2023,2023.1,2023-08-23 Honolulu Birds,_D5D8887,(none),,2023.1,no jpg anywhere,data/xmp/result-2023/raw/2023.1/2023-08-23 Honolulu Birds/_D5D8887.xmp
no_jpg,2023,2023.1,2023-08-23 Honolulu Birds,_D5D8892,(none),,2023.1,no jpg anywhere,data/xmp/result-2023/raw/2023.1/2023-08-23 Honolulu Birds/_D5D8892.xmp
no_jpg,2023,2023.1,2023-08-23 Honolulu Birds,_D5D8895,(none),,2023.1,no jpg anywhere,data/xmp/result-2023/raw/2023.1/2023-08-23 Honolulu Birds/_D5D8895.xmp
no_jpg,2023,2023.1,2023-08-23 Honolulu Birds,_D5D8946,(none),,2023.1,no jpg anywhere,data/xmp/result-2023/raw/2023.1/2023-08-23 Honolulu Birds/_D5D8946.xmp
no_jpg,2023,2023.1,2023-08-23 Honolulu Birds,_D5D8955,(none),,2023.1,no jpg anywhere,data/xmp/result-2023/raw/2023.1/2023-08-23 Honolulu Birds/_D5D8955.xmp
no_jpg,2023,2023.1,2023-08-23 Honolulu Birds,_D5D8956,(none),,2023.1,no jpg anywhere,data/xmp/result-2023/raw/2023.1/2023-08-23 Honolulu Birds/_D5D8956.xmp
no_jpg,2023,2023.1,2023-08-23 Honolulu Birds,_D5D8957,(none),,2023.1,no jpg anywhere,data/xmp/result-2023/raw/2023.1/2023-08-23 Honolulu Birds/_D5D8957.xmp
no_jpg,2023,2023.1,2023-08-23 Honolulu Birds,_D5D8998,(none),,2023.1,no jpg anywhere,data/xmp/result-2023/raw/2023.1/2023-08-23 Honolulu Birds/_D5D8998.xmp
no_jpg,2023,2023.1,2023-08-23 Honolulu Birds,_D5D9039,(none),,2023.1,no jpg anywhere,data/xmp/result-2023/raw/2023.1/2023-08-23 Honolulu Birds/_D5D9039.xmp
no_jpg,2023,2023.1,2023-08-23 Honolulu Birds,_D5D9041,(none),,2023.1,no jpg anywhere,data/xmp/result-2023/raw/2023.1/2023-08-23 Honolulu Birds/_D5D9041.xmp
no_jpg,2023,2023.1,2023-08-23 Honolulu Birds,_D5D9074,(none),,2023.1,no jpg anywhere,data/xmp/result-2023/raw/2023.1/2023-08-23 Honolulu Birds/_D5D9074.xmp
no_jpg,2023,2023.1,2023-08-23 Honolulu Birds,_D5D9089,(none),,2023.1,no jpg anywhere,data/xmp/result-2023/raw/2023.1/2023-08-23 Honolulu Birds/_D5D9089.xmp
no_jpg,2023,2023.1,2023-08-23 Honolulu Birds,_D5D9090,(none),,2023.1,no jpg anywhere,data/xmp/result-2023/raw/2023.1/2023-08-23 Honolulu Birds/_D5D9090.xmp
no_jpg,2023,2023.1,2023-08-23 Honolulu Birds,_D5D9150,(none),,2023.1,no jpg anywhere,data/xmp/result-2023/raw/2023.1/2023-08-23 Honolulu Birds/_D5D9150.xmp
no_jpg,2023,2023.1,2023-08-23 Honolulu Birds,_D5D9208,(none),,2023.1,no jpg anywhere,data/xmp/result-2023/raw/2023.1/2023-08-23 Honolulu Birds/_D5D9208.xmp
no_jpg,2023,2023.1,2023-08-23 Honolulu Birds,_D5D9249,(none),,2023.1,no jpg anywhere,data/xmp/result-2023/raw/2023.1/2023-08-23 Honolulu Birds/_D5D9249.xmp
no_jpg,2023,2023.1,2023-08-23 Snorkeling,_Z9C0025,(none),,2023.1,no jpg anywhere,data/xmp/result-2023/raw/2023.1/2023-08-23 Snorkeling/_Z9C0025.xmp
no_jpg,2023,2023.1,2023-08-23 Snorkeling,_Z9C0026,(none),,2023.1,no jpg anywhere,data/xmp/result-2023/raw/2023.1/2023-08-23 Snorkeling/_Z9C0026.xmp
no_jpg,2023,2023.1,2023-08-23 Snorkeling,_Z9C0027,(none),,2023.1,no jpg anywhere,data/xmp/result-2023/raw/2023.1/2023-08-23 Snorkeling/_Z9C0027.xmp
no_jpg,2023,2023.1,2023-08-23 Snorkeling,_Z9C0106,(none),,2023.1,no jpg anywhere,data/xmp/result-2023/raw/2023.1/2023-08-23 Snorkeling/_Z9C0106.xmp
no_jpg,2023,2023.1,2023-08-23 Snorkeling,_Z9C0112,(none),,2023.1,no jpg anywhere,data/xmp/result-2023/raw/2023.1/2023-08-23 Snorkeling/_Z9C0112.xmp
no_jpg,2023,2023.1,2023-08-23 Snorkeling,_Z9C0148,(none),,2023.1,no jpg anywhere,data/xmp/result-2023/raw/2023.1/2023-08-23 Snorkeling/_Z9C0148.xmp
no_jpg,2023,2023.1,2023-08-23 Snorkeling,_Z9C0201,(none),,2023.1,no jpg anywhere,data/xmp/result-2023/raw/2023.1/2023-08-23 Snorkeling/_Z9C0201.xmp
no_jpg,2023,2023.1,2023-08-24 Honolulu Birds,_D5D9304,(none),,2023.1,no jpg anywhere,data/xmp/result-2023/raw/2023.1/2023-08-24 Honolulu Birds/_D5D9304.xmp
no_jpg,2023,2023.1,2023-08-24 Honolulu Birds,_D5D9312,(none),,2023.1,no jpg anywhere,data/xmp/result-2023/raw/2023.1/2023-08-24 Honolulu Birds/_D5D9312.xmp
no_jpg,2023,2023.1,2023-08-24 Honolulu Birds,_D5D9354,(none),,2023.1,no jpg anywhere,data/xmp/result-2023/raw/2023.1/2023-08-24 Honolulu Birds/_D5D9354.xmp
no_jpg,2023,2023.1,2023-08-24 Honolulu Birds,_D5D9364,(none),,2023.1,no jpg anywhere,data/xmp/result-2023/raw/2023.1/2023-08-24 Honolulu Birds/_D5D9364.xmp
no_jpg,2023,2023.1,2023-08-24 Honolulu Birds,_D5D9369,(none),,2023.1,no jpg anywhere,data/xmp/result-2023/raw/2023.1/2023-08-24 Honolulu Birds/_D5D9369.xmp
no_jpg,2023,2023.1,2023-08-24 Honolulu Birds,_D5D9394,(none),,2023.1,no jpg anywhere,data/xmp/result-2023/raw/2023.1/2023-08-24 Honolulu Birds/_D5D9394.xmp
no_jpg,2023,2023.1,2023-08-24 Honolulu Birds,_D5D9398,(none),,2023.1,no jpg anywhere,data/xmp/result-2023/raw/2023.1/2023-08-24 Honolulu Birds/_D5D9398.xmp
no_jpg,2023,2023.1,2023-08-24 Honolulu Birds,_D5D9435,(none),,2023.1,no jpg anywhere,data/xmp/result-2023/raw/2023.1/2023-08-24 Honolulu Birds/_D5D9435.xmp
no_jpg,2023,2023.1,2023-08-24 Honolulu Birds,_D5D9461,(none),,2023.1,no jpg anywhere,data/xmp/result-2023/raw/2023.1/2023-08-24 Honolulu Birds/_D5D9461.xmp
no_jpg,2023,2023.1,2023-08-24 Honolulu Birds,_D5D9568,(none),,2023.1,no jpg anywhere,data/xmp/result-2023/raw/2023.1/2023-08-24 Honolulu Birds/_D5D9568.xmp
no_jpg,2023,2023.1,2023-08-24 Honolulu Birds,_D5D9617,(none),,2023.1,no jpg anywhere,data/xmp/result-2023/raw/2023.1/2023-08-24 Honolulu Birds/_D5D9617.xmp
no_jpg,2023,2023.1,2023-08-24 Honolulu Birds,_D5D9673,(none),,2023.1,no jpg anywhere,data/xmp/result-2023/raw/2023.1/2023-08-24 Honolulu Birds/_D5D9673.xmp
no_jpg,2023,2023.1,2023-08-24 Honolulu Birds,_D5D9714,(none),,2023.1,no jpg anywhere,data/xmp/result-2023/raw/2023.1/2023-08-24 Honolulu Birds/_D5D9714.xmp
no_jpg,2023,2023.1,2023-08-24 Honolulu Sunrise,_Z9C0266,(none),,2023.1,no jpg anywhere,data/xmp/result-2023/raw/2023.1/2023-08-24 Honolulu Sunrise/_Z9C0266.xmp
no_jpg,2023,2023.1,2023-08-24 North Shore of Honolulu,_D5D9471,(none),,2023.1,no jpg anywhere,data/xmp/result-2023/raw/2023.1/2023-08-24 North Shore of Honolulu/_D5D9471.xmp
no_jpg,2023,2023.1,2023-08-24 North Shore of Honolulu,_D5D9496,(none),,2023.1,no jpg anywhere,data/xmp/result-2023/raw/2023.1/2023-08-24 North Shore of Honolulu/_D5D9496.xmp
no_jpg,2023,2023.1,2023-08-24 North Shore of Honolulu,_D5D9565,(none),,2023.1,no jpg anywhere,data/xmp/result-2023/raw/2023.1/2023-08-24 North Shore of Honolulu/_D5D9565.xmp
no_jpg,2023,2023.1,2023-08-24 North Shore of Honolulu,_Z9C0311,(none),,2023.1,no jpg anywhere,data/xmp/result-2023/raw/2023.1/2023-08-24 North Shore of Honolulu/_Z9C0311.xmp
no_jpg,2023,2023.1,2023-08-24 North Shore of Honolulu,_Z9C0323,(none),,2023.1,no jpg anywhere,data/xmp/result-2023/raw/2023.1/2023-08-24 North Shore of Honolulu/_Z9C0323.xmp
no_jpg,2023,2023.1,2023-08-24 North Shore of Honolulu,_Z9C0328,(none),,2023.1,no jpg anywhere,data/xmp/result-2023/raw/2023.1/2023-08-24 North Shore of Honolulu/_Z9C0328.xmp
no_jpg,2023,2023.1,2023-08-24 North Shore of Honolulu,_Z9C0329,(none),,2023.1,no jpg anywhere,data/xmp/result-2023/raw/2023.1/2023-08-24 North Shore of Honolulu/_Z9C0329.xmp
no_jpg,2023,2023.1,2023-08-24 North Shore of Honolulu,_Z9C0332,(none),,2023.1,no jpg anywhere,data/xmp/result-2023/raw/2023.1/2023-08-24 North Shore of Honolulu/_Z9C0332.xmp
no_jpg,2023,2023.1,2023-08-24 North Shore of Honolulu,_Z9C0334,(none),,2023.1,no jpg anywhere,data/xmp/result-2023/raw/2023.1/2023-08-24 North Shore of Honolulu/_Z9C0334.xmp
no_jpg,2023,2023.1,2023-08-24 North Shore of Honolulu,_Z9C0346,(none),,2023.1,no jpg anywhere,data/xmp/result-2023/raw/2023.1/2023-08-24 North Shore of Honolulu/_Z9C0346.xmp
no_jpg,2023,2023.1,2023-08-24 North Shore of Honolulu,_Z9C0348,(none),,2023.1,no jpg anywhere,data/xmp/result-2023/raw/2023.1/2023-08-24 North Shore of Honolulu/_Z9C0348.xmp
no_jpg,2023,2023.1,2023-08-24 North Shore of Honolulu,_Z9C0357,(none),,2023.1,no jpg anywhere,data/xmp/result-2023/raw/2023.1/2023-08-24 North Shore of Honolulu/_Z9C0357.xmp
no_jpg,2023,2023.1,2023-08-24 North Shore of Honolulu,_Z9C0358,(none),,2023.1,no jpg anywhere,data/xmp/result-2023/raw/2023.1/2023-08-24 North Shore of Honolulu/_Z9C0358.xmp
no_jpg,2023,2023.1,2023-08-24 North Shore of Honolulu,_Z9C0359,(none),,2023.1,no jpg anywhere,data/xmp/result-2023/raw/2023.1/2023-08-24 North Shore of Honolulu/_Z9C0359.xmp
no_jpg,2023,2023.1,2023-08-24 North Shore of Honolulu,_Z9C0373,(none),,2023.1,no jpg anywhere,data/xmp/result-2023/raw/2023.1/2023-08-24 North Shore of Honolulu/_Z9C0373.xmp
no_jpg,2023,2023.1,2023-08-24 North Shore of Honolulu,_Z9C0377,(none),,2023.1,no jpg anywhere,data/xmp/result-2023/raw/2023.1/2023-08-24 North Shore of Honolulu/_Z9C0377.xmp
no_jpg,2023,2023.1,2023-08-24 North Shore of Honolulu,_Z9C0391,(none),,2023.1,no jpg anywhere,data/xmp/result-2023/raw/2023.1/2023-08-24 North Shore of Honolulu/_Z9C0391.xmp
no_jpg,2023,2023.1,2023-08-24 North Shore of Honolulu,_Z9C0408,(none),,2023.1,no jpg anywhere,data/xmp/result-2023/raw/2023.1/2023-08-24 North Shore of Honolulu/_Z9C0408.xmp
no_jpg,2023,2023.1,2023-08-24 North Shore of Honolulu,_Z9C0424,(none),,2023.1,no jpg anywhere,data/xmp/result-2023/raw/2023.1/2023-08-24 North Shore of Honolulu/_Z9C0424.xmp
no_jpg,2023,2023.1,2023-08-24 North Shore of Honolulu,_Z9C0427,(none),,2023.1,no jpg anywhere,data/xmp/result-2023/raw/2023.1/2023-08-24 North Shore of Honolulu/_Z9C0427.xmp
no_jpg,2023,2023.1,2023-08-24 North Shore of Honolulu,_Z9C0432,(none),,2023.1,no jpg anywhere,data/xmp/result-2023/raw/2023.1/2023-08-24 North Shore of Honolulu/_Z9C0432.xmp
no_jpg,2023,2023.1,2023-08-24 North Shore of Honolulu,_Z9C0447,(none),,2023.1,no jpg anywhere,data/xmp/result-2023/raw/2023.1/2023-08-24 North Shore of Honolulu/_Z9C0447.xmp
no_jpg,2023,2023.1,2023-08-24 North Shore of Honolulu,_Z9C0448,(none),,2023.1,no jpg anywhere,data/xmp/result-2023/raw/2023.1/2023-08-24 North Shore of Honolulu/_Z9C0448.xmp
no_jpg,2023,2023.1,2023-08-24 North Shore of Honolulu,_Z9C0449,(none),,2023.1,no jpg anywhere,data/xmp/result-2023/raw/2023.1/2023-08-24 North Shore of Honolulu/_Z9C0449.xmp
no_jpg,2023,2023.1,2023-08-24 North Shore of Honolulu,_Z9C0454,(none),,2023.1,no jpg anywhere,data/xmp/result-2023/raw/2023.1/2023-08-24 North Shore of Honolulu/_Z9C0454.xmp
no_jpg,2023,2023.1,2023-08-24 North Shore of Honolulu,_Z9C0475,(none),,2023.1,no jpg anywhere,data/xmp/result-2023/raw/2023.1/2023-08-24 North Shore of Honolulu/_Z9C0475.xmp
no_jpg,2023,2023.1,2023-08-24 North Shore of Honolulu,_Z9C0476,(none),,2023.1,no jpg anywhere,data/xmp/result-2023/raw/2023.1/2023-08-24 North Shore of Honolulu/_Z9C0476.xmp
no_jpg,2023,2023.1,2023-08-24 North Shore of Honolulu,_Z9C0494,(none),,2023.1,no jpg anywhere,data/xmp/result-2023/raw/2023.1/2023-08-24 North Shore of Honolulu/_Z9C0494.xmp
no_jpg,2023,2023.1,2023-08-24 North Shore of Honolulu,_Z9C0498,(none),,2023.1,no jpg anywhere,data/xmp/result-2023/raw/2023.1/2023-08-24 North Shore of Honolulu/_Z9C0498.xmp
no_jpg,2023,2023.1,2023-08-24 North Shore of Honolulu,_Z9C0499,(none),,2023.1,no jpg anywhere,data/xmp/result-2023/raw/2023.1/2023-08-24 North Shore of Honolulu/_Z9C0499.xmp
no_jpg,2023,2023.1,2023-08-24 North Shore of Honolulu,_Z9C0500,(none),,2023.1,no jpg anywhere,data/xmp/result-2023/raw/2023.1/2023-08-24 North Shore of Honolulu/_Z9C0500.xmp
no_jpg,2023,2023.1,2023-08-24 North Shore of Honolulu,_Z9C0504,(none),,2023.1,no jpg anywhere,data/xmp/result-2023/raw/2023.1/2023-08-24 North Shore of Honolulu/_Z9C0504.xmp
no_jpg,2023,2023.1,2023-08-24 North Shore of Honolulu,_Z9C0507,(none),,2023.1,no jpg anywhere,data/xmp/result-2023/raw/2023.1/2023-08-24 North Shore of Honolulu/_Z9C0507.xmp
no_jpg,2023,2023.1,2023-08-24 North Shore of Honolulu,_Z9C0514,(none),,2023.1,no jpg anywhere,data/xmp/result-2023/raw/2023.1/2023-08-24 North Shore of Honolulu/_Z9C0514.xmp
no_jpg,2023,2023.1,2023-08-24 North Shore of Honolulu,_Z9C0518,(none),,2023.1,no jpg anywhere,data/xmp/result-2023/raw/2023.1/2023-08-24 North Shore of Honolulu/_Z9C0518.xmp
no_jpg,2023,2023.1,2023-08-24 North Shore of Honolulu,_Z9C0519,(none),,2023.1,no jpg anywhere,data/xmp/result-2023/raw/2023.1/2023-08-24 North Shore of Honolulu/_Z9C0519.xmp
no_jpg,2023,2023.1,2023-08-25 Birds,_D5D9769,(none),,2023.1,no jpg anywhere,data/xmp/result-2023/raw/2023.1/2023-08-25 Birds/_D5D9769.xmp
no_jpg,2023,2023.1,2023-08-25 Birds,_D5D9775,(none),,2023.1,no jpg anywhere,data/xmp/result-2023/raw/2023.1/2023-08-25 Birds/_D5D9775.xmp
no_jpg,2023,2023.1,2023-08-25 Birds,_D5D9835,(none),,2023.1,no jpg anywhere,data/xmp/result-2023/raw/2023.1/2023-08-25 Birds/_D5D9835.xmp
no_jpg,2023,2023.1,2023-08-25 Ho’omaluhia Botanic Garden,_Z9C0531,(none),,2023.1,no jpg anywhere,data/xmp/result-2023/raw/2023.1/2023-08-25 Ho’omaluhia Botanic Garden/_Z9C0531.xmp
no_jpg,2023,2023.1,2023-08-25 Ho’omaluhia Botanic Garden,_Z9C0551,(none),,2023.1,no jpg anywhere,data/xmp/result-2023/raw/2023.1/2023-08-25 Ho’omaluhia Botanic Garden/_Z9C0551.xmp
no_jpg,2023,2023.1,2023-08-25 Ho’omaluhia Botanic Garden,_Z9C0552,(none),,2023.1,no jpg anywhere,data/xmp/result-2023/raw/2023.1/2023-08-25 Ho’omaluhia Botanic Garden/_Z9C0552.xmp
no_jpg,2023,2023.1,2023-08-25 Ho’omaluhia Botanic Garden,_Z9C0556,(none),,2023.1,no jpg anywhere,data/xmp/result-2023/raw/2023.1/2023-08-25 Ho’omaluhia Botanic Garden/_Z9C0556.xmp
no_jpg,2023,2023.1,2023-08-25 Ho’omaluhia Botanic Garden,_Z9C0574,(none),,2023.1,no jpg anywhere,data/xmp/result-2023/raw/2023.1/2023-08-25 Ho’omaluhia Botanic Garden/_Z9C0574.xmp
no_jpg,2023,2023.1,2023-08-25 Ho’omaluhia Botanic Garden,_Z9C0575,(none),,2023.1,no jpg anywhere,data/xmp/result-2023/raw/2023.1/2023-08-25 Ho’omaluhia Botanic Garden/_Z9C0575.xmp
no_jpg,2023,2023.1,2023-08-25 Ho’omaluhia Botanic Garden,_Z9C0577,(none),,2023.1,no jpg anywhere,data/xmp/result-2023/raw/2023.1/2023-08-25 Ho’omaluhia Botanic Garden/_Z9C0577.xmp
no_jpg,2023,2023.1,2023-08-25 Ho’omaluhia Botanic Garden,_Z9C0578,(none),,2023.1,no jpg anywhere,data/xmp/result-2023/raw/2023.1/2023-08-25 Ho’omaluhia Botanic Garden/_Z9C0578.xmp
no_jpg,2023,2023.1,2023-08-25 Ho’omaluhia Botanic Garden,_Z9C0579,(none),,2023.1,no jpg anywhere,data/xmp/result-2023/raw/2023.1/2023-08-25 Ho’omaluhia Botanic Garden/_Z9C0579.xmp
no_jpg,2023,2023.1,2023-08-25 Ho’omaluhia Botanic Garden,_Z9C0581,(none),,2023.1,no jpg anywhere,data/xmp/result-2023/raw/2023.1/2023-08-25 Ho’omaluhia Botanic Garden/_Z9C0581.xmp
no_jpg,2023,2023.1,2023-08-25 Ho’omaluhia Botanic Garden,_Z9C0583,(none),,2023.1,no jpg anywhere,data/xmp/result-2023/raw/2023.1/2023-08-25 Ho’omaluhia Botanic Garden/_Z9C0583.xmp
no_jpg,2023,2023.1,2023-08-25 Ho’omaluhia Botanic Garden,_Z9C0587,(none),,2023.1,no jpg anywhere,data/xmp/result-2023/raw/2023.1/2023-08-25 Ho’omaluhia Botanic Garden/_Z9C0587.xmp
no_jpg,2023,2023.1,2023-08-25 Ho’omaluhia Botanic Garden,_Z9C0588,(none),,2023.1,no jpg anywhere,data/xmp/result-2023/raw/2023.1/2023-08-25 Ho’omaluhia Botanic Garden/_Z9C0588.xmp
no_jpg,2023,2023.1,2023-08-25 Ho’omaluhia Botanic Garden,_Z9C0591,(none),,2023.1,no jpg anywhere,data/xmp/result-2023/raw/2023.1/2023-08-25 Ho’omaluhia Botanic Garden/_Z9C0591.xmp
no_jpg,2023,2023.1,2023-08-25 Ho’omaluhia Botanic Garden,_Z9C0599,(none),,2023.1,no jpg anywhere,data/xmp/result-2023/raw/2023.1/2023-08-25 Ho’omaluhia Botanic Garden/_Z9C0599.xmp
no_jpg,2023,2023.1,2023-08-25 Ho’omaluhia Botanic Garden,_Z9C0605,(none),,2023.1,no jpg anywhere,data/xmp/result-2023/raw/2023.1/2023-08-25 Ho’omaluhia Botanic Garden/_Z9C0605.xmp
no_jpg,2023,2023.1,2023-08-25 Ho’omaluhia Botanic Garden,_Z9C0611,(none),,2023.1,no jpg anywhere,data/xmp/result-2023/raw/2023.1/2023-08-25 Ho’omaluhia Botanic Garden/_Z9C0611.xmp
no_jpg,2023,2023.1,2023-08-25 Ho’omaluhia Botanic Garden,_Z9C0613,(none),,2023.1,no jpg anywhere,data/xmp/result-2023/raw/2023.1/2023-08-25 Ho’omaluhia Botanic Garden/_Z9C0613.xmp
no_jpg,2023,2023.1,2023-08-25 Ho’omaluhia Botanic Garden,_Z9C0617,(none),,2023.1,no jpg anywhere,data/xmp/result-2023/raw/2023.1/2023-08-25 Ho’omaluhia Botanic Garden/_Z9C0617.xmp
no_jpg,2023,2023.1,2023-08-25 Ho’omaluhia Botanic Garden,_Z9C0623,(none),,2023.1,no jpg anywhere,data/xmp/result-2023/raw/2023.1/2023-08-25 Ho’omaluhia Botanic Garden/_Z9C0623.xmp
no_jpg,2023,2023.1,2023-08-25 Ho’omaluhia Botanic Garden,_Z9C0629,(none),,2023.1,no jpg anywhere,data/xmp/result-2023/raw/2023.1/2023-08-25 Ho’omaluhia Botanic Garden/_Z9C0629.xmp
no_jpg,2023,2023.1,2023-08-25 Ho’omaluhia Botanic Garden,_Z9C0633,(none),,2023.1,no jpg anywhere,data/xmp/result-2023/raw/2023.1/2023-08-25 Ho’omaluhia Botanic Garden/_Z9C0633.xmp
no_jpg,2023,2023.1,2023-08-25 Ho’omaluhia Botanic Garden,_Z9C0634,(none),,2023.1,no jpg anywhere,data/xmp/result-2023/raw/2023.1/2023-08-25 Ho’omaluhia Botanic Garden/_Z9C0634.xmp
no_jpg,2023,2023.1,2023-08-25 Ho’omaluhia Botanic Garden,_Z9C0641,(none),,2023.1,no jpg anywhere,data/xmp/result-2023/raw/2023.1/2023-08-25 Ho’omaluhia Botanic Garden/_Z9C0641.xmp
no_jpg,2023,2023.1,2023-08-25 Ho’omaluhia Botanic Garden,_Z9C0642,(none),,2023.1,no jpg anywhere,data/xmp/result-2023/raw/2023.1/2023-08-25 Ho’omaluhia Botanic Garden/_Z9C0642.xmp
no_jpg,2023,2023.1,2023-08-25 Ho’omaluhia Botanic Garden,_Z9C0669,(none),,2023.1,no jpg anywhere,data/xmp/result-2023/raw/2023.1/2023-08-25 Ho’omaluhia Botanic Garden/_Z9C0669.xmp
no_jpg,2023,2023.1,2023-08-25 Ho’omaluhia Botanic Garden,_Z9C0670,(none),,2023.1,no jpg anywhere,data/xmp/result-2023/raw/2023.1/2023-08-25 Ho’omaluhia Botanic Garden/_Z9C0670.xmp
no_jpg,2023,2023.1,2023-08-25 Ho’omaluhia Botanic Garden,_Z9C0671,(none),,2023.1,no jpg anywhere,data/xmp/result-2023/raw/2023.1/2023-08-25 Ho’omaluhia Botanic Garden/_Z9C0671.xmp
no_jpg,2023,2023.1,2023-08-25 Ho’omaluhia Botanic Garden,_Z9C0675,(none),,2023.1,no jpg anywhere,data/xmp/result-2023/raw/2023.1/2023-08-25 Ho’omaluhia Botanic Garden/_Z9C0675.xmp
no_jpg,2023,2023.1,2023-08-25 Ho’omaluhia Botanic Garden,_Z9C0676,(none),,2023.1,no jpg anywhere,data/xmp/result-2023/raw/2023.1/2023-08-25 Ho’omaluhia Botanic Garden/_Z9C0676.xmp
no_jpg,2023,2023.1,2023-08-26 USS Arizona Memorial,_Z9C0688,(none),,2023.1,no jpg anywhere,data/xmp/result-2023/raw/2023.1/2023-08-26 USS Arizona Memorial/_Z9C0688.xmp
no_jpg,2023,2023.1,2023-08-26 USS Arizona Memorial,_Z9C0689,(none),,2023.1,no jpg anywhere,data/xmp/result-2023/raw/2023.1/2023-08-26 USS Arizona Memorial/_Z9C0689.xmp
no_jpg,2023,2023.1,2023-08-26 USS Arizona Memorial,_Z9C0690,(none),,2023.1,no jpg anywhere,data/xmp/result-2023/raw/2023.1/2023-08-26 USS Arizona Memorial/_Z9C0690.xmp
no_jpg,2023,2023.1,2023-08-26 USS Arizona Memorial,_Z9C0701,(none),,2023.1,no jpg anywhere,data/xmp/result-2023/raw/2023.1/2023-08-26 USS Arizona Memorial/_Z9C0701.xmp
no_jpg,2023,2023.1,2023-08-26 USS Arizona Memorial,_Z9C0707,(none),,2023.1,no jpg anywhere,data/xmp/result-2023/raw/2023.1/2023-08-26 USS Arizona Memorial/_Z9C0707.xmp
no_jpg,2023,2023.1,2023-08-26 USS Arizona Memorial,_Z9C0709,(none),,2023.1,no jpg anywhere,data/xmp/result-2023/raw/2023.1/2023-08-26 USS Arizona Memorial/_Z9C0709.xmp
no_jpg,2023,2023.1,2023-08-26 USS Arizona Memorial,_Z9C0716,(none),,2023.1,no jpg anywhere,data/xmp/result-2023/raw/2023.1/2023-08-26 USS Arizona Memorial/_Z9C0716.xmp
no_jpg,2023,2023.1,2023-08-26 USS Arizona Memorial,_Z9C0719,(none),,2023.1,no jpg anywhere,data/xmp/result-2023/raw/2023.1/2023-08-26 USS Arizona Memorial/_Z9C0719.xmp
no_jpg,2023,2023.1,2023-08-26 USS Arizona Memorial,_Z9C0741,(none),,2023.1,no jpg anywhere,data/xmp/result-2023/raw/2023.1/2023-08-26 USS Arizona Memorial/_Z9C0741.xmp
no_jpg,2023,2023.2,2023-12-07 古筝,_DSC1045,(none),,2023.2,no jpg anywhere,data/xmp/result-2023/raw/2023.2/2023-12-07 古筝/_DSC1045.xmp
no_jpg,2023,2023.2,2023-12-07 古筝,_DSC1048,(none),,2023.2,no jpg anywhere,data/xmp/result-2023/raw/2023.2/2023-12-07 古筝/_DSC1048.xmp
no_jpg,2023,2023.2,2023-12-27 径山,_DSC1108,(none),,2023.2,no jpg anywhere,data/xmp/result-2023/raw/2023.2/2023-12-27 径山/_DSC1108.xmp
no_jpg,2024,2024.1,2024-01-04 剑湖,_Z9C4571,(none),,2024.1,no jpg anywhere,data/xmp/result-2024/raw/2024.1/2024-01-04 剑湖/_Z9C4571.xmp
no_jpg,2024,2024.1,2024-01-04 剑湖,_Z9C4572,(none),,2024.1,no jpg anywhere,data/xmp/result-2024/raw/2024.1/2024-01-04 剑湖/_Z9C4572.xmp
no_jpg,2024,2024.1,2024-01-07 拉市海,_D5D4630,(none),,2024.1,no jpg anywhere,data/xmp/result-2024/raw/2024.1/2024-01-07 拉市海/_D5D4630.xmp
no_jpg,2024,2024.2,2024-01-12 剑湖,_D5D8868,(none),,2024.2,no jpg anywhere,data/xmp/result-2024/raw/2024.2/2024-01-12 剑湖/_D5D8868.xmp
no_jpg,2024,2024.2,2024-01-12 剑湖,_D5D8910,(none),,2024.2,no jpg anywhere,data/xmp/result-2024/raw/2024.2/2024-01-12 剑湖/_D5D8910.xmp
no_jpg,2024,2024.2,2024-01-12 剑湖,_D5D8997,(none),,2024.2,no jpg anywhere,data/xmp/result-2024/raw/2024.2/2024-01-12 剑湖/_D5D8997.xmp
no_jpg,2024,2024.2,2024-01-12 剑湖,_D5D9232,(none),,2024.2,no jpg anywhere,data/xmp/result-2024/raw/2024.2/2024-01-12 剑湖/_D5D9232.xmp
no_jpg,2024,2024.2,2024-01-14 漾濞 云上村庄,_Z9C2960,(none),,2024.2,no jpg anywhere,data/xmp/result-2024/raw/2024.2/2024-01-14 漾濞 云上村庄/_Z9C2960.xmp
no_jpg,2024,2024.2,2024-01-14 漾濞 云上村庄,_Z9C3042,(none),,2024.2,no jpg anywhere,data/xmp/result-2024/raw/2024.2/2024-01-14 漾濞 云上村庄/_Z9C3042.xmp
no_jpg,2024,2024.2,2024-01-15 短耳鸮 & 细嘴鸥,_Z9C3270,(none),,2024.2,no jpg anywhere,data/xmp/result-2024/raw/2024.2/2024-01-15 短耳鸮 & 细嘴鸥/_Z9C3270.xmp
no_jpg,2024,2024.2,2024-03-30 无锡鼋头渚,_D5D5239,(none),,2024.2,no jpg anywhere,data/xmp/result-2024/raw/2024.2/2024-03-30 无锡鼋头渚/_D5D5239.xmp
no_jpg,2024,2024.2,2024-04-01 拈花湾,_V9A1544,(none),,2024.2,no jpg anywhere,data/xmp/result-2024/raw/2024.2/2024-04-01 拈花湾/_V9A1544.xmp
no_jpg,2024,2024.2,2024-04-16 Sydney,_D5D6426,(none),,2024.2,no jpg anywhere,data/xmp/result-2024/raw/2024.2/2024-04-16 Sydney/_D5D6426.xmp
no_jpg,2024,2024.3,2024-04-21 Phillips Island,_D5D8562,(none),,2024.3,no jpg anywhere,data/xmp/result-2024/raw/2024.3/2024-04-21 Phillips Island/_D5D8562.xmp
no_jpg,2024,2024.3,2024-04-21 Phillips Island,_D5D8749,(none),,2024.3,no jpg anywhere,data/xmp/result-2024/raw/2024.3/2024-04-21 Phillips Island/_D5D8749.xmp
no_jpg,2024,2024.3,2024-04-21 Phillips Island,_D5D8802,(none),,2024.3,no jpg anywhere,data/xmp/result-2024/raw/2024.3/2024-04-21 Phillips Island/_D5D8802.xmp
no_jpg,2024,2024.3,2024-04-21 Phillips Island,_D5D8811,(none),,2024.3,no jpg anywhere,data/xmp/result-2024/raw/2024.3/2024-04-21 Phillips Island/_D5D8811.xmp
no_jpg,2024,2024.3,2024-04-21 Phillips Island,_D5D8933,(none),,2024.3,no jpg anywhere,data/xmp/result-2024/raw/2024.3/2024-04-21 Phillips Island/_D5D8933.xmp
no_jpg,2024,2024.3,2024-04-24 Brune Island,_D5D0047,(none),,2024.3,no jpg anywhere,data/xmp/result-2024/raw/2024.3/2024-04-24 Brune Island/_D5D0047.xmp
no_jpg,2024,2024.3,2024-04-24 Brune Island,_D5D0566,(none),,2024.3,no jpg anywhere,data/xmp/result-2024/raw/2024.3/2024-04-24 Brune Island/_D5D0566.xmp
no_jpg,2024,2024.3,2024-04-28 Tasmania Royal Botanic Garden,_D5D6154,(none),,2024.3,no jpg anywhere,data/xmp/result-2024/raw/2024.3/2024-04-28 Tasmania Royal Botanic Garden/_D5D6154.xmp
no_jpg,2024,2024.3,2024-04-28 Tasmania Royal Botanic Garden,_D5D6307,(none),,2024.3,no jpg anywhere,data/xmp/result-2024/raw/2024.3/2024-04-28 Tasmania Royal Botanic Garden/_D5D6307.xmp
no_jpg,2024,2024.3,2024-04-28 Tasmania Royal Botanic Garden,_D5D6309,(none),,2024.3,no jpg anywhere,data/xmp/result-2024/raw/2024.3/2024-04-28 Tasmania Royal Botanic Garden/_D5D6309.xmp
no_jpg,2024,2024.4,2024-05-02 Christchurch-Mona Vale Garden,_D5D7850,(none),,2024.4,no jpg anywhere,data/xmp/result-2024/raw/2024.4/2024-05-02 Christchurch-Mona Vale Garden/_D5D7850.xmp
no_jpg,2024,2024.4,2024-05-04 Eastern Side of NZL South,_D5D0397,(none),,2024.4,no jpg anywhere,data/xmp/result-2024/raw/2024.4/2024-05-04 Eastern Side of NZL South/_D5D0397.xmp
no_jpg,2024,2024.4,2024-05-04 Eastern Side of NZL South,_D5D9572,(none),,2024.4,no jpg anywhere,data/xmp/result-2024/raw/2024.4/2024-05-04 Eastern Side of NZL South/_D5D9572.xmp
no_jpg,2024,2024.4,2024-05-04 Eastern Side of NZL South,_D5D9605,(none),,2024.4,no jpg anywhere,data/xmp/result-2024/raw/2024.4/2024-05-04 Eastern Side of NZL South/_D5D9605.xmp
no_jpg,2024,2024.4,2024-05-04 Eastern Side of NZL South,_D5D9669,(none),,2024.4,no jpg anywhere,data/xmp/result-2024/raw/2024.4/2024-05-04 Eastern Side of NZL South/_D5D9669.xmp
no_jpg,2024,2024.4,2024-05-04 Eastern Side of NZL South,_D5D9853,(none),,2024.4,no jpg anywhere,data/xmp/result-2024/raw/2024.4/2024-05-04 Eastern Side of NZL South/_D5D9853.xmp
no_jpg,2024,2024.4,2024-05-05 Southern Side of NZL South,_Z9C7647,(none),,2024.4,no jpg anywhere,data/xmp/result-2024/raw/2024.4/2024-05-05 Southern Side of NZL South/_Z9C7647.xmp
no_jpg,2024,2024.4,2024-05-08 Mount Kock,_D5D1320,(none),,2024.4,no jpg anywhere,data/xmp/result-2024/raw/2024.4/2024-05-08 Mount Kock/_D5D1320.xmp
no_jpg,2024,2024.4,2024-05-08 Mount Kock,_D5D2824,(none),,2024.4,no jpg anywhere,data/xmp/result-2024/raw/2024.4/2024-05-08 Mount Kock/_D5D2824.xmp
no_jpg,2024,2024.4,2024-05-08 Mount Kock,_D5D2830,(none),,2024.4,no jpg anywhere,data/xmp/result-2024/raw/2024.4/2024-05-08 Mount Kock/_D5D2830.xmp
no_jpg,2024,2024.4,2024-05-09 NZL (Flight from S to N),_D5D2838,(none),,2024.4,no jpg anywhere,data/xmp/result-2024/raw/2024.4/2024-05-09 NZL (Flight from S to N)/_D5D2838.xmp
no_jpg,2024,2024.4,2024-05-10 Rotorua and Waiotapu,_D5D3027,(none),,2024.4,no jpg anywhere,data/xmp/result-2024/raw/2024.4/2024-05-10 Rotorua and Waiotapu/_D5D3027.xmp
no_jpg,2024,2024.4,2024-05-10 Rotorua and Waiotapu,_D5D3270,(none),,2024.4,no jpg anywhere,data/xmp/result-2024/raw/2024.4/2024-05-10 Rotorua and Waiotapu/_D5D3270.xmp
no_jpg,2024,2024.4,2024-05-10 Rotorua and Waiotapu,_D5D3286,(none),,2024.4,no jpg anywhere,data/xmp/result-2024/raw/2024.4/2024-05-10 Rotorua and Waiotapu/_D5D3286.xmp
no_jpg,2024,2024.4,2024-05-11 Hobbiton,_Z9C8626,(none),,2024.4,no jpg anywhere,data/xmp/result-2024/raw/2024.4/2024-05-11 Hobbiton/_Z9C8626.xmp
no_jpg,2024,2024.4,2024-05-11 Hobbiton,_Z9C8653,(none),,2024.4,no jpg anywhere,data/xmp/result-2024/raw/2024.4/2024-05-11 Hobbiton/_Z9C8653.xmp
no_jpg,2024,2024.4,2024-05-14 Wellington Zoo,_D5D5097,(none),,2024.4,no jpg anywhere,data/xmp/result-2024/raw/2024.4/2024-05-14 Wellington Zoo/_D5D5097.xmp
no_jpg,2025,2025.2,2025-05-06 Milkyway,_V9A2785,(none),,2025.2,no jpg anywhere,data/xmp/result-2025/raw/2025.2/2025-05-06 Milkyway/_V9A2785.xmp
no_jpg,2025,2025.2,2025-05-10 Ostrach Garden,_D5C3347,(none),,2025.2,no jpg anywhere,data/xmp/result-2025/raw/2025.2/2025-05-10 Ostrach Garden/_D5C3347.xmp
no_jpg,2025,2025.2,2025-05-16 Selute to 2025 Graduates,_Z9C5244,(none),,2025.2,no jpg anywhere,data/xmp/result-2025/raw/2025.2/2025-05-16 Selute to 2025 Graduates/_Z9C5244.xmp
no_jpg,2025,2025.2,2025-05-16 Selute to 2025 Graduates,_Z9C5304,(none),,2025.2,no jpg anywhere,data/xmp/result-2025/raw/2025.2/2025-05-16 Selute to 2025 Graduates/_Z9C5304.xmp
no_jpg,2025,2025.2,2025-05-30 Arriving Marrakech,_D5C3599,(none),,2025.2,no jpg anywhere,data/xmp/result-2025/raw/2025.2/2025-05-30 Arriving Marrakech/_D5C3599.xmp
no_jpg,2025,2025.2,2025-05-31 Marrakech,_D5C4293,(none),,2025.2,no jpg anywhere,data/xmp/result-2025/raw/2025.2/2025-05-31 Marrakech/_D5C4293.xmp
no_jpg,2025,2025.2,2025-06-03 Tombeaux Pheniciens,_D5C5365,(none),,2025.2,no jpg anywhere,data/xmp/result-2025/raw/2025.2/2025-06-03 Tombeaux Pheniciens/_D5C5365.xmp
no_jpg,2025,2025.2,2025-06-03 Tombeaux Pheniciens,_D5C5421,(none),,2025.2,no jpg anywhere,data/xmp/result-2025/raw/2025.2/2025-06-03 Tombeaux Pheniciens/_D5C5421.xmp
no_jpg,2025,2025.2,2025-06-03 Tombeaux Pheniciens,_Z9C6956,(none),,2025.2,no jpg anywhere,data/xmp/result-2025/raw/2025.2/2025-06-03 Tombeaux Pheniciens/_Z9C6956.xmp
no_jpg,2025,2025.2,2025-06-07 Chefchaouen,_Z9C7390,(none),,2025.2,no jpg anywhere,data/xmp/result-2025/raw/2025.2/2025-06-07 Chefchaouen/_Z9C7390.xmp
no_jpg,2025,2025.2,2025-06-07 Chefchaouen,_Z9C7393,(none),,2025.2,no jpg anywhere,data/xmp/result-2025/raw/2025.2/2025-06-07 Chefchaouen/_Z9C7393.xmp
no_jpg,2025,2025.2,2025-06-07 Chefchaouen,_Z9C7396,(none),,2025.2,no jpg anywhere,data/xmp/result-2025/raw/2025.2/2025-06-07 Chefchaouen/_Z9C7396.xmp
no_jpg,2025,2025.2,2025-06-07 Chefchaouen,_Z9C7402,(none),,2025.2,no jpg anywhere,data/xmp/result-2025/raw/2025.2/2025-06-07 Chefchaouen/_Z9C7402.xmp
no_jpg,2025,2025.2,2025-06-07 Chefchaouen,_Z9C7422,(none),,2025.2,no jpg anywhere,data/xmp/result-2025/raw/2025.2/2025-06-07 Chefchaouen/_Z9C7422.xmp
no_jpg,2025,2025.2,2025-06-07 Chefchaouen,_Z9C7426,(none),,2025.2,no jpg anywhere,data/xmp/result-2025/raw/2025.2/2025-06-07 Chefchaouen/_Z9C7426.xmp
no_jpg,2025,2025.2,2025-06-07 Chefchaouen,_Z9C7438,(none),,2025.2,no jpg anywhere,data/xmp/result-2025/raw/2025.2/2025-06-07 Chefchaouen/_Z9C7438.xmp
no_jpg,2025,2025.2,2025-06-07 Chefchaouen,_Z9C7439,(none),,2025.2,no jpg anywhere,data/xmp/result-2025/raw/2025.2/2025-06-07 Chefchaouen/_Z9C7439.xmp
no_jpg,2025,2025.2,2025-06-07 Chefchaouen,_Z9C7444,(none),,2025.2,no jpg anywhere,data/xmp/result-2025/raw/2025.2/2025-06-07 Chefchaouen/_Z9C7444.xmp
no_jpg,2025,2025.2,2025-06-07 Chefchaouen,_Z9C7449,(none),,2025.2,no jpg anywhere,data/xmp/result-2025/raw/2025.2/2025-06-07 Chefchaouen/_Z9C7449.xmp
no_jpg,2025,2025.2,2025-06-07 Chefchaouen,_Z9C7512,(none),,2025.2,no jpg anywhere,data/xmp/result-2025/raw/2025.2/2025-06-07 Chefchaouen/_Z9C7512.xmp
no_jpg,2025,2025.2,2025-06-07 Chefchaouen,_Z9C7516,(none),,2025.2,no jpg anywhere,data/xmp/result-2025/raw/2025.2/2025-06-07 Chefchaouen/_Z9C7516.xmp
no_jpg,2025,2025.2,2025-06-07 Chefchaouen,_Z9C7524,(none),,2025.2,no jpg anywhere,data/xmp/result-2025/raw/2025.2/2025-06-07 Chefchaouen/_Z9C7524.xmp
no_jpg,2025,2025.2,2025-06-08 Fes,_D5C6068,(none),,2025.2,no jpg anywhere,data/xmp/result-2025/raw/2025.2/2025-06-08 Fes/_D5C6068.xmp
no_jpg,2025,2025.2,2025-06-08 Fes,_D5C6070,(none),,2025.2,no jpg anywhere,data/xmp/result-2025/raw/2025.2/2025-06-08 Fes/_D5C6070.xmp
no_jpg,2025,2025.2,2025-06-08 Fes,_D5C6073,(none),,2025.2,no jpg anywhere,data/xmp/result-2025/raw/2025.2/2025-06-08 Fes/_D5C6073.xmp
no_jpg,2025,2025.2,2025-06-08 Fes,_D5C6099,(none),,2025.2,no jpg anywhere,data/xmp/result-2025/raw/2025.2/2025-06-08 Fes/_D5C6099.xmp
no_jpg,2025,2025.2,2025-06-08 Fes,_D5C6104,(none),,2025.2,no jpg anywhere,data/xmp/result-2025/raw/2025.2/2025-06-08 Fes/_D5C6104.xmp
no_jpg,2025,2025.2,2025-06-09 Fes,_Z9C7573,(none),,2025.2,no jpg anywhere,data/xmp/result-2025/raw/2025.2/2025-06-09 Fes/_Z9C7573.xmp
no_jpg,2025,2025.2,2025-06-09 Fes,_Z9C7577,(none),,2025.2,no jpg anywhere,data/xmp/result-2025/raw/2025.2/2025-06-09 Fes/_Z9C7577.xmp
no_jpg,2025,2025.2,2025-06-09 Fes,_Z9C7579,(none),,2025.2,no jpg anywhere,data/xmp/result-2025/raw/2025.2/2025-06-09 Fes/_Z9C7579.xmp
no_jpg,2025,2025.2,2025-06-10 Sahara Desert,_Z9C7785,(none),,2025.2,no jpg anywhere,data/xmp/result-2025/raw/2025.2/2025-06-10 Sahara Desert/_Z9C7785.xmp
no_jpg,2025,2025.2,2025-06-11 Sunrise in Sahara Desert,_Z9C8404,(none),,2025.2,no jpg anywhere,data/xmp/result-2025/raw/2025.2/2025-06-11 Sunrise in Sahara Desert/_Z9C8404.xmp
no_jpg,2025,2025.2,2025-06-20.4 Granada,_Z9C8978,(none),,2025.2,no jpg anywhere,data/xmp/result-2025/raw/2025.2/2025-06-20.4 Granada/_Z9C8978.xmp
no_jpg,2025,2025.2,2025-06-22.2 Toledo,_Z9C9448,(none),,2025.2,no jpg anywhere,data/xmp/result-2025/raw/2025.2/2025-06-22.2 Toledo/_Z9C9448.xmp
no_jpg,2025,2025.2,2025-06-30 Suomenlinna,_Z9C4792,(none),,2025.2,no jpg anywhere,data/xmp/result-2025/raw/2025.2/2025-06-30 Suomenlinna/_Z9C4792.xmp
no_jpg,2025,2025.2,2025-06-30 Suomenlinna,_Z9C4796,(none),,2025.2,no jpg anywhere,data/xmp/result-2025/raw/2025.2/2025-06-30 Suomenlinna/_Z9C4796.xmp
no_jpg,2025,2025.2,2025-07-01 Stockholm,_Z9C5852,(none),,2025.2,no jpg anywhere,data/xmp/result-2025/raw/2025.2/2025-07-01 Stockholm/_Z9C5852.xmp
no_jpg,2025,2025.2,2025-07-01 Stockholm,_Z9C5855,(none),,2025.2,no jpg anywhere,data/xmp/result-2025/raw/2025.2/2025-07-01 Stockholm/_Z9C5855.xmp
no_jpg,2025,2025.2,2025-07-03 Copenhagen,_Z9C6400,(none),,2025.2,no jpg anywhere,data/xmp/result-2025/raw/2025.2/2025-07-03 Copenhagen/_Z9C6400.xmp
no_jpg,2025,2025.3,2025-07-06.2 Trollfjord Cruise,_Z9C7810,(none),,2025.3,no jpg anywhere,data/xmp/result-2025/raw/2025.3/2025-07-06.2 Trollfjord Cruise/_Z9C7810.xmp
no_jpg,2025,2025.3,2025-07-06.2 Trollfjord Cruise,_Z9C7811,(none),,2025.3,no jpg anywhere,data/xmp/result-2025/raw/2025.3/2025-07-06.2 Trollfjord Cruise/_Z9C7811.xmp
no_jpg,2025,2025.3,2025-07-06.2 Trollfjord Cruise,_Z9C7843,(none),,2025.3,no jpg anywhere,data/xmp/result-2025/raw/2025.3/2025-07-06.2 Trollfjord Cruise/_Z9C7843.xmp
no_jpg,2025,2025.3,2025-07-07 Eggum Midnight Sun,_Z9C7902,(none),,2025.3,no jpg anywhere,data/xmp/result-2025/raw/2025.3/2025-07-07 Eggum Midnight Sun/_Z9C7902.xmp
no_jpg,2025,2025.3,2025-07-08 Flåm,_D5C0703,(none),,2025.3,no jpg anywhere,data/xmp/result-2025/raw/2025.3/2025-07-08 Flåm/_D5C0703.xmp
no_jpg,2025,2025.3,2025-07-08 Flåm,_D5C0708,(none),,2025.3,no jpg anywhere,data/xmp/result-2025/raw/2025.3/2025-07-08 Flåm/_D5C0708.xmp
no_jpg,2025,2025.3,2025-07-08 Flåm,_D5C0713,(none),,2025.3,no jpg anywhere,data/xmp/result-2025/raw/2025.3/2025-07-08 Flåm/_D5C0713.xmp
no_jpg,2025,2025.3,2025-07-08 Flåm,_D5C0732,(none),,2025.3,no jpg anywhere,data/xmp/result-2025/raw/2025.3/2025-07-08 Flåm/_D5C0732.xmp
no_jpg,2025,2025.3,2025-07-08 Flåm,_D5C0749,(none),,2025.3,no jpg anywhere,data/xmp/result-2025/raw/2025.3/2025-07-08 Flåm/_D5C0749.xmp
no_jpg,2025,2025.3,2025-07-08 Flåm,_D5C0757,(none),,2025.3,no jpg anywhere,data/xmp/result-2025/raw/2025.3/2025-07-08 Flåm/_D5C0757.xmp
no_jpg,2025,2025.3,2025-07-08 Flåm,_D5C0801,(none),,2025.3,no jpg anywhere,data/xmp/result-2025/raw/2025.3/2025-07-08 Flåm/_D5C0801.xmp
no_jpg,2025,2025.3,2025-07-08 Flåm,_D5C0805,(none),,2025.3,no jpg anywhere,data/xmp/result-2025/raw/2025.3/2025-07-08 Flåm/_D5C0805.xmp
no_jpg,2025,2025.3,2025-07-08 Flåm,_D5C0816,(none),,2025.3,no jpg anywhere,data/xmp/result-2025/raw/2025.3/2025-07-08 Flåm/_D5C0816.xmp
no_jpg,2025,2025.3,2025-07-08 Flåm,_D5C0819,(none),,2025.3,no jpg anywhere,data/xmp/result-2025/raw/2025.3/2025-07-08 Flåm/_D5C0819.xmp
no_jpg,2025,2025.3,2025-07-08 Flåm,_D5C0828,(none),,2025.3,no jpg anywhere,data/xmp/result-2025/raw/2025.3/2025-07-08 Flåm/_D5C0828.xmp
no_jpg,2025,2025.3,2025-07-08 Flåm,_D5C0829,(none),,2025.3,no jpg anywhere,data/xmp/result-2025/raw/2025.3/2025-07-08 Flåm/_D5C0829.xmp
no_jpg,2025,2025.3,2025-07-08 Flåm,_D5C0837,(none),,2025.3,no jpg anywhere,data/xmp/result-2025/raw/2025.3/2025-07-08 Flåm/_D5C0837.xmp
no_jpg,2025,2025.3,2025-07-08 Flåm,_D5C0872,(none),,2025.3,no jpg anywhere,data/xmp/result-2025/raw/2025.3/2025-07-08 Flåm/_D5C0872.xmp
no_jpg,2025,2025.3,2025-07-08 Flåm,_D5C0873,(none),,2025.3,no jpg anywhere,data/xmp/result-2025/raw/2025.3/2025-07-08 Flåm/_D5C0873.xmp
no_jpg,2025,2025.3,2025-07-08 Flåm,_D5C0886,(none),,2025.3,no jpg anywhere,data/xmp/result-2025/raw/2025.3/2025-07-08 Flåm/_D5C0886.xmp
no_jpg,2025,2025.3,2025-07-08 Flåm,_D5C0933,(none),,2025.3,no jpg anywhere,data/xmp/result-2025/raw/2025.3/2025-07-08 Flåm/_D5C0933.xmp
no_jpg,2025,2025.3,2025-07-08 Flåm,_D5C0934,(none),,2025.3,no jpg anywhere,data/xmp/result-2025/raw/2025.3/2025-07-08 Flåm/_D5C0934.xmp
no_jpg,2025,2025.3,2025-07-08 Flåm,_D5C0938,(none),,2025.3,no jpg anywhere,data/xmp/result-2025/raw/2025.3/2025-07-08 Flåm/_D5C0938.xmp
no_jpg,2025,2025.3,2025-07-08 Flåm,_D5C0942,(none),,2025.3,no jpg anywhere,data/xmp/result-2025/raw/2025.3/2025-07-08 Flåm/_D5C0942.xmp
no_jpg,2025,2025.3,2025-07-08 Flåm,_D5C0948,(none),,2025.3,no jpg anywhere,data/xmp/result-2025/raw/2025.3/2025-07-08 Flåm/_D5C0948.xmp
no_jpg,2025,2025.3,2025-07-08 Flåm,_D5C0949,(none),,2025.3,no jpg anywhere,data/xmp/result-2025/raw/2025.3/2025-07-08 Flåm/_D5C0949.xmp
no_jpg,2025,2025.3,2025-07-08 Flåm,_D5C0987,(none),,2025.3,no jpg anywhere,data/xmp/result-2025/raw/2025.3/2025-07-08 Flåm/_D5C0987.xmp
no_jpg,2025,2025.3,2025-07-08 Flåm,_D5C0998,(none),,2025.3,no jpg anywhere,data/xmp/result-2025/raw/2025.3/2025-07-08 Flåm/_D5C0998.xmp
no_jpg,2025,2025.3,2025-07-08 Flåm,_D5C1025,(none),,2025.3,no jpg anywhere,data/xmp/result-2025/raw/2025.3/2025-07-08 Flåm/_D5C1025.xmp
no_jpg,2025,2025.3,2025-07-08 Flåm,_Z9C7940,(none),,2025.3,no jpg anywhere,data/xmp/result-2025/raw/2025.3/2025-07-08 Flåm/_Z9C7940.xmp
no_jpg,2025,2025.3,2025-07-08 Flåm,_Z9C7941,(none),,2025.3,no jpg anywhere,data/xmp/result-2025/raw/2025.3/2025-07-08 Flåm/_Z9C7941.xmp
no_jpg,2025,2025.3,2025-07-08 Flåm,_Z9C7946,(none),,2025.3,no jpg anywhere,data/xmp/result-2025/raw/2025.3/2025-07-08 Flåm/_Z9C7946.xmp
no_jpg,2025,2025.3,2025-07-08 Flåm,_Z9C7991,(none),,2025.3,no jpg anywhere,data/xmp/result-2025/raw/2025.3/2025-07-08 Flåm/_Z9C7991.xmp
no_jpg,2025,2025.3,2025-07-08 Flåm,_Z9C7993,(none),,2025.3,no jpg anywhere,data/xmp/result-2025/raw/2025.3/2025-07-08 Flåm/_Z9C7993.xmp
no_jpg,2025,2025.3,2025-07-08 Flåm,_Z9C7999,(none),,2025.3,no jpg anywhere,data/xmp/result-2025/raw/2025.3/2025-07-08 Flåm/_Z9C7999.xmp
no_jpg,2025,2025.3,2025-07-08 Flåm,_Z9C8003,(none),,2025.3,no jpg anywhere,data/xmp/result-2025/raw/2025.3/2025-07-08 Flåm/_Z9C8003.xmp
no_jpg,2025,2025.3,2025-07-08 Flåm,_Z9C8005,(none),,2025.3,no jpg anywhere,data/xmp/result-2025/raw/2025.3/2025-07-08 Flåm/_Z9C8005.xmp
no_jpg,2025,2025.3,2025-07-08 Flåm,_Z9C8006,(none),,2025.3,no jpg anywhere,data/xmp/result-2025/raw/2025.3/2025-07-08 Flåm/_Z9C8006.xmp
no_jpg,2025,2025.3,2025-07-08 Flåm,_Z9C8008,(none),,2025.3,no jpg anywhere,data/xmp/result-2025/raw/2025.3/2025-07-08 Flåm/_Z9C8008.xmp
no_jpg,2025,2025.3,2025-07-08 Flåm,_Z9C8013,(none),,2025.3,no jpg anywhere,data/xmp/result-2025/raw/2025.3/2025-07-08 Flåm/_Z9C8013.xmp
no_jpg,2025,2025.3,2025-07-08 Flåm,_Z9C8015,(none),,2025.3,no jpg anywhere,data/xmp/result-2025/raw/2025.3/2025-07-08 Flåm/_Z9C8015.xmp
no_jpg,2025,2025.3,2025-07-08 Flåm,_Z9C8017,(none),,2025.3,no jpg anywhere,data/xmp/result-2025/raw/2025.3/2025-07-08 Flåm/_Z9C8017.xmp
no_jpg,2025,2025.3,2025-07-08 Flåm,_Z9C8027,(none),,2025.3,no jpg anywhere,data/xmp/result-2025/raw/2025.3/2025-07-08 Flåm/_Z9C8027.xmp
no_jpg,2025,2025.3,2025-07-08 Flåm,_Z9C8032,(none),,2025.3,no jpg anywhere,data/xmp/result-2025/raw/2025.3/2025-07-08 Flåm/_Z9C8032.xmp
no_jpg,2025,2025.3,2025-07-08 Flåm,_Z9C8040,(none),,2025.3,no jpg anywhere,data/xmp/result-2025/raw/2025.3/2025-07-08 Flåm/_Z9C8040.xmp
no_jpg,2025,2025.3,2025-07-08 Flåm,_Z9C8060,(none),,2025.3,no jpg anywhere,data/xmp/result-2025/raw/2025.3/2025-07-08 Flåm/_Z9C8060.xmp
no_jpg,2025,2025.3,2025-07-08 Flåm,_Z9C8062,(none),,2025.3,no jpg anywhere,data/xmp/result-2025/raw/2025.3/2025-07-08 Flåm/_Z9C8062.xmp
no_jpg,2025,2025.3,2025-07-08 Flåm,_Z9C8077,(none),,2025.3,no jpg anywhere,data/xmp/result-2025/raw/2025.3/2025-07-08 Flåm/_Z9C8077.xmp
no_jpg,2025,2025.3,2025-07-08 Flåm,_Z9C8080,(none),,2025.3,no jpg anywhere,data/xmp/result-2025/raw/2025.3/2025-07-08 Flåm/_Z9C8080.xmp
no_jpg,2025,2025.3,2025-07-08 Flåm,_Z9C8084,(none),,2025.3,no jpg anywhere,data/xmp/result-2025/raw/2025.3/2025-07-08 Flåm/_Z9C8084.xmp
no_jpg,2025,2025.3,2025-07-08 Flåm,_Z9C8090,(none),,2025.3,no jpg anywhere,data/xmp/result-2025/raw/2025.3/2025-07-08 Flåm/_Z9C8090.xmp
no_jpg,2025,2025.3,2025-07-08 Flåm,_Z9C8092,(none),,2025.3,no jpg anywhere,data/xmp/result-2025/raw/2025.3/2025-07-08 Flåm/_Z9C8092.xmp
no_jpg,2025,2025.3,2025-07-08 Flåm,_Z9C8105,(none),,2025.3,no jpg anywhere,data/xmp/result-2025/raw/2025.3/2025-07-08 Flåm/_Z9C8105.xmp
no_jpg,2025,2025.3,2025-07-08 Flåm,_Z9C8108,(none),,2025.3,no jpg anywhere,data/xmp/result-2025/raw/2025.3/2025-07-08 Flåm/_Z9C8108.xmp
no_jpg,2025,2025.3,2025-07-08 Flåm,_Z9C8115,(none),,2025.3,no jpg anywhere,data/xmp/result-2025/raw/2025.3/2025-07-08 Flåm/_Z9C8115.xmp
no_jpg,2025,2025.3,2025-07-09 Mountain Train,_Z9C8482,(none),,2025.3,no jpg anywhere,data/xmp/result-2025/raw/2025.3/2025-07-09 Mountain Train/_Z9C8482.xmp
no_jpg,2025,2025.3,2025-07-14.1 St. Johnsfjorden,_D5C3171,(none),,2025.3,no jpg anywhere,data/xmp/result-2025/raw/2025.3/2025-07-14.1 St. Johnsfjorden/_D5C3171.xmp
no_jpg,2025,2025.3,2025-07-14.2 Poolepynten,_D5C4159,(none),,2025.3,no jpg anywhere,data/xmp/result-2025/raw/2025.3/2025-07-14.2 Poolepynten/_D5C4159.xmp
no_jpg,2025,2025.3,2025-07-14.2 Poolepynten,_D5C4161,(none),,2025.3,no jpg anywhere,data/xmp/result-2025/raw/2025.3/2025-07-14.2 Poolepynten/_D5C4161.xmp
no_jpg,2025,2025.3,2025-07-14.2 Poolepynten,_D5C4283,(none),,2025.3,no jpg anywhere,data/xmp/result-2025/raw/2025.3/2025-07-14.2 Poolepynten/_D5C4283.xmp
no_jpg,2025,2025.3,2025-07-15 Narreneset & Hamiltonbukta,_D5C4979,(none),,2025.3,no jpg anywhere,data/xmp/result-2025/raw/2025.3/2025-07-15 Narreneset & Hamiltonbukta/_D5C4979.xmp
no_jpg,2025,2025.3,2025-07-15 Narreneset & Hamiltonbukta,_D5C5449,(none),,2025.3,no jpg anywhere,data/xmp/result-2025/raw/2025.3/2025-07-15 Narreneset & Hamiltonbukta/_D5C5449.xmp
no_jpg,2025,2025.4,2025-07-18 Ny Ålesund and Kongsbreen,_D5C6462,(none),,2025.4,no jpg anywhere,data/xmp/result-2025/raw/2025.4/2025-07-18 Ny Ålesund and Kongsbreen/_D5C6462.xmp
no_jpg,2025,2025.4,2025-07-18 Ny Ålesund and Kongsbreen,_D5C6496,(none),,2025.4,no jpg anywhere,data/xmp/result-2025/raw/2025.4/2025-07-18 Ny Ålesund and Kongsbreen/_D5C6496.xmp
no_jpg,2025,2025.4,2025-07-18 Ny Ålesund and Kongsbreen,_D5C6507,(none),,2025.4,no jpg anywhere,data/xmp/result-2025/raw/2025.4/2025-07-18 Ny Ålesund and Kongsbreen/_D5C6507.xmp
no_jpg,2025,2025.4,2025-07-18 Ny Ålesund and Kongsbreen,_D5C6518,(none),,2025.4,no jpg anywhere,data/xmp/result-2025/raw/2025.4/2025-07-18 Ny Ålesund and Kongsbreen/_D5C6518.xmp
no_jpg,2025,2025.4,2025-07-18 Ny Ålesund and Kongsbreen,_D5C6520,(none),,2025.4,no jpg anywhere,data/xmp/result-2025/raw/2025.4/2025-07-18 Ny Ålesund and Kongsbreen/_D5C6520.xmp
no_jpg,2025,2025.4,2025-07-18 Ny Ålesund and Kongsbreen,_D5C6526,(none),,2025.4,no jpg anywhere,data/xmp/result-2025/raw/2025.4/2025-07-18 Ny Ålesund and Kongsbreen/_D5C6526.xmp
no_jpg,2025,2025.4,2025-07-18 Ny Ålesund and Kongsbreen,_D5C6588,(none),,2025.4,no jpg anywhere,data/xmp/result-2025/raw/2025.4/2025-07-18 Ny Ålesund and Kongsbreen/_D5C6588.xmp
no_jpg,2025,2025.4,2025-07-18 Ny Ålesund and Kongsbreen,_D5C6624,(none),,2025.4,no jpg anywhere,data/xmp/result-2025/raw/2025.4/2025-07-18 Ny Ålesund and Kongsbreen/_D5C6624.xmp
no_jpg,2025,2025.4,2025-07-18 Ny Ålesund and Kongsbreen,_D5C6638,(none),,2025.4,no jpg anywhere,data/xmp/result-2025/raw/2025.4/2025-07-18 Ny Ålesund and Kongsbreen/_D5C6638.xmp
no_jpg,2025,2025.4,2025-07-18 Ny Ålesund and Kongsbreen,_D5C6639,(none),,2025.4,no jpg anywhere,data/xmp/result-2025/raw/2025.4/2025-07-18 Ny Ålesund and Kongsbreen/_D5C6639.xmp
no_jpg,2025,2025.4,2025-07-18 Ny Ålesund and Kongsbreen,_D5C6659,(none),,2025.4,no jpg anywhere,data/xmp/result-2025/raw/2025.4/2025-07-18 Ny Ålesund and Kongsbreen/_D5C6659.xmp
no_jpg,2025,2025.4,2025-07-18 Ny Ålesund and Kongsbreen,_D5C6683,(none),,2025.4,no jpg anywhere,data/xmp/result-2025/raw/2025.4/2025-07-18 Ny Ålesund and Kongsbreen/_D5C6683.xmp
no_jpg,2025,2025.4,2025-07-18 Ny Ålesund and Kongsbreen,_D5C6686,(none),,2025.4,no jpg anywhere,data/xmp/result-2025/raw/2025.4/2025-07-18 Ny Ålesund and Kongsbreen/_D5C6686.xmp
no_jpg,2025,2025.4,2025-07-18 Ny Ålesund and Kongsbreen,_D5C6689,(none),,2025.4,no jpg anywhere,data/xmp/result-2025/raw/2025.4/2025-07-18 Ny Ålesund and Kongsbreen/_D5C6689.xmp
no_jpg,2025,2025.4,2025-07-18 Ny Ålesund and Kongsbreen,_D5C6690,(none),,2025.4,no jpg anywhere,data/xmp/result-2025/raw/2025.4/2025-07-18 Ny Ålesund and Kongsbreen/_D5C6690.xmp
no_jpg,2025,2025.4,2025-07-18 Ny Ålesund and Kongsbreen,_D5C6691,(none),,2025.4,no jpg anywhere,data/xmp/result-2025/raw/2025.4/2025-07-18 Ny Ålesund and Kongsbreen/_D5C6691.xmp
no_jpg,2025,2025.4,2025-07-18 Ny Ålesund and Kongsbreen,_D5C6692,(none),,2025.4,no jpg anywhere,data/xmp/result-2025/raw/2025.4/2025-07-18 Ny Ålesund and Kongsbreen/_D5C6692.xmp
no_jpg,2025,2025.4,2025-07-18 Ny Ålesund and Kongsbreen,_D5C6693,(none),,2025.4,no jpg anywhere,data/xmp/result-2025/raw/2025.4/2025-07-18 Ny Ålesund and Kongsbreen/_D5C6693.xmp
no_jpg,2025,2025.4,2025-07-18 Ny Ålesund and Kongsbreen,_D5C6694,(none),,2025.4,no jpg anywhere,data/xmp/result-2025/raw/2025.4/2025-07-18 Ny Ålesund and Kongsbreen/_D5C6694.xmp
no_jpg,2025,2025.4,2025-07-18 Ny Ålesund and Kongsbreen,_D5C6723,(none),,2025.4,no jpg anywhere,data/xmp/result-2025/raw/2025.4/2025-07-18 Ny Ålesund and Kongsbreen/_D5C6723.xmp
no_jpg,2025,2025.4,2025-07-18 Ny Ålesund and Kongsbreen,_D5C6747,(none),,2025.4,no jpg anywhere,data/xmp/result-2025/raw/2025.4/2025-07-18 Ny Ålesund and Kongsbreen/_D5C6747.xmp
no_jpg,2025,2025.4,2025-07-18 Ny Ålesund and Kongsbreen,_D5C6895,(none),,2025.4,no jpg anywhere,data/xmp/result-2025/raw/2025.4/2025-07-18 Ny Ålesund and Kongsbreen/_D5C6895.xmp
no_jpg,2025,2025.4,2025-07-18 Ny Ålesund and Kongsbreen,_D5C6896,(none),,2025.4,no jpg anywhere,data/xmp/result-2025/raw/2025.4/2025-07-18 Ny Ålesund and Kongsbreen/_D5C6896.xmp
no_jpg,2025,2025.4,2025-07-18 Ny Ålesund and Kongsbreen,_D5C6904,(none),,2025.4,no jpg anywhere,data/xmp/result-2025/raw/2025.4/2025-07-18 Ny Ålesund and Kongsbreen/_D5C6904.xmp
no_jpg,2025,2025.4,2025-07-18 Ny Ålesund and Kongsbreen,_D5C6939,(none),,2025.4,no jpg anywhere,data/xmp/result-2025/raw/2025.4/2025-07-18 Ny Ålesund and Kongsbreen/_D5C6939.xmp
no_jpg,2025,2025.4,2025-07-18 Ny Ålesund and Kongsbreen,_D5C6945,(none),,2025.4,no jpg anywhere,data/xmp/result-2025/raw/2025.4/2025-07-18 Ny Ålesund and Kongsbreen/_D5C6945.xmp
no_jpg,2025,2025.4,2025-07-18 Ny Ålesund and Kongsbreen,_D5C6962,(none),,2025.4,no jpg anywhere,data/xmp/result-2025/raw/2025.4/2025-07-18 Ny Ålesund and Kongsbreen/_D5C6962.xmp
no_jpg,2025,2025.4,2025-07-18 Ny Ålesund and Kongsbreen,_D5C6969,(none),,2025.4,no jpg anywhere,data/xmp/result-2025/raw/2025.4/2025-07-18 Ny Ålesund and Kongsbreen/_D5C6969.xmp
no_jpg,2025,2025.4,2025-07-18 Ny Ålesund and Kongsbreen,_D5C6977,(none),,2025.4,no jpg anywhere,data/xmp/result-2025/raw/2025.4/2025-07-18 Ny Ålesund and Kongsbreen/_D5C6977.xmp
no_jpg,2025,2025.4,2025-07-18 Ny Ålesund and Kongsbreen,_D5C6980,(none),,2025.4,no jpg anywhere,data/xmp/result-2025/raw/2025.4/2025-07-18 Ny Ålesund and Kongsbreen/_D5C6980.xmp
no_jpg,2025,2025.4,2025-07-18 Ny Ålesund and Kongsbreen,_D5C7004,(none),,2025.4,no jpg anywhere,data/xmp/result-2025/raw/2025.4/2025-07-18 Ny Ålesund and Kongsbreen/_D5C7004.xmp
no_jpg,2025,2025.4,2025-07-18 Ny Ålesund and Kongsbreen,_D5C7006,(none),,2025.4,no jpg anywhere,data/xmp/result-2025/raw/2025.4/2025-07-18 Ny Ålesund and Kongsbreen/_D5C7006.xmp
no_jpg,2025,2025.4,2025-07-18 Ny Ålesund and Kongsbreen,_D5C7050,(none),,2025.4,no jpg anywhere,data/xmp/result-2025/raw/2025.4/2025-07-18 Ny Ålesund and Kongsbreen/_D5C7050.xmp
no_jpg,2025,2025.4,2025-07-18 Ny Ålesund and Kongsbreen,_D5C7051,(none),,2025.4,no jpg anywhere,data/xmp/result-2025/raw/2025.4/2025-07-18 Ny Ålesund and Kongsbreen/_D5C7051.xmp
no_jpg,2025,2025.4,2025-07-18 Ny Ålesund and Kongsbreen,_D5C7052,(none),,2025.4,no jpg anywhere,data/xmp/result-2025/raw/2025.4/2025-07-18 Ny Ålesund and Kongsbreen/_D5C7052.xmp
no_jpg,2025,2025.4,2025-07-18 Ny Ålesund and Kongsbreen,_D5C7057,(none),,2025.4,no jpg anywhere,data/xmp/result-2025/raw/2025.4/2025-07-18 Ny Ålesund and Kongsbreen/_D5C7057.xmp
no_jpg,2025,2025.4,2025-07-18 Ny Ålesund and Kongsbreen,_D5C7070,(none),,2025.4,no jpg anywhere,data/xmp/result-2025/raw/2025.4/2025-07-18 Ny Ålesund and Kongsbreen/_D5C7070.xmp
no_jpg,2025,2025.4,2025-07-18 Ny Ålesund and Kongsbreen,_D5C7200,(none),,2025.4,no jpg anywhere,data/xmp/result-2025/raw/2025.4/2025-07-18 Ny Ålesund and Kongsbreen/_D5C7200.xmp
no_jpg,2025,2025.4,2025-07-18 Ny Ålesund and Kongsbreen,_D5C7243,(none),,2025.4,no jpg anywhere,data/xmp/result-2025/raw/2025.4/2025-07-18 Ny Ålesund and Kongsbreen/_D5C7243.xmp
no_jpg,2025,2025.4,2025-07-18 Ny Ålesund and Kongsbreen,_D5C7252,(none),,2025.4,no jpg anywhere,data/xmp/result-2025/raw/2025.4/2025-07-18 Ny Ålesund and Kongsbreen/_D5C7252.xmp
no_jpg,2025,2025.4,2025-07-18 Ny Ålesund and Kongsbreen,_D5C7270,(none),,2025.4,no jpg anywhere,data/xmp/result-2025/raw/2025.4/2025-07-18 Ny Ålesund and Kongsbreen/_D5C7270.xmp
no_jpg,2025,2025.4,2025-07-18 Ny Ålesund and Kongsbreen,_D5C7276,(none),,2025.4,no jpg anywhere,data/xmp/result-2025/raw/2025.4/2025-07-18 Ny Ålesund and Kongsbreen/_D5C7276.xmp
no_jpg,2025,2025.4,2025-07-18 Ny Ålesund and Kongsbreen,_D5C7278,(none),,2025.4,no jpg anywhere,data/xmp/result-2025/raw/2025.4/2025-07-18 Ny Ålesund and Kongsbreen/_D5C7278.xmp
no_jpg,2025,2025.4,2025-07-18 Ny Ålesund and Kongsbreen,_D5C7381,(none),,2025.4,no jpg anywhere,data/xmp/result-2025/raw/2025.4/2025-07-18 Ny Ålesund and Kongsbreen/_D5C7381.xmp
no_jpg,2025,2025.4,2025-07-18 Ny Ålesund and Kongsbreen,_D5C7430,(none),,2025.4,no jpg anywhere,data/xmp/result-2025/raw/2025.4/2025-07-18 Ny Ålesund and Kongsbreen/_D5C7430.xmp
no_jpg,2025,2025.4,2025-07-18 Ny Ålesund and Kongsbreen,_D5C7438,(none),,2025.4,no jpg anywhere,data/xmp/result-2025/raw/2025.4/2025-07-18 Ny Ålesund and Kongsbreen/_D5C7438.xmp
no_jpg,2025,2025.4,2025-07-18 Ny Ålesund and Kongsbreen,_D5C7529,(none),,2025.4,no jpg anywhere,data/xmp/result-2025/raw/2025.4/2025-07-18 Ny Ålesund and Kongsbreen/_D5C7529.xmp
no_jpg,2025,2025.4,2025-07-18 Ny Ålesund and Kongsbreen,_D5C7556,(none),,2025.4,no jpg anywhere,data/xmp/result-2025/raw/2025.4/2025-07-18 Ny Ålesund and Kongsbreen/_D5C7556.xmp
no_jpg,2025,2025.4,2025-07-18 Ny Ålesund and Kongsbreen,_D5C7599,(none),,2025.4,no jpg anywhere,data/xmp/result-2025/raw/2025.4/2025-07-18 Ny Ålesund and Kongsbreen/_D5C7599.xmp
no_jpg,2025,2025.4,2025-07-18 Ny Ålesund and Kongsbreen,_D5C7622,(none),,2025.4,no jpg anywhere,data/xmp/result-2025/raw/2025.4/2025-07-18 Ny Ålesund and Kongsbreen/_D5C7622.xmp
no_jpg,2025,2025.4,2025-07-18 Ny Ålesund and Kongsbreen,_D5C7670,(none),,2025.4,no jpg anywhere,data/xmp/result-2025/raw/2025.4/2025-07-18 Ny Ålesund and Kongsbreen/_D5C7670.xmp
no_jpg,2025,2025.4,2025-07-18 Ny Ålesund and Kongsbreen,_D5C7690,(none),,2025.4,no jpg anywhere,data/xmp/result-2025/raw/2025.4/2025-07-18 Ny Ålesund and Kongsbreen/_D5C7690.xmp
no_jpg,2025,2025.4,2025-07-18 Ny Ålesund and Kongsbreen,_D5C7692,(none),,2025.4,no jpg anywhere,data/xmp/result-2025/raw/2025.4/2025-07-18 Ny Ålesund and Kongsbreen/_D5C7692.xmp
no_jpg,2025,2025.4,2025-07-18 Ny Ålesund and Kongsbreen,_D5C7702,(none),,2025.4,no jpg anywhere,data/xmp/result-2025/raw/2025.4/2025-07-18 Ny Ålesund and Kongsbreen/_D5C7702.xmp
no_jpg,2025,2025.4,2025-07-18 Ny Ålesund and Kongsbreen,_D5C7707,(none),,2025.4,no jpg anywhere,data/xmp/result-2025/raw/2025.4/2025-07-18 Ny Ålesund and Kongsbreen/_D5C7707.xmp
no_jpg,2025,2025.4,2025-07-18 Ny Ålesund and Kongsbreen,_D5C7713,(none),,2025.4,no jpg anywhere,data/xmp/result-2025/raw/2025.4/2025-07-18 Ny Ålesund and Kongsbreen/_D5C7713.xmp
no_jpg,2025,2025.4,2025-07-18 Ny Ålesund and Kongsbreen,_D5C7715,(none),,2025.4,no jpg anywhere,data/xmp/result-2025/raw/2025.4/2025-07-18 Ny Ålesund and Kongsbreen/_D5C7715.xmp
no_jpg,2025,2025.4,2025-07-18 Ny Ålesund and Kongsbreen,_D5C7719,(none),,2025.4,no jpg anywhere,data/xmp/result-2025/raw/2025.4/2025-07-18 Ny Ålesund and Kongsbreen/_D5C7719.xmp
no_jpg,2025,2025.4,2025-07-18 Ny Ålesund and Kongsbreen,_D5C7732,(none),,2025.4,no jpg anywhere,data/xmp/result-2025/raw/2025.4/2025-07-18 Ny Ålesund and Kongsbreen/_D5C7732.xmp
no_jpg,2025,2025.4,2025-07-18 Ny Ålesund and Kongsbreen,_D5C7735,(none),,2025.4,no jpg anywhere,data/xmp/result-2025/raw/2025.4/2025-07-18 Ny Ålesund and Kongsbreen/_D5C7735.xmp
no_jpg,2025,2025.4,2025-07-18 Ny Ålesund and Kongsbreen,_D5C7757,(none),,2025.4,no jpg anywhere,data/xmp/result-2025/raw/2025.4/2025-07-18 Ny Ålesund and Kongsbreen/_D5C7757.xmp
no_jpg,2025,2025.4,2025-07-18 Ny Ålesund and Kongsbreen,_D5C7760,(none),,2025.4,no jpg anywhere,data/xmp/result-2025/raw/2025.4/2025-07-18 Ny Ålesund and Kongsbreen/_D5C7760.xmp
no_jpg,2025,2025.4,2025-07-18 Ny Ålesund and Kongsbreen,_D5C7890,(none),,2025.4,no jpg anywhere,data/xmp/result-2025/raw/2025.4/2025-07-18 Ny Ålesund and Kongsbreen/_D5C7890.xmp
no_jpg,2025,2025.4,2025-07-18 Ny Ålesund and Kongsbreen,_D5C7906,(none),,2025.4,no jpg anywhere,data/xmp/result-2025/raw/2025.4/2025-07-18 Ny Ålesund and Kongsbreen/_D5C7906.xmp
no_jpg,2025,2025.4,2025-07-18 Ny Ålesund and Kongsbreen,_D5C7933,(none),,2025.4,no jpg anywhere,data/xmp/result-2025/raw/2025.4/2025-07-18 Ny Ålesund and Kongsbreen/_D5C7933.xmp
no_jpg,2025,2025.4,2025-07-18 Ny Ålesund and Kongsbreen,_D5C7967,(none),,2025.4,no jpg anywhere,data/xmp/result-2025/raw/2025.4/2025-07-18 Ny Ålesund and Kongsbreen/_D5C7967.xmp
no_jpg,2025,2025.4,2025-07-18 Ny Ålesund and Kongsbreen,_D5C7970,(none),,2025.4,no jpg anywhere,data/xmp/result-2025/raw/2025.4/2025-07-18 Ny Ålesund and Kongsbreen/_D5C7970.xmp
no_jpg,2025,2025.4,2025-07-18 Ny Ålesund and Kongsbreen,_D5C7974,(none),,2025.4,no jpg anywhere,data/xmp/result-2025/raw/2025.4/2025-07-18 Ny Ålesund and Kongsbreen/_D5C7974.xmp
no_jpg,2025,2025.4,2025-07-18 Ny Ålesund and Kongsbreen,_D5C8010,(none),,2025.4,no jpg anywhere,data/xmp/result-2025/raw/2025.4/2025-07-18 Ny Ålesund and Kongsbreen/_D5C8010.xmp
no_jpg,2025,2025.4,2025-07-18 Ny Ålesund and Kongsbreen,_D5C8027,(none),,2025.4,no jpg anywhere,data/xmp/result-2025/raw/2025.4/2025-07-18 Ny Ålesund and Kongsbreen/_D5C8027.xmp
no_jpg,2025,2025.4,2025-07-18 Ny Ålesund and Kongsbreen,_D5C8155,(none),,2025.4,no jpg anywhere,data/xmp/result-2025/raw/2025.4/2025-07-18 Ny Ålesund and Kongsbreen/_D5C8155.xmp
no_jpg,2025,2025.4,2025-07-18 Ny Ålesund and Kongsbreen,_D5C8156,(none),,2025.4,no jpg anywhere,data/xmp/result-2025/raw/2025.4/2025-07-18 Ny Ålesund and Kongsbreen/_D5C8156.xmp
no_jpg,2025,2025.4,2025-07-18 Ny Ålesund and Kongsbreen,_D5C8250,(none),,2025.4,no jpg anywhere,data/xmp/result-2025/raw/2025.4/2025-07-18 Ny Ålesund and Kongsbreen/_D5C8250.xmp
no_jpg,2025,2025.4,2025-07-18 Ny Ålesund and Kongsbreen,_D5C8263,(none),,2025.4,no jpg anywhere,data/xmp/result-2025/raw/2025.4/2025-07-18 Ny Ålesund and Kongsbreen/_D5C8263.xmp
no_jpg,2025,2025.4,2025-07-18 Ny Ålesund and Kongsbreen,_D5C8272,(none),,2025.4,no jpg anywhere,data/xmp/result-2025/raw/2025.4/2025-07-18 Ny Ålesund and Kongsbreen/_D5C8272.xmp
no_jpg,2025,2025.4,2025-07-18 Ny Ålesund and Kongsbreen,_Z9C0997,(none),,2025.4,no jpg anywhere,data/xmp/result-2025/raw/2025.4/2025-07-18 Ny Ålesund and Kongsbreen/_Z9C0997.xmp
no_jpg,2025,2025.4,2025-07-18 Ny Ålesund and Kongsbreen,_Z9C1005,(none),,2025.4,no jpg anywhere,data/xmp/result-2025/raw/2025.4/2025-07-18 Ny Ålesund and Kongsbreen/_Z9C1005.xmp
no_jpg,2025,2025.4,2025-07-18 Ny Ålesund and Kongsbreen,_Z9C1057,(none),,2025.4,no jpg anywhere,data/xmp/result-2025/raw/2025.4/2025-07-18 Ny Ålesund and Kongsbreen/_Z9C1057.xmp
no_jpg,2025,2025.4,2025-07-18 Ny Ålesund and Kongsbreen,_Z9C1059,(none),,2025.4,no jpg anywhere,data/xmp/result-2025/raw/2025.4/2025-07-18 Ny Ålesund and Kongsbreen/_Z9C1059.xmp
no_jpg,2025,2025.4,2025-07-18 Ny Ålesund and Kongsbreen,_Z9C1063,(none),,2025.4,no jpg anywhere,data/xmp/result-2025/raw/2025.4/2025-07-18 Ny Ålesund and Kongsbreen/_Z9C1063.xmp
no_jpg,2025,2025.4,2025-07-18 Ny Ålesund and Kongsbreen,_Z9C1069,(none),,2025.4,no jpg anywhere,data/xmp/result-2025/raw/2025.4/2025-07-18 Ny Ålesund and Kongsbreen/_Z9C1069.xmp
no_jpg,2025,2025.4,2025-07-18 Ny Ålesund and Kongsbreen,_Z9C1073,(none),,2025.4,no jpg anywhere,data/xmp/result-2025/raw/2025.4/2025-07-18 Ny Ålesund and Kongsbreen/_Z9C1073.xmp
no_jpg,2025,2025.4,2025-07-18 Ny Ålesund and Kongsbreen,_Z9C1074,(none),,2025.4,no jpg anywhere,data/xmp/result-2025/raw/2025.4/2025-07-18 Ny Ålesund and Kongsbreen/_Z9C1074.xmp
no_jpg,2025,2025.4,2025-07-18 Ny Ålesund and Kongsbreen,_Z9C1085,(none),,2025.4,no jpg anywhere,data/xmp/result-2025/raw/2025.4/2025-07-18 Ny Ålesund and Kongsbreen/_Z9C1085.xmp
no_jpg,2025,2025.4,2025-07-18 Ny Ålesund and Kongsbreen,_Z9C1092,(none),,2025.4,no jpg anywhere,data/xmp/result-2025/raw/2025.4/2025-07-18 Ny Ålesund and Kongsbreen/_Z9C1092.xmp
no_jpg,2025,2025.4,2025-07-18 Ny Ålesund and Kongsbreen,_Z9C1099,(none),,2025.4,no jpg anywhere,data/xmp/result-2025/raw/2025.4/2025-07-18 Ny Ålesund and Kongsbreen/_Z9C1099.xmp
no_jpg,2025,2025.4,2025-07-18 Ny Ålesund and Kongsbreen,_Z9C1103,(none),,2025.4,no jpg anywhere,data/xmp/result-2025/raw/2025.4/2025-07-18 Ny Ålesund and Kongsbreen/_Z9C1103.xmp
no_jpg,2025,2025.4,2025-07-18 Ny Ålesund and Kongsbreen,_Z9C1109,(none),,2025.4,no jpg anywhere,data/xmp/result-2025/raw/2025.4/2025-07-18 Ny Ålesund and Kongsbreen/_Z9C1109.xmp
no_jpg,2025,2025.4,2025-07-18 Ny Ålesund and Kongsbreen,_Z9C1111,(none),,2025.4,no jpg anywhere,data/xmp/result-2025/raw/2025.4/2025-07-18 Ny Ålesund and Kongsbreen/_Z9C1111.xmp
no_jpg,2025,2025.4,2025-07-18 Ny Ålesund and Kongsbreen,_Z9C1117,(none),,2025.4,no jpg anywhere,data/xmp/result-2025/raw/2025.4/2025-07-18 Ny Ålesund and Kongsbreen/_Z9C1117.xmp
no_jpg,2025,2025.4,2025-07-18 Ny Ålesund and Kongsbreen,_Z9C1120,(none),,2025.4,no jpg anywhere,data/xmp/result-2025/raw/2025.4/2025-07-18 Ny Ålesund and Kongsbreen/_Z9C1120.xmp
no_jpg,2025,2025.4,2025-07-18 Ny Ålesund and Kongsbreen,_Z9C1129,(none),,2025.4,no jpg anywhere,data/xmp/result-2025/raw/2025.4/2025-07-18 Ny Ålesund and Kongsbreen/_Z9C1129.xmp
no_jpg,2025,2025.4,2025-07-18 Ny Ålesund and Kongsbreen,_Z9C1131,(none),,2025.4,no jpg anywhere,data/xmp/result-2025/raw/2025.4/2025-07-18 Ny Ålesund and Kongsbreen/_Z9C1131.xmp
no_jpg,2025,2025.4,2025-07-18 Ny Ålesund and Kongsbreen,_Z9C1138,(none),,2025.4,no jpg anywhere,data/xmp/result-2025/raw/2025.4/2025-07-18 Ny Ålesund and Kongsbreen/_Z9C1138.xmp
no_jpg,2025,2025.4,2025-07-18 Ny Ålesund and Kongsbreen,_Z9C1140,(none),,2025.4,no jpg anywhere,data/xmp/result-2025/raw/2025.4/2025-07-18 Ny Ålesund and Kongsbreen/_Z9C1140.xmp
no_jpg,2025,2025.4,2025-07-18 Ny Ålesund and Kongsbreen,_Z9C1145,(none),,2025.4,no jpg anywhere,data/xmp/result-2025/raw/2025.4/2025-07-18 Ny Ålesund and Kongsbreen/_Z9C1145.xmp
no_jpg,2025,2025.4,2025-07-18 Ny Ålesund and Kongsbreen,_Z9C1146,(none),,2025.4,no jpg anywhere,data/xmp/result-2025/raw/2025.4/2025-07-18 Ny Ålesund and Kongsbreen/_Z9C1146.xmp
no_jpg,2025,2025.4,2025-07-18 Ny Ålesund and Kongsbreen,_Z9C1148,(none),,2025.4,no jpg anywhere,data/xmp/result-2025/raw/2025.4/2025-07-18 Ny Ålesund and Kongsbreen/_Z9C1148.xmp
no_jpg,2025,2025.4,2025-07-18 Ny Ålesund and Kongsbreen,_Z9C1149,(none),,2025.4,no jpg anywhere,data/xmp/result-2025/raw/2025.4/2025-07-18 Ny Ålesund and Kongsbreen/_Z9C1149.xmp
no_jpg,2025,2025.4,2025-07-18 Ny Ålesund and Kongsbreen,_Z9C1156,(none),,2025.4,no jpg anywhere,data/xmp/result-2025/raw/2025.4/2025-07-18 Ny Ålesund and Kongsbreen/_Z9C1156.xmp
no_jpg,2025,2025.4,2025-07-18 Ny Ålesund and Kongsbreen,_Z9C1159,(none),,2025.4,no jpg anywhere,data/xmp/result-2025/raw/2025.4/2025-07-18 Ny Ålesund and Kongsbreen/_Z9C1159.xmp
no_jpg,2025,2025.4,2025-07-18 Ny Ålesund and Kongsbreen,_Z9C1160,(none),,2025.4,no jpg anywhere,data/xmp/result-2025/raw/2025.4/2025-07-18 Ny Ålesund and Kongsbreen/_Z9C1160.xmp
no_jpg,2025,2025.4,2025-07-18 Ny Ålesund and Kongsbreen,_Z9C1162,(none),,2025.4,no jpg anywhere,data/xmp/result-2025/raw/2025.4/2025-07-18 Ny Ålesund and Kongsbreen/_Z9C1162.xmp
no_jpg,2025,2025.4,2025-07-18 Ny Ålesund and Kongsbreen,_Z9C1167,(none),,2025.4,no jpg anywhere,data/xmp/result-2025/raw/2025.4/2025-07-18 Ny Ålesund and Kongsbreen/_Z9C1167.xmp
no_jpg,2025,2025.4,2025-07-18 Ny Ålesund and Kongsbreen,_Z9C1171,(none),,2025.4,no jpg anywhere,data/xmp/result-2025/raw/2025.4/2025-07-18 Ny Ålesund and Kongsbreen/_Z9C1171.xmp
no_jpg,2025,2025.4,2025-07-18 Ny Ålesund and Kongsbreen,_Z9C1180,(none),,2025.4,no jpg anywhere,data/xmp/result-2025/raw/2025.4/2025-07-18 Ny Ålesund and Kongsbreen/_Z9C1180.xmp
no_jpg,2025,2025.4,2025-07-18 Ny Ålesund and Kongsbreen,_Z9C1192,(none),,2025.4,no jpg anywhere,data/xmp/result-2025/raw/2025.4/2025-07-18 Ny Ålesund and Kongsbreen/_Z9C1192.xmp
no_jpg,2025,2025.4,2025-07-18 Ny Ålesund and Kongsbreen,_Z9C1202,(none),,2025.4,no jpg anywhere,data/xmp/result-2025/raw/2025.4/2025-07-18 Ny Ålesund and Kongsbreen/_Z9C1202.xmp
no_jpg,2025,2025.4,2025-07-18 Ny Ålesund and Kongsbreen,_Z9C1205,(none),,2025.4,no jpg anywhere,data/xmp/result-2025/raw/2025.4/2025-07-18 Ny Ålesund and Kongsbreen/_Z9C1205.xmp
no_jpg,2025,2025.4,2025-07-18 Ny Ålesund and Kongsbreen,_Z9C1217,(none),,2025.4,no jpg anywhere,data/xmp/result-2025/raw/2025.4/2025-07-18 Ny Ålesund and Kongsbreen/_Z9C1217.xmp
no_jpg,2025,2025.4,2025-07-18 Ny Ålesund and Kongsbreen,_Z9C1219,(none),,2025.4,no jpg anywhere,data/xmp/result-2025/raw/2025.4/2025-07-18 Ny Ålesund and Kongsbreen/_Z9C1219.xmp
no_jpg,2025,2025.4,2025-07-18 Ny Ålesund and Kongsbreen,_Z9C1226,(none),,2025.4,no jpg anywhere,data/xmp/result-2025/raw/2025.4/2025-07-18 Ny Ålesund and Kongsbreen/_Z9C1226.xmp
no_jpg,2025,2025.4,2025-07-18 Ny Ålesund and Kongsbreen,_Z9C1233,(none),,2025.4,no jpg anywhere,data/xmp/result-2025/raw/2025.4/2025-07-18 Ny Ålesund and Kongsbreen/_Z9C1233.xmp
no_jpg,2025,2025.4,2025-07-18 Ny Ålesund and Kongsbreen,_Z9C1237,(none),,2025.4,no jpg anywhere,data/xmp/result-2025/raw/2025.4/2025-07-18 Ny Ålesund and Kongsbreen/_Z9C1237.xmp
no_jpg,2025,2025.4,2025-07-18 Ny Ålesund and Kongsbreen,_Z9C1241,(none),,2025.4,no jpg anywhere,data/xmp/result-2025/raw/2025.4/2025-07-18 Ny Ålesund and Kongsbreen/_Z9C1241.xmp
no_jpg,2025,2025.4,2025-07-18 Ny Ålesund and Kongsbreen,_Z9C1246,(none),,2025.4,no jpg anywhere,data/xmp/result-2025/raw/2025.4/2025-07-18 Ny Ålesund and Kongsbreen/_Z9C1246.xmp
no_jpg,2025,2025.4,2025-07-18 Ny Ålesund and Kongsbreen,_Z9C1257,(none),,2025.4,no jpg anywhere,data/xmp/result-2025/raw/2025.4/2025-07-18 Ny Ålesund and Kongsbreen/_Z9C1257.xmp
no_jpg,2025,2025.4,2025-07-18 Ny Ålesund and Kongsbreen,_Z9C1266,(none),,2025.4,no jpg anywhere,data/xmp/result-2025/raw/2025.4/2025-07-18 Ny Ålesund and Kongsbreen/_Z9C1266.xmp
no_jpg,2025,2025.4,2025-07-18 Ny Ålesund and Kongsbreen,_Z9C1269,(none),,2025.4,no jpg anywhere,data/xmp/result-2025/raw/2025.4/2025-07-18 Ny Ålesund and Kongsbreen/_Z9C1269.xmp
no_jpg,2025,2025.4,2025-07-18 Ny Ålesund and Kongsbreen,_Z9C1294,(none),,2025.4,no jpg anywhere,data/xmp/result-2025/raw/2025.4/2025-07-18 Ny Ålesund and Kongsbreen/_Z9C1294.xmp
no_jpg,2025,2025.4,2025-07-18 Ny Ålesund and Kongsbreen,_Z9C1295,(none),,2025.4,no jpg anywhere,data/xmp/result-2025/raw/2025.4/2025-07-18 Ny Ålesund and Kongsbreen/_Z9C1295.xmp
no_jpg,2025,2025.4,2025-07-18 Ny Ålesund and Kongsbreen,_Z9C1303,(none),,2025.4,no jpg anywhere,data/xmp/result-2025/raw/2025.4/2025-07-18 Ny Ålesund and Kongsbreen/_Z9C1303.xmp
no_jpg,2025,2025.4,2025-07-18 Ny Ålesund and Kongsbreen,_Z9C1328,(none),,2025.4,no jpg anywhere,data/xmp/result-2025/raw/2025.4/2025-07-18 Ny Ålesund and Kongsbreen/_Z9C1328.xmp
no_jpg,2025,2025.4,2025-07-19 Oslo,_Z9C1390,(none),,2025.4,no jpg anywhere,data/xmp/result-2025/raw/2025.4/2025-07-19 Oslo/_Z9C1390.xmp
no_jpg,2025,2025.4,2025-07-19 Oslo,_Z9C1398,(none),,2025.4,no jpg anywhere,data/xmp/result-2025/raw/2025.4/2025-07-19 Oslo/_Z9C1398.xmp
no_jpg,2025,2025.4,2025-07-19 Oslo,_Z9C1408,(none),,2025.4,no jpg anywhere,data/xmp/result-2025/raw/2025.4/2025-07-19 Oslo/_Z9C1408.xmp
no_jpg,2025,2025.4,2025-07-20 Oslo,_V9A3607,(none),,2025.4,no jpg anywhere,data/xmp/result-2025/raw/2025.4/2025-07-20 Oslo/_V9A3607.xmp
off_folder_cross_year,2020,2020,2020-11-11 泰顺,_V9A7468,bird,yellow-legged gull,2020,found in: 2022,data/xmp/result-2020/raw/2020/2020-11-11 泰顺/_V9A7468.xmp
off_folder_cross_year,2023,2023.1,2023-03-06 西溪花间堂,_Z9C5598,people,,2023.1,found in: 2025.2,data/xmp/result-2023/raw/2023.1/2023-03-06 西溪花间堂/_Z9C5598.xmp
off_folder_cross_year,2023,2023.1,2023-03-06 西溪花间堂,_Z9C5606,people,,2023.1,found in: 2024.2,data/xmp/result-2023/raw/2023.1/2023-03-06 西溪花间堂/_Z9C5606.xmp
off_folder_cross_year,2023,2023.1,2023-03-06 西溪花间堂,_Z9C5646,scenery,,2023.1,found in: 2024.2,data/xmp/result-2023/raw/2023.1/2023-03-06 西溪花间堂/_Z9C5646.xmp
off_folder_cross_year,2023,2023.1,2023-03-06 西溪花间堂,_Z9C5653,bird,mallard ducks,2023.1,found in: 2024.1,data/xmp/result-2023/raw/2023.1/2023-03-06 西溪花间堂/_Z9C5653.xmp
off_folder_cross_year,2023,2023.1,2023-03-06 西溪花间堂,_Z9C5658,scenery,,2023.1,found in: 2024.3,data/xmp/result-2023/raw/2023.1/2023-03-06 西溪花间堂/_Z9C5658.xmp
off_folder_cross_year,2023,2023.1,2023-03-06 西溪花间堂,_Z9C5679,scenery,,2023.1,found in: 2025.2,data/xmp/result-2023/raw/2023.1/2023-03-06 西溪花间堂/_Z9C5679.xmp
off_folder_cross_year,2023,2023.1,2023-03-07 西溪花间堂,_Z9C5727,scenery,,2023.1,found in: 2024.3,data/xmp/result-2023/raw/2023.1/2023-03-07 西溪花间堂/_Z9C5727.xmp
off_folder_cross_year,2023,2023.1,2023-03-07 西溪花间堂,_Z9C5739,animal,koala,2023.1,found in: 2024.3,data/xmp/result-2023/raw/2023.1/2023-03-07 西溪花间堂/_Z9C5739.xmp
off_folder_cross_year,2023,2023.1,2023-03-07 西溪花间堂,_Z9C5743,scenery,,2023.1,found in: 2025.2,data/xmp/result-2023/raw/2023.1/2023-03-07 西溪花间堂/_Z9C5743.xmp
off_folder_cross_year,2023,2023.1,2023-03-07 西溪花间堂,_Z9C5761,people,,2023.1,found in: 2025.2,data/xmp/result-2023/raw/2023.1/2023-03-07 西溪花间堂/_Z9C5761.xmp
off_folder_cross_year,2023,2023.1,2023-03-07 西溪花间堂,_Z9C5803,animal,chihuahua dog resting on gravel,2023.1,found in: 2025.2,data/xmp/result-2023/raw/2023.1/2023-03-07 西溪花间堂/_Z9C5803.xmp
off_folder_cross_year,2023,2023.1,2023-03-07 西溪花间堂,_Z9C5831,scenery,,2023.1,found in: 2025.2,data/xmp/result-2023/raw/2023.1/2023-03-07 西溪花间堂/_Z9C5831.xmp
off_folder_cross_year,2023,2023.1,2023-03-07 西溪花间堂,_Z9C5841,scenery,,2023.1,found in: 2025.2,data/xmp/result-2023/raw/2023.1/2023-03-07 西溪花间堂/_Z9C5841.xmp
off_folder_cross_year,2023,2023.1,2023-03-07 西溪花间堂,_Z9C5849,scenery,,2023.1,found in: 2025.2,data/xmp/result-2023/raw/2023.1/2023-03-07 西溪花间堂/_Z9C5849.xmp
off_folder_cross_year,2023,2023.1,2023-03-07 西溪花间堂,_Z9C5858,scenery,,2023.1,found in: 2025.2,data/xmp/result-2023/raw/2023.1/2023-03-07 西溪花间堂/_Z9C5858.xmp
off_folder_cross_year,2023,2023.1,2023-03-07 西溪花间堂,_Z9C5860,scenery,,2023.1,found in: 2024.3,data/xmp/result-2023/raw/2023.1/2023-03-07 西溪花间堂/_Z9C5860.xmp
off_folder_cross_year,2023,2023.1,2023-03-07 西溪花间堂,_Z9C5862,scenery,,2023.1,found in: 2025.2,data/xmp/result-2023/raw/2023.1/2023-03-07 西溪花间堂/_Z9C5862.xmp
off_folder_cross_year,2023,2023.1,2023-03-07 西溪花间堂,_Z9C5864,bird,white-throated kingfisher,2023.1,found in: 2024.1,data/xmp/result-2023/raw/2023.1/2023-03-07 西溪花间堂/_Z9C5864.xmp
off_folder_cross_year,2023,2023.1,2023-03-07 西溪花间堂,_Z9C5905,bird,black-footed albatross,2023.1,found in: 2024.6,data/xmp/result-2023/raw/2023.1/2023-03-07 西溪花间堂/_Z9C5905.xmp
off_folder_cross_year,2023,2023.1,2023-03-07 西溪花间堂,_Z9C5908,bird,galah,2023.1,found in: 2025.2,data/xmp/result-2023/raw/2023.1/2023-03-07 西溪花间堂/_Z9C5908.xmp
off_folder_cross_year,2023,2023.1,2023-03-07 西溪花间堂,_Z9C5925,scenery,,2023.1,found in: 2025.2,data/xmp/result-2023/raw/2023.1/2023-03-07 西溪花间堂/_Z9C5925.xmp
off_folder_cross_year,2023,2023.1,2023-03-07 西溪花间堂,_Z9C5939,bird,green turaco,2023.1,found in: 2025.2,data/xmp/result-2023/raw/2023.1/2023-03-07 西溪花间堂/_Z9C5939.xmp
off_folder_cross_year,2023,2023.1,2023-03-07 西溪花间堂,_Z9C5985,animal,taxidermy display of birds and a squirrel,2023.1,found in: 2024.3,data/xmp/result-2023/raw/2023.1/2023-03-07 西溪花间堂/_Z9C5985.xmp
off_folder_cross_year,2023,2023.1,2023-03-07 西溪花间堂,_Z9C6059,people,,2023.1,found in: 2024.6,data/xmp/result-2023/raw/2023.1/2023-03-07 西溪花间堂/_Z9C6059.xmp
off_folder_cross_year,2023,2023.1,2023-03-09 西湖国宾馆,_D5D6420,bird,lapwing,2023.1,found in: 2022,data/xmp/result-2023/raw/2023.1/2023-03-09 西湖国宾馆/_D5D6420.xmp
off_folder_cross_year,2023,2023.1,2023-03-09 西湖国宾馆,_D5D6514,(none),,2023.1,found in: 2018.4,data/xmp/result-2023/raw/2023.1/2023-03-09 西湖国宾馆/_D5D6514.xmp
off_folder_cross_year,2023,2023.1,2023-03-09 西湖国宾馆,_D5D6524,(none),,2023.1,found in: 2018.2,data/xmp/result-2023/raw/2023.1/2023-03-09 西湖国宾馆/_D5D6524.xmp
off_folder_cross_year,2023,2023.1,2023-03-09 西湖国宾馆,_D5D6539,(none),,2023.1,found in: 2018.5,data/xmp/result-2023/raw/2023.1/2023-03-09 西湖国宾馆/_D5D6539.xmp
off_folder_cross_year,2023,2023.1,2023-03-09 西湖国宾馆,_D5D6585,bird,eurasian coot,2023.1,found in: 2022,data/xmp/result-2023/raw/2023.1/2023-03-09 西湖国宾馆/_D5D6585.xmp
off_folder_cross_year,2023,2023.1,2023-03-09 西湖国宾馆,_D5D6601,(none),,2023.1,found in: 2018.5,data/xmp/result-2023/raw/2023.1/2023-03-09 西湖国宾馆/_D5D6601.xmp
off_folder_cross_year,2023,2023.1,2023-03-09 西湖国宾馆,_D5D6618,bird,eurasian eagle-owl,2023.1,found in: 2024.5,data/xmp/result-2023/raw/2023.1/2023-03-09 西湖国宾馆/_D5D6618.xmp
off_folder_cross_year,2023,2023.1,2023-03-09 西湖国宾馆,_Z9C6248,bird,fulmar,2023.1,found in: 2024.6,data/xmp/result-2023/raw/2023.1/2023-03-09 西湖国宾馆/_Z9C6248.xmp
off_folder_cross_year,2023,2023.1,2023-03-09 西湖国宾馆,_Z9C6256,bird,snow petrel,2023.1,found in: 2024.6,data/xmp/result-2023/raw/2023.1/2023-03-09 西湖国宾馆/_Z9C6256.xmp
off_folder_cross_year,2023,2023.1,2023-03-09 西湖国宾馆,_Z9C6261,people,,2023.1,found in: 2025.2,data/xmp/result-2023/raw/2023.1/2023-03-09 西湖国宾馆/_Z9C6261.xmp
off_folder_cross_year,2023,2023.1,2023-03-09 西湖国宾馆,_Z9C6262,people,,2023.1,found in: 2025.2,data/xmp/result-2023/raw/2023.1/2023-03-09 西湖国宾馆/_Z9C6262.xmp
off_folder_cross_year,2023,2023.1,2023-03-09 西湖国宾馆,_Z9C6266,bird,ivory gull,2023.1,found in: 2024.6,data/xmp/result-2023/raw/2023.1/2023-03-09 西湖国宾馆/_Z9C6266.xmp
off_folder_cross_year,2023,2023.1,2023-03-09 西湖国宾馆,_Z9C6268,scenery,,2023.1,found in: 2024.6,data/xmp/result-2023/raw/2023.1/2023-03-09 西湖国宾馆/_Z9C6268.xmp
off_folder_cross_year,2023,2023.1,2023-03-09 西湖国宾馆,_Z9C6277,scenery,,2023.1,found in: 2024.6,data/xmp/result-2023/raw/2023.1/2023-03-09 西湖国宾馆/_Z9C6277.xmp
off_folder_cross_year,2023,2023.1,2023-03-09 西湖国宾馆,_Z9C6290,scenery,,2023.1,found in: 2024.6,data/xmp/result-2023/raw/2023.1/2023-03-09 西湖国宾馆/_Z9C6290.xmp
off_folder_cross_year,2023,2023.1,2023-03-09 西湖国宾馆,_Z9C6294,scenery,,2023.1,found in: 2024.6,data/xmp/result-2023/raw/2023.1/2023-03-09 西湖国宾馆/_Z9C6294.xmp
off_folder_cross_year,2023,2023.1,2023-03-09 西湖国宾馆,_Z9C6300,scenery,,2023.1,found in: 2024.6,data/xmp/result-2023/raw/2023.1/2023-03-09 西湖国宾馆/_Z9C6300.xmp
off_folder_cross_year,2023,2023.1,2023-03-09 西湖国宾馆,_Z9C6307,animal,king penguin,2023.1,found in: 2024.6,data/xmp/result-2023/raw/2023.1/2023-03-09 西湖国宾馆/_Z9C6307.xmp
off_folder_cross_year,2023,2023.1,2023-03-09 西湖国宾馆,_Z9C6309,people,,2023.1,found in: 2025.2,data/xmp/result-2023/raw/2023.1/2023-03-09 西湖国宾馆/_Z9C6309.xmp
off_folder_cross_year,2023,2023.1,2023-03-09 西湖国宾馆,_Z9C6311,animal,king penguins on grassy tundra,2023.1,found in: 2024.6,data/xmp/result-2023/raw/2023.1/2023-03-09 西湖国宾馆/_Z9C6311.xmp
off_folder_cross_year,2023,2023.1,2023-03-10 西湖国宾馆,_D5D6745,scenery,,2023.1,found in: 2024.2,data/xmp/result-2023/raw/2023.1/2023-03-10 西湖国宾馆/_D5D6745.xmp
off_folder_cross_year,2023,2023.1,2023-03-10 西湖国宾馆,_D5D6759,bird,white-eyed duck,2023.1,found in: 2024.1,data/xmp/result-2023/raw/2023.1/2023-03-10 西湖国宾馆/_D5D6759.xmp
off_folder_cross_year,2023,2023.1,2023-03-10 西湖国宾馆,_D5D6762,(none),,2023.1,found in: 2018.4,data/xmp/result-2023/raw/2023.1/2023-03-10 西湖国宾馆/_D5D6762.xmp
off_folder_cross_year,2023,2023.1,2023-03-10 西湖国宾馆,_Z9C6532,scenery,,2023.1,found in: 2024.6,data/xmp/result-2023/raw/2023.1/2023-03-10 西湖国宾馆/_Z9C6532.xmp
off_folder_cross_year,2023,2023.1,2023-03-10 西湖国宾馆,_Z9C6560,scenery,,2023.1,found in: 2025.2,data/xmp/result-2023/raw/2023.1/2023-03-10 西湖国宾馆/_Z9C6560.xmp
off_folder_cross_year,2023,2023.1,2023-03-13 瓯飞集团,_D5D6896,bird,common buzzard,2023.1,found in: 2021.6,data/xmp/result-2023/raw/2023.1/2023-03-13 瓯飞集团/_D5D6896.xmp
off_folder_cross_year,2023,2023.1,2023-03-13 瓯飞集团,_D5D6953,bird,olive warbler,2023.1,found in: 2021.2,data/xmp/result-2023/raw/2023.1/2023-03-13 瓯飞集团/_D5D6953.xmp
off_folder_cross_year,2023,2023.1,2023-03-13 瓯飞集团,_D5D6996,bird,buff-throated warbler,2023.1,found in: 2021.2,data/xmp/result-2023/raw/2023.1/2023-03-13 瓯飞集团/_D5D6996.xmp
off_folder_cross_year,2023,2023.1,2023-03-13 瓯飞集团,_D5D7089,bird,oriental magpie-robin,2023.1,found in: 2021.2,data/xmp/result-2023/raw/2023.1/2023-03-13 瓯飞集团/_D5D7089.xmp
off_folder_cross_year,2023,2023.1,2023-03-13 瓯飞集团,_D5D7261,bird,yellow-bellied prinia,2023.1,found in: 2021.2,data/xmp/result-2023/raw/2023.1/2023-03-13 瓯飞集团/_D5D7261.xmp
off_folder_cross_year,2023,2023.1,2023-03-13 瓯飞集团,_D5D7312,bird,magpie-lark,2023.1,found in: 2024.4,data/xmp/result-2023/raw/2023.1/2023-03-13 瓯飞集团/_D5D7312.xmp
off_folder_cross_year,2023,2023.1,2023-03-13 瓯飞集团,_D5D7361,bird,mallard,2023.1,found in: 2024.5,data/xmp/result-2023/raw/2023.1/2023-03-13 瓯飞集团/_D5D7361.xmp
off_folder_cross_year,2023,2023.1,2023-03-13 瓯飞集团,_Z9C6649,scenery,,2023.1,found in: 2025.2,data/xmp/result-2023/raw/2023.1/2023-03-13 瓯飞集团/_Z9C6649.xmp
off_folder_cross_year,2023,2023.1,2023-03-13 瓯飞集团,_Z9C6748,bird,eurasian curlew,2023.1,found in: 2024.1,data/xmp/result-2023/raw/2023.1/2023-03-13 瓯飞集团/_Z9C6748.xmp
off_folder_cross_year,2023,2023.1,2023-03-13 瓯飞集团,_Z9C6944,scenery,,2023.1,found in: 2025.2,data/xmp/result-2023/raw/2023.1/2023-03-13 瓯飞集团/_Z9C6944.xmp
off_folder_cross_year,2023,2023.1,2023-03-13 瓯飞集团,_Z9C7055,people,,2023.1,found in: 2025.2,data/xmp/result-2023/raw/2023.1/2023-03-13 瓯飞集团/_Z9C7055.xmp
off_folder_cross_year,2023,2023.1,2023-03-13 瓯飞集团,_Z9C7088,scenery,,2023.1,found in: 2025.2,data/xmp/result-2023/raw/2023.1/2023-03-13 瓯飞集团/_Z9C7088.xmp
off_folder_cross_year,2023,2023.1,2023-03-26 锦江&花园饭店,_Z9C7124,animal,adélie penguin colony on snowy antarctic coast,2023.1,found in: 2024.6,data/xmp/result-2023/raw/2023.1/2023-03-26 锦江&花园饭店/_Z9C7124.xmp
off_folder_cross_year,2023,2023.1,2023-03-26 锦江&花园饭店,_Z9C7125,bird,adélie penguin colony,2023.1,found in: 2024.6,data/xmp/result-2023/raw/2023.1/2023-03-26 锦江&花园饭店/_Z9C7125.xmp
off_folder_cross_year,2023,2023.1,2023-03-26 锦江&花园饭店,_Z9C7126,animal,adélie penguin colony on antarctic coast,2023.1,found in: 2024.6,data/xmp/result-2023/raw/2023.1/2023-03-26 锦江&花园饭店/_Z9C7126.xmp
off_folder_cross_year,2023,2023.1,2023-03-26 锦江&花园饭店,_Z9C7131,bird,atlantic puffin colony on coastal rocks,2023.1,found in: 2024.6,data/xmp/result-2023/raw/2023.1/2023-03-26 锦江&花园饭店/_Z9C7131.xmp
off_folder_cross_year,2023,2023.1,2023-03-26 锦江&花园饭店,_Z9C7139,people,,2023.1,found in: 2025.2,data/xmp/result-2023/raw/2023.1/2023-03-26 锦江&花园饭店/_Z9C7139.xmp
off_folder_cross_year,2023,2023.1,2023-03-26 锦江&花园饭店,_Z9C7156,scenery,,2023.1,found in: 2025.2,data/xmp/result-2023/raw/2023.1/2023-03-26 锦江&花园饭店/_Z9C7156.xmp
off_folder_cross_year,2023,2023.1,2023-03-26 锦江&花园饭店,_Z9C7158,scenery,,2023.1,found in: 2025.2,data/xmp/result-2023/raw/2023.1/2023-03-26 锦江&花园饭店/_Z9C7158.xmp
off_folder_cross_year,2023,2023.1,2023-03-26 锦江&花园饭店,_Z9C7162,scenery,,2023.1,found in: 2025.2,data/xmp/result-2023/raw/2023.1/2023-03-26 锦江&花园饭店/_Z9C7162.xmp
off_folder_cross_year,2023,2023.1,2023-03-26 锦江&花园饭店,_Z9C7163,scenery,,2023.1,found in: 2025.2,data/xmp/result-2023/raw/2023.1/2023-03-26 锦江&花园饭店/_Z9C7163.xmp
off_folder_cross_year,2023,2023.1,2023-03-26 锦江&花园饭店,_Z9C7166,people,,2023.1,found in: 2025.2,data/xmp/result-2023/raw/2023.1/2023-03-26 锦江&花园饭店/_Z9C7166.xmp
off_folder_cross_year,2023,2023.1,2023-03-26 锦江&花园饭店,_Z9C7168,scenery,,2023.1,found in: 2025.2,data/xmp/result-2023/raw/2023.1/2023-03-26 锦江&花园饭店/_Z9C7168.xmp
off_folder_cross_year,2023,2023.1,2023-03-26 锦江&花园饭店,_Z9C7172,scenery,,2023.1,found in: 2025.2,data/xmp/result-2023/raw/2023.1/2023-03-26 锦江&花园饭店/_Z9C7172.xmp
off_folder_cross_year,2023,2023.1,2023-03-27 美术馆&前滩,_Z9C7179,people,,2023.1,found in: 2025.2,data/xmp/result-2023/raw/2023.1/2023-03-27 美术馆&前滩/_Z9C7179.xmp
off_folder_cross_year,2023,2023.1,2023-03-27 美术馆&前滩,_Z9C7180,scenery,,2023.1,found in: 2025.2,data/xmp/result-2023/raw/2023.1/2023-03-27 美术馆&前滩/_Z9C7180.xmp
off_folder_cross_year,2023,2023.1,2023-03-27 美术馆&前滩,_Z9C7203,scenery,,2023.1,found in: 2025.2,data/xmp/result-2023/raw/2023.1/2023-03-27 美术馆&前滩/_Z9C7203.xmp
off_folder_cross_year,2023,2023.1,2023-03-27 美术馆&前滩,_Z9C7239,scenery,,2023.1,found in: 2024.4,data/xmp/result-2023/raw/2023.1/2023-03-27 美术馆&前滩/_Z9C7239.xmp
off_folder_cross_year,2023,2023.1,2023-03-27 美术馆&前滩,_Z9C7268,scenery,,2023.1,found in: 2024.6,data/xmp/result-2023/raw/2023.1/2023-03-27 美术馆&前滩/_Z9C7268.xmp
off_folder_cross_year,2023,2023.1,2023-03-27 美术馆&前滩,_Z9C7271,scenery,,2023.1,found in: 2024.6,data/xmp/result-2023/raw/2023.1/2023-03-27 美术馆&前滩/_Z9C7271.xmp
off_folder_cross_year,2023,2023.1,2023-03-27 美术馆&前滩,_Z9C7273,scenery,,2023.1,found in: 2024.6,data/xmp/result-2023/raw/2023.1/2023-03-27 美术馆&前滩/_Z9C7273.xmp
off_folder_cross_year,2023,2023.1,2023-03-27 美术馆&前滩,_Z9C7288,bird,white stork,2023.1,found in: 2025.2,data/xmp/result-2023/raw/2023.1/2023-03-27 美术馆&前滩/_Z9C7288.xmp
off_folder_cross_year,2023,2023.1,2023-03-27 美术馆&前滩,_Z9C7292,people,,2023.1,found in: 2024.6,data/xmp/result-2023/raw/2023.1/2023-03-27 美术馆&前滩/_Z9C7292.xmp
off_folder_cross_year,2023,2023.1,2023-03-27 美术馆&前滩,_Z9C7311,people,,2023.1,found in: 2025.2,data/xmp/result-2023/raw/2023.1/2023-03-27 美术馆&前滩/_Z9C7311.xmp
off_folder_cross_year,2023,2023.1,2023-03-27 美术馆&前滩,_Z9C7315,people,,2023.1,found in: 2025.2,data/xmp/result-2023/raw/2023.1/2023-03-27 美术馆&前滩/_Z9C7315.xmp
off_folder_cross_year,2023,2023.1,2023-03-27 美术馆&前滩,_Z9C7328,bird,yellow-legged gull,2023.1,found in: 2025.2,data/xmp/result-2023/raw/2023.1/2023-03-27 美术馆&前滩/_Z9C7328.xmp
off_folder_cross_year,2023,2023.1,2023-03-27 美术馆&前滩,_Z9C7334,people,,2023.1,found in: 2025.2,data/xmp/result-2023/raw/2023.1/2023-03-27 美术馆&前滩/_Z9C7334.xmp
off_folder_cross_year,2023,2023.1,2023-03-27 美术馆&前滩,_Z9C7340,people,,2023.1,found in: 2025.2,data/xmp/result-2023/raw/2023.1/2023-03-27 美术馆&前滩/_Z9C7340.xmp
off_folder_cross_year,2023,2023.1,2023-03-27 美术馆&前滩,_Z9C7342,people,,2023.1,found in: 2025.2,data/xmp/result-2023/raw/2023.1/2023-03-27 美术馆&前滩/_Z9C7342.xmp
off_folder_cross_year,2023,2023.1,2023-03-27 美术馆&前滩,_Z9C7351,scenery,,2023.1,found in: 2025.2,data/xmp/result-2023/raw/2023.1/2023-03-27 美术馆&前滩/_Z9C7351.xmp
off_folder_cross_year,2023,2023.1,2023-03-27 美术馆&前滩,_Z9C7354,scenery,,2023.1,found in: 2025.2,data/xmp/result-2023/raw/2023.1/2023-03-27 美术馆&前滩/_Z9C7354.xmp
off_folder_cross_year,2023,2023.1,2023-03-27 美术馆&前滩,_Z9C7357,scenery,,2023.1,found in: 2025.2,data/xmp/result-2023/raw/2023.1/2023-03-27 美术馆&前滩/_Z9C7357.xmp
off_folder_cross_year,2023,2023.1,2023-03-27 美术馆&前滩,_Z9C7359,scenery,,2023.1,found in: 2025.2,data/xmp/result-2023/raw/2023.1/2023-03-27 美术馆&前滩/_Z9C7359.xmp
off_folder_cross_year,2023,2023.1,2023-03-27 美术馆&前滩,_Z9C7361,animal,california sea lion,2023.1,found in: 2024.4,data/xmp/result-2023/raw/2023.1/2023-03-27 美术馆&前滩/_Z9C7361.xmp
off_folder_cross_year,2023,2023.1,2023-04-10 奉贤,_D5D7552,bird,slavonian grebe,2023.1,found in: 2024.2,data/xmp/result-2023/raw/2023.1/2023-04-10 奉贤/_D5D7552.xmp
off_folder_cross_year,2023,2023.1,2023-04-10 奉贤,_D5D7687,bird,dusky thrush,2023.1,found in: 2021.4,data/xmp/result-2023/raw/2023.1/2023-04-10 奉贤/_D5D7687.xmp
off_folder_cross_year,2023,2023.1,2023-04-10 奉贤,_D5D7814,bird,greater crested tern,2023.1,found in: 2021.3,data/xmp/result-2023/raw/2023.1/2023-04-10 奉贤/_D5D7814.xmp
off_folder_cross_year,2023,2023.1,2023-04-10 青溪古镇,_Z9C7475,scenery,,2023.1,found in: 2024.4,data/xmp/result-2023/raw/2023.1/2023-04-10 青溪古镇/_Z9C7475.xmp
off_folder_cross_year,2023,2023.1,2023-04-10 青溪古镇,_Z9C7493,scenery,,2023.1,found in: 2024.4,data/xmp/result-2023/raw/2023.1/2023-04-10 青溪古镇/_Z9C7493.xmp
off_folder_cross_year,2023,2023.1,2023-04-10 青溪古镇,_Z9C7506,scenery,,2023.1,found in: 2024.4,data/xmp/result-2023/raw/2023.1/2023-04-10 青溪古镇/_Z9C7506.xmp
off_folder_cross_year,2023,2023.1,2023-04-10 青溪古镇,_Z9C7513,people,,2023.1,found in: 2025.2,data/xmp/result-2023/raw/2023.1/2023-04-10 青溪古镇/_Z9C7513.xmp
off_folder_cross_year,2023,2023.1,2023-05-09 富春山居,_V9A1011,bird,common moorhen chicks,2023.1,found in: 2021.4,data/xmp/result-2023/raw/2023.1/2023-05-09 富春山居/_V9A1011.xmp
off_folder_cross_year,2023,2023.1,2023-05-09 富春山居,_Z9C7690,people,,2023.1,found in: 2025.2,data/xmp/result-2023/raw/2023.1/2023-05-09 富春山居/_Z9C7690.xmp
off_folder_cross_year,2023,2023.1,2023-05-09 富春山居,_Z9C7708,scenery,,2023.1,found in: 2025.2,data/xmp/result-2023/raw/2023.1/2023-05-09 富春山居/_Z9C7708.xmp
off_folder_cross_year,2023,2023.1,2023-05-09 富春山居,_Z9C7710,scenery,,2023.1,found in: 2024.4,data/xmp/result-2023/raw/2023.1/2023-05-09 富春山居/_Z9C7710.xmp
off_folder_cross_year,2023,2023.1,2023-05-09 富春山居,_Z9C7715,scenery,,2023.1,found in: 2025.2,data/xmp/result-2023/raw/2023.1/2023-05-09 富春山居/_Z9C7715.xmp
off_folder_cross_year,2023,2023.1,2023-05-09 富春山居,_Z9C7719,scenery,,2023.1,found in: 2024.4,data/xmp/result-2023/raw/2023.1/2023-05-09 富春山居/_Z9C7719.xmp
off_folder_cross_year,2023,2023.1,2023-05-09 富春山居,_Z9C7745,people,,2023.1,found in: 2025.2,data/xmp/result-2023/raw/2023.1/2023-05-09 富春山居/_Z9C7745.xmp
off_folder_cross_year,2023,2023.1,2023-05-09 富春山居,_Z9C7759,scenery,,2023.1,found in: 2024.4,data/xmp/result-2023/raw/2023.1/2023-05-09 富春山居/_Z9C7759.xmp
off_folder_cross_year,2023,2023.1,2023-05-09 富春山居,_Z9C7760,scenery,,2023.1,found in: 2024.4,data/xmp/result-2023/raw/2023.1/2023-05-09 富春山居/_Z9C7760.xmp
off_folder_cross_year,2023,2023.1,2023-05-09 富春山居,_Z9C7767,scenery,,2023.1,found in: 2024.4,data/xmp/result-2023/raw/2023.1/2023-05-09 富春山居/_Z9C7767.xmp
off_folder_cross_year,2023,2023.1,2023-05-09 富春山居,_Z9C7769,scenery,,2023.1,found in: 2024.4,data/xmp/result-2023/raw/2023.1/2023-05-09 富春山居/_Z9C7769.xmp
off_folder_cross_year,2023,2023.1,2023-05-09 富春山居 旅拍,IMG_3224,people,,2023.1,found in: 2025.2,data/xmp/result-2023/raw/2023.1/2023-05-09 富春山居 旅拍/IMG_3224.xmp
off_folder_cross_year,2023,2023.1,2023-05-09 富春山居 旅拍,IMG_3225,scenery,,2023.1,found in: 2024.5,data/xmp/result-2023/raw/2023.1/2023-05-09 富春山居 旅拍/IMG_3225.xmp
off_folder_cross_year,2023,2023.1,2023-05-09 富春山居 旅拍,IMG_3271,people,,2023.1,found in: 2025.2,data/xmp/result-2023/raw/2023.1/2023-05-09 富春山居 旅拍/IMG_3271.xmp
off_folder_cross_year,2023,2023.1,2023-05-09 富春山居 旅拍,IMG_3279,scenery,,2023.1,found in: 2025.2,data/xmp/result-2023/raw/2023.1/2023-05-09 富春山居 旅拍/IMG_3279.xmp
off_folder_cross_year,2023,2023.1,2023-05-09 富春山居 旅拍,IMG_3319,scenery,,2023.1,found in: 2025.2,data/xmp/result-2023/raw/2023.1/2023-05-09 富春山居 旅拍/IMG_3319.xmp
off_folder_cross_year,2023,2023.1,2023-05-09 富春山居 旅拍,IMG_3327,scenery,,2023.1,found in: 2025.2,data/xmp/result-2023/raw/2023.1/2023-05-09 富春山居 旅拍/IMG_3327.xmp
off_folder_cross_year,2023,2023.1,2023-05-13 苏州 平江路,_V9A1051,bird,white-rumped shama,2023.1,found in: 2021.4,data/xmp/result-2023/raw/2023.1/2023-05-13 苏州 平江路/_V9A1051.xmp
off_folder_cross_year,2023,2023.1,2023-05-13 苏州 平江路,_V9A1067,bird,eurasian turtle dove,2023.1,found in: 2021.4,data/xmp/result-2023/raw/2023.1/2023-05-13 苏州 平江路/_V9A1067.xmp
off_folder_cross_year,2023,2023.1,2023-05-13 苏州 平江路,_V9A1115,bird,mountain imperial pigeon,2023.1,found in: 2021.4,data/xmp/result-2023/raw/2023.1/2023-05-13 苏州 平江路/_V9A1115.xmp
off_folder_cross_year,2023,2023.1,2023-05-21 自行车赛,_Z9C8026,scenery,,2023.1,found in: 2024.4,data/xmp/result-2023/raw/2023.1/2023-05-21 自行车赛/_Z9C8026.xmp
off_folder_cross_year,2023,2023.1,2023-05-21 自行车赛,_Z9C8066,people,,2023.1,found in: 2024.4,data/xmp/result-2023/raw/2023.1/2023-05-21 自行车赛/_Z9C8066.xmp
off_folder_cross_year,2023,2023.1,2023-05-21 自行车赛,_Z9C8071,people,,2023.1,found in: 2024.4,data/xmp/result-2023/raw/2023.1/2023-05-21 自行车赛/_Z9C8071.xmp
off_folder_cross_year,2023,2023.1,2023-05-21 自行车赛,_Z9C8257,people,,2023.1,found in: 2025.3,data/xmp/result-2023/raw/2023.1/2023-05-21 自行车赛/_Z9C8257.xmp
off_folder_cross_year,2023,2023.1,2023-05-21 自行车赛,_Z9C8413,scenery,,2023.1,found in: 2025.2,data/xmp/result-2023/raw/2023.1/2023-05-21 自行车赛/_Z9C8413.xmp
off_folder_cross_year,2023,2023.1,2023-05-21 自行车赛,_Z9C8572,scenery,,2023.1,found in: 2024.7,data/xmp/result-2023/raw/2023.1/2023-05-21 自行车赛/_Z9C8572.xmp
off_folder_cross_year,2023,2023.1,2023-05-21 自行车赛,_Z9C8586,bird,arctic tern,2023.1,found in: 2025.3,data/xmp/result-2023/raw/2023.1/2023-05-21 自行车赛/_Z9C8586.xmp
off_folder_cross_year,2023,2023.1,2023-05-21 自行车赛,_Z9C8600,people,,2023.1,found in: 2024.4,data/xmp/result-2023/raw/2023.1/2023-05-21 自行车赛/_Z9C8600.xmp
off_folder_cross_year,2023,2023.1,2023-05-21 自行车赛,_Z9C8614,scenery,,2023.1,found in: 2025.2,data/xmp/result-2023/raw/2023.1/2023-05-21 自行车赛/_Z9C8614.xmp
off_folder_cross_year,2023,2023.1,2023-05-21 自行车赛,_Z9C8629,scenery,,2023.1,found in: 2025.3,data/xmp/result-2023/raw/2023.1/2023-05-21 自行车赛/_Z9C8629.xmp
off_folder_cross_year,2023,2023.1,2023-05-21 自行车赛,_Z9C8676,scenery,,2023.1,found in: 2025.3,data/xmp/result-2023/raw/2023.1/2023-05-21 自行车赛/_Z9C8676.xmp
off_folder_cross_year,2023,2023.1,2023-05-21 自行车赛,_Z9C8680,scenery,covered water,2023.1,found in: 2024.7,data/xmp/result-2023/raw/2023.1/2023-05-21 自行车赛/_Z9C8680.xmp
off_folder_cross_year,2023,2023.1,2023-05-21 自行车赛,_Z9C8762,scenery,,2023.1,found in: 2024.7,data/xmp/result-2023/raw/2023.1/2023-05-21 自行车赛/_Z9C8762.xmp
off_folder_cross_year,2023,2023.1,2023-05-21 自行车赛,_Z9C8874,scenery,,2023.1,found in: 2025.2,data/xmp/result-2023/raw/2023.1/2023-05-21 自行车赛/_Z9C8874.xmp
off_folder_cross_year,2023,2023.1,2023-05-21 自行车赛,_Z9C8929,scenery,,2023.1,found in: 2024.4,data/xmp/result-2023/raw/2023.1/2023-05-21 自行车赛/_Z9C8929.xmp
off_folder_cross_year,2023,2023.1,2023-05-21 自行车赛,_Z9C8996,scenery,,2023.1,found in: 2024.4,data/xmp/result-2023/raw/2023.1/2023-05-21 自行车赛/_Z9C8996.xmp
off_folder_cross_year,2023,2023.1,2023-06-06 一尺花园,_Z9C9073,animal,polar bear,2023.1,found in: 2025.3,data/xmp/result-2023/raw/2023.1/2023-06-06 一尺花园/_Z9C9073.xmp
off_folder_cross_year,2023,2023.1,2023-06-06 一尺花园,_Z9C9077,animal,polar bear,2023.1,found in: 2025.3,data/xmp/result-2023/raw/2023.1/2023-06-06 一尺花园/_Z9C9077.xmp
off_folder_cross_year,2023,2023.1,2023-06-06 一尺花园,_Z9C9079,scenery,,2023.1,found in: 2025.2,data/xmp/result-2023/raw/2023.1/2023-06-06 一尺花园/_Z9C9079.xmp
off_folder_cross_year,2023,2023.1,2023-06-06 一尺花园,_Z9C9080,scenery,,2023.1,found in: 2025.2,data/xmp/result-2023/raw/2023.1/2023-06-06 一尺花园/_Z9C9080.xmp
off_folder_cross_year,2023,2023.1,2023-06-06 一尺花园,_Z9C9081,scenery,,2023.1,found in: 2025.2,data/xmp/result-2023/raw/2023.1/2023-06-06 一尺花园/_Z9C9081.xmp
off_folder_cross_year,2023,2023.1,2023-06-06 一尺花园,_Z9C9085,scenery,,2023.1,found in: 2025.2,data/xmp/result-2023/raw/2023.1/2023-06-06 一尺花园/_Z9C9085.xmp
off_folder_cross_year,2023,2023.1,2023-06-06 一尺花园,_Z9C9097,people,,2023.1,found in: 2025.2,data/xmp/result-2023/raw/2023.1/2023-06-06 一尺花园/_Z9C9097.xmp
off_folder_cross_year,2023,2023.1,2023-06-06 一尺花园,_Z9C9113,scenery,,2023.1,found in: 2024.7,data/xmp/result-2023/raw/2023.1/2023-06-06 一尺花园/_Z9C9113.xmp
off_folder_cross_year,2023,2023.1,2023-06-06 一尺花园,_Z9C9127,people,,2023.1,found in: 2024.7,data/xmp/result-2023/raw/2023.1/2023-06-06 一尺花园/_Z9C9127.xmp
off_folder_cross_year,2023,2023.1,2023-06-06 一尺花园,_Z9C9135,bird,demoiselle crane,2023.1,found in: 2024.1,data/xmp/result-2023/raw/2023.1/2023-06-06 一尺花园/_Z9C9135.xmp
off_folder_cross_year,2023,2023.1,2023-06-06 一尺花园,_Z9C9161,scenery,,2023.1,found in: 2024.5,data/xmp/result-2023/raw/2023.1/2023-06-06 一尺花园/_Z9C9161.xmp
off_folder_cross_year,2023,2023.1,2023-06-06 一尺花园,_Z9C9174,bird,black skimmer,2023.1,found in: 2024.7,data/xmp/result-2023/raw/2023.1/2023-06-06 一尺花园/_Z9C9174.xmp
off_folder_cross_year,2023,2023.1,2023-06-06 一尺花园,_Z9C9177,scenery,,2023.1,found in: 2024.5,data/xmp/result-2023/raw/2023.1/2023-06-06 一尺花园/_Z9C9177.xmp
off_folder_cross_year,2023,2023.1,2023-06-06 一尺花园,_Z9C9192,people,,2023.1,found in: 2025.3,data/xmp/result-2023/raw/2023.1/2023-06-06 一尺花园/_Z9C9192.xmp
off_folder_cross_year,2023,2023.1,2023-06-09 宁波 老外滩,_Z9C9193,people,,2023.1,found in: 2025.3,data/xmp/result-2023/raw/2023.1/2023-06-09 宁波 老外滩/_Z9C9193.xmp
off_folder_cross_year,2023,2023.1,2023-06-09 宁波 老外滩,_Z9C9194,people,,2023.1,found in: 2025.3,data/xmp/result-2023/raw/2023.1/2023-06-09 宁波 老外滩/_Z9C9194.xmp
off_folder_cross_year,2023,2023.1,2023-06-09 宁波 老外滩,_Z9C9197,people,,2023.1,found in: 2025.3,data/xmp/result-2023/raw/2023.1/2023-06-09 宁波 老外滩/_Z9C9197.xmp
off_folder_cross_year,2023,2023.1,2023-06-09 宁波 老外滩,_Z9C9199,scenery,,2023.1,found in: 2024.5,data/xmp/result-2023/raw/2023.1/2023-06-09 宁波 老外滩/_Z9C9199.xmp
off_folder_cross_year,2023,2023.1,2023-06-09 宁波 老外滩,_Z9C9203,bird,lesser black-backed gull,2023.1,found in: 2024.7,data/xmp/result-2023/raw/2023.1/2023-06-09 宁波 老外滩/_Z9C9203.xmp
off_folder_cross_year,2023,2023.1,2023-06-09 宁波 老外滩,_Z9C9204,people,,2023.1,found in: 2025.3,data/xmp/result-2023/raw/2023.1/2023-06-09 宁波 老外滩/_Z9C9204.xmp
off_folder_cross_year,2023,2023.1,2023-06-09 宁波 老外滩,_Z9C9205,people,,2023.1,found in: 2025.3,data/xmp/result-2023/raw/2023.1/2023-06-09 宁波 老外滩/_Z9C9205.xmp
off_folder_cross_year,2023,2023.1,2023-06-09 宁波 老外滩,_Z9C9212,people,,2023.1,found in: 2025.3,data/xmp/result-2023/raw/2023.1/2023-06-09 宁波 老外滩/_Z9C9212.xmp
off_folder_cross_year,2023,2023.1,2023-06-09 宁波 老外滩,_Z9C9216,people,,2023.1,found in: 2025.3,data/xmp/result-2023/raw/2023.1/2023-06-09 宁波 老外滩/_Z9C9216.xmp
off_folder_cross_year,2023,2023.1,2023-06-09 宁波 老外滩,_Z9C9217,scenery,,2023.1,found in: 2024.5,data/xmp/result-2023/raw/2023.1/2023-06-09 宁波 老外滩/_Z9C9217.xmp
off_folder_cross_year,2023,2023.1,2023-06-10 普陀山,_Z9C9256,scenery,,2023.1,found in: 2025.2,data/xmp/result-2023/raw/2023.1/2023-06-10 普陀山/_Z9C9256.xmp
off_folder_cross_year,2023,2023.1,2023-06-10 普陀山,_Z9C9280,scenery,,2023.1,found in: 2025.2,data/xmp/result-2023/raw/2023.1/2023-06-10 普陀山/_Z9C9280.xmp
off_folder_cross_year,2023,2023.1,2023-06-10 普陀山,_Z9C9303,scenery,,2023.1,found in: 2025.3,data/xmp/result-2023/raw/2023.1/2023-06-10 普陀山/_Z9C9303.xmp
off_folder_cross_year,2023,2023.1,2023-06-10 普陀山,_Z9C9306,scenery,,2023.1,found in: 2025.3,data/xmp/result-2023/raw/2023.1/2023-06-10 普陀山/_Z9C9306.xmp
off_folder_cross_year,2023,2023.1,2023-06-10 普陀山,_Z9C9322,bird,common murre,2023.1,found in: 2025.3,data/xmp/result-2023/raw/2023.1/2023-06-10 普陀山/_Z9C9322.xmp
off_folder_cross_year,2023,2023.1,2023-06-10 普陀山,_Z9C9354,people,,2023.1,found in: 2024.5,data/xmp/result-2023/raw/2023.1/2023-06-10 普陀山/_Z9C9354.xmp
off_folder_cross_year,2023,2023.1,2023-06-10 普陀山,_Z9C9375,bird,black guillemot,2023.1,found in: 2025.3,data/xmp/result-2023/raw/2023.1/2023-06-10 普陀山/_Z9C9375.xmp
off_folder_cross_year,2023,2023.1,2023-06-10 普陀山,_Z9C9379,bird,black guillemot,2023.1,found in: 2025.3,data/xmp/result-2023/raw/2023.1/2023-06-10 普陀山/_Z9C9379.xmp
off_folder_cross_year,2023,2023.1,2023-06-10 普陀山,_Z9C9389,bird,mute swan with cygnets,2023.1,found in: 2025.2,data/xmp/result-2023/raw/2023.1/2023-06-10 普陀山/_Z9C9389.xmp
off_folder_cross_year,2023,2023.1,2023-06-10 普陀山,_Z9C9427,scenery,,2023.1,found in: 2024.5,data/xmp/result-2023/raw/2023.1/2023-06-10 普陀山/_Z9C9427.xmp
off_folder_cross_year,2023,2023.1,2023-06-10 普陀山,_Z9C9434,scenery,,2023.1,found in: 2025.2,data/xmp/result-2023/raw/2023.1/2023-06-10 普陀山/_Z9C9434.xmp
off_folder_cross_year,2023,2023.1,2023-06-10 普陀山,_Z9C9438,scenery,,2023.1,found in: 2024.5,data/xmp/result-2023/raw/2023.1/2023-06-10 普陀山/_Z9C9438.xmp
off_folder_cross_year,2023,2023.1,2023-06-11 宁波,_Z9C9444,scenery,,2023.1,found in: 2024.5,data/xmp/result-2023/raw/2023.1/2023-06-11 宁波/_Z9C9444.xmp
off_folder_cross_year,2023,2023.1,2023-06-11 宁波,_Z9C9450,bird,white-eyed duck,2023.1,found in: 2024.1,data/xmp/result-2023/raw/2023.1/2023-06-11 宁波/_Z9C9450.xmp
off_folder_cross_year,2023,2023.1,2023-06-11 宁波,_Z9C9461,scenery,,2023.1,found in: 2024.5,data/xmp/result-2023/raw/2023.1/2023-06-11 宁波/_Z9C9461.xmp
off_folder_cross_year,2023,2023.1,2023-06-11 宁波,_Z9C9463,bird,common wood pigeon,2023.1,found in: 2025.2,data/xmp/result-2023/raw/2023.1/2023-06-11 宁波/_Z9C9463.xmp
off_folder_cross_year,2023,2023.1,2023-06-11 宁波,_Z9C9479,bird,lesser scaup,2023.1,found in: 2024.1,data/xmp/result-2023/raw/2023.1/2023-06-11 宁波/_Z9C9479.xmp
off_folder_cross_year,2023,2023.1,2023-06-11 宁波,_Z9C9484,people,,2023.1,found in: 2024.7,data/xmp/result-2023/raw/2023.1/2023-06-11 宁波/_Z9C9484.xmp
off_folder_cross_year,2023,2023.1,2023-06-11 宁波,_Z9C9488,people,,2023.1,found in: 2024.7,data/xmp/result-2023/raw/2023.1/2023-06-11 宁波/_Z9C9488.xmp
off_folder_cross_year,2023,2023.1,2023-06-11 宁波,_Z9C9493,scenery,,2023.1,found in: 2024.5,data/xmp/result-2023/raw/2023.1/2023-06-11 宁波/_Z9C9493.xmp
off_folder_cross_year,2023,2023.1,2023-06-11 宁波,_Z9C9495,scenery,,2023.1,found in: 2024.7,data/xmp/result-2023/raw/2023.1/2023-06-11 宁波/_Z9C9495.xmp
off_folder_cross_year,2023,2023.1,2023-06-11 宁波,_Z9C9515,bird,rufous-collared sparrow,2023.1,found in: 2024.7,data/xmp/result-2023/raw/2023.1/2023-06-11 宁波/_Z9C9515.xmp
off_folder_cross_year,2023,2023.1,2023-06-11 宁波,_Z9C9524,people,,2023.1,found in: 2025.2,data/xmp/result-2023/raw/2023.1/2023-06-11 宁波/_Z9C9524.xmp
off_folder_cross_year,2023,2023.1,2023-06-11 宁波,_Z9C9525,people,,2023.1,found in: 2025.2,data/xmp/result-2023/raw/2023.1/2023-06-11 宁波/_Z9C9525.xmp
off_folder_cross_year,2023,2023.1,2023-06-11 宁波,_Z9C9529,scenery,,2023.1,found in: 2025.2,data/xmp/result-2023/raw/2023.1/2023-06-11 宁波/_Z9C9529.xmp
off_folder_cross_year,2023,2023.1,2023-06-11 宁波,_Z9C9534,scenery,,2023.1,found in: 2024.5,data/xmp/result-2023/raw/2023.1/2023-06-11 宁波/_Z9C9534.xmp
off_folder_cross_year,2023,2023.1,2023-06-11 月湖夜景,_Z9C9541,scenery,,2023.1,found in: 2025.2,data/xmp/result-2023/raw/2023.1/2023-06-11 月湖夜景/_Z9C9541.xmp
off_folder_cross_year,2023,2023.1,2023-06-11 月湖夜景,_Z9C9543,scenery,,2023.1,found in: 2024.5,data/xmp/result-2023/raw/2023.1/2023-06-11 月湖夜景/_Z9C9543.xmp
off_folder_cross_year,2023,2023.1,2023-06-11 月湖夜景,_Z9C9545,scenery,,2023.1,found in: 2025.2,data/xmp/result-2023/raw/2023.1/2023-06-11 月湖夜景/_Z9C9545.xmp
off_folder_cross_year,2023,2023.1,2023-06-11 月湖夜景,_Z9C9550,scenery,,2023.1,found in: 2025.3,data/xmp/result-2023/raw/2023.1/2023-06-11 月湖夜景/_Z9C9550.xmp
off_folder_cross_year,2023,2023.1,2023-06-11 月湖夜景,_Z9C9591,scenery,,2023.1,found in: 2024.5,data/xmp/result-2023/raw/2023.1/2023-06-11 月湖夜景/_Z9C9591.xmp
off_folder_cross_year,2023,2023.1,2023-06-11 月湖夜景,_Z9C9642,scenery,,2023.1,found in: 2024.5,data/xmp/result-2023/raw/2023.1/2023-06-11 月湖夜景/_Z9C9642.xmp
off_folder_cross_year,2023,2023.1,2023-06-11 月湖夜景,_Z9C9650,scenery,,2023.1,found in: 2025.2,data/xmp/result-2023/raw/2023.1/2023-06-11 月湖夜景/_Z9C9650.xmp
off_folder_cross_year,2023,2023.1,2023-06-11 月湖夜景,_Z9C9656,people,,2023.1,found in: 2024.5,data/xmp/result-2023/raw/2023.1/2023-06-11 月湖夜景/_Z9C9656.xmp
off_folder_cross_year,2023,2023.1,2023-06-11 月湖夜景,_Z9C9658,scenery,,2023.1,found in: 2025.2,data/xmp/result-2023/raw/2023.1/2023-06-11 月湖夜景/_Z9C9658.xmp
off_folder_cross_year,2023,2023.1,2023-06-11 月湖夜景,_Z9C9669,scenery,,2023.1,found in: 2024.5,data/xmp/result-2023/raw/2023.1/2023-06-11 月湖夜景/_Z9C9669.xmp
off_folder_cross_year,2023,2023.1,2023-06-12 月湖,_Z9C9710,scenery,,2023.1,found in: 2024.5,data/xmp/result-2023/raw/2023.1/2023-06-12 月湖/_Z9C9710.xmp
off_folder_cross_year,2023,2023.1,2023-06-12 月湖,_Z9C9712,scenery,,2023.1,found in: 2024.5,data/xmp/result-2023/raw/2023.1/2023-06-12 月湖/_Z9C9712.xmp
off_folder_cross_year,2023,2023.1,2023-08-17 Muir & Sausalito Tour,_Z9C9753,scenery,,2023.1,found in: 2025.2,data/xmp/result-2023/raw/2023.1/2023-08-17 Muir & Sausalito Tour/_Z9C9753.xmp
off_folder_cross_year,2023,2023.1,2023-08-17 Muir & Sausalito Tour,_Z9C9755,scenery,,2023.1,found in: 2024.7,data/xmp/result-2023/raw/2023.1/2023-08-17 Muir & Sausalito Tour/_Z9C9755.xmp
off_folder_cross_year,2023,2023.1,2023-08-17 Muir & Sausalito Tour,_Z9C9758,animal,humboldt penguin,2023.1,found in: 2024.7,data/xmp/result-2023/raw/2023.1/2023-08-17 Muir & Sausalito Tour/_Z9C9758.xmp
off_folder_cross_year,2023,2023.1,2023-08-17 Muir & Sausalito Tour,_Z9C9785,bird,magellanic penguin,2023.1,found in: 2024.7,data/xmp/result-2023/raw/2023.1/2023-08-17 Muir & Sausalito Tour/_Z9C9785.xmp
off_folder_cross_year,2023,2023.1,2023-08-17 Muir & Sausalito Tour,_Z9C9795,scenery,,2023.1,found in: 2024.5,data/xmp/result-2023/raw/2023.1/2023-08-17 Muir & Sausalito Tour/_Z9C9795.xmp
off_folder_cross_year,2023,2023.1,2023-08-17 Muir & Sausalito Tour,_Z9C9796,scenery,,2023.1,found in: 2025.2,data/xmp/result-2023/raw/2023.1/2023-08-17 Muir & Sausalito Tour/_Z9C9796.xmp
off_folder_cross_year,2023,2023.1,2023-08-17 Muir & Sausalito Tour,_Z9C9798,scenery,,2023.1,found in: 2024.5,data/xmp/result-2023/raw/2023.1/2023-08-17 Muir & Sausalito Tour/_Z9C9798.xmp
off_folder_cross_year,2023,2023.1,2023-08-17 Muir & Sausalito Tour,_Z9C9803,scenery,,2023.1,found in: 2024.5,data/xmp/result-2023/raw/2023.1/2023-08-17 Muir & Sausalito Tour/_Z9C9803.xmp
off_folder_cross_year,2023,2023.1,2023-08-17 Muir & Sausalito Tour,_Z9C9805,scenery,,2023.1,found in: 2025.2,data/xmp/result-2023/raw/2023.1/2023-08-17 Muir & Sausalito Tour/_Z9C9805.xmp
off_folder_cross_year,2023,2023.1,2023-08-17 Muir & Sausalito Tour,_Z9C9811,scenery,,2023.1,found in: 2024.5,data/xmp/result-2023/raw/2023.1/2023-08-17 Muir & Sausalito Tour/_Z9C9811.xmp
off_folder_cross_year,2023,2023.1,2023-08-17 Muir & Sausalito Tour,_Z9C9816,scenery,,2023.1,found in: 2024.5,data/xmp/result-2023/raw/2023.1/2023-08-17 Muir & Sausalito Tour/_Z9C9816.xmp
off_folder_cross_year,2023,2023.1,2023-08-17 Muir & Sausalito Tour,_Z9C9826,bird,northern gannet,2023.1,found in: 2024.7,data/xmp/result-2023/raw/2023.1/2023-08-17 Muir & Sausalito Tour/_Z9C9826.xmp
off_folder_cross_year,2023,2023.1,2023-08-17 Muir & Sausalito Tour,_Z9C9835,scenery,,2023.1,found in: 2024.5,data/xmp/result-2023/raw/2023.1/2023-08-17 Muir & Sausalito Tour/_Z9C9835.xmp
off_folder_cross_year,2023,2023.1,2023-08-17 Muir & Sausalito Tour,_Z9C9840,bird,brown pelican,2023.1,found in: 2024.7,data/xmp/result-2023/raw/2023.1/2023-08-17 Muir & Sausalito Tour/_Z9C9840.xmp
off_folder_cross_year,2023,2023.1,2023-08-17 Muir & Sausalito Tour,_Z9C9855,scenery,,2023.1,found in: 2024.5,data/xmp/result-2023/raw/2023.1/2023-08-17 Muir & Sausalito Tour/_Z9C9855.xmp
off_folder_cross_year,2023,2023.1,2023-08-17 Muir & Sausalito Tour,_Z9C9870,scenery,,2023.1,found in: 2024.5,data/xmp/result-2023/raw/2023.1/2023-08-17 Muir & Sausalito Tour/_Z9C9870.xmp
off_folder_cross_year,2023,2023.1,2023-08-17 Muir & Sausalito Tour,_Z9C9880,scenery,,2023.1,found in: 2025.3,data/xmp/result-2023/raw/2023.1/2023-08-17 Muir & Sausalito Tour/_Z9C9880.xmp
off_folder_cross_year,2023,2023.1,2023-08-17 Muir & Sausalito Tour,_Z9C9885,scenery,,2023.1,found in: 2025.3,data/xmp/result-2023/raw/2023.1/2023-08-17 Muir & Sausalito Tour/_Z9C9885.xmp
off_folder_cross_year,2023,2023.1,2023-08-17 Muir & Sausalito Tour,_Z9C9891,bird,white-vented myna,2023.1,found in: 2024.2,data/xmp/result-2023/raw/2023.1/2023-08-17 Muir & Sausalito Tour/_Z9C9891.xmp
off_folder_cross_year,2023,2023.1,2023-08-17 Muir & Sausalito Tour,_Z9C9899,bird,northern gannet,2023.1,found in: 2024.7,data/xmp/result-2023/raw/2023.1/2023-08-17 Muir & Sausalito Tour/_Z9C9899.xmp
off_folder_cross_year,2023,2023.1,2023-08-17 Muir & Sausalito Tour,_Z9C9904,bird,ivory gull,2023.1,found in: 2025.3,data/xmp/result-2023/raw/2023.1/2023-08-17 Muir & Sausalito Tour/_Z9C9904.xmp
off_folder_cross_year,2023,2023.1,2023-08-17 Muir & Sausalito Tour,_Z9C9908,scenery,,2023.1,found in: 2024.5,data/xmp/result-2023/raw/2023.1/2023-08-17 Muir & Sausalito Tour/_Z9C9908.xmp
off_folder_cross_year,2023,2023.1,2023-08-17 Muir & Sausalito Tour,_Z9C9923,scenery,,2023.1,found in: 2025.2,data/xmp/result-2023/raw/2023.1/2023-08-17 Muir & Sausalito Tour/_Z9C9923.xmp
off_folder_cross_year,2023,2023.1,2023-08-17 Muir & Sausalito Tour,_Z9C9924,scenery,,2023.1,found in: 2024.5,data/xmp/result-2023/raw/2023.1/2023-08-17 Muir & Sausalito Tour/_Z9C9924.xmp
off_folder_cross_year,2023,2023.1,2023-08-17 Muir & Sausalito Tour,_Z9C9954,scenery,,2023.1,found in: 2024.2,data/xmp/result-2023/raw/2023.1/2023-08-17 Muir & Sausalito Tour/_Z9C9954.xmp
off_folder_cross_year,2023,2023.1,2023-08-22 Sophie's Backyard,_D5D8409,bird,grey flycatcher,2023.1,found in: 2021.4,data/xmp/result-2023/raw/2023.1/2023-08-22 Sophie's Backyard/_D5D8409.xmp
off_folder_cross_year,2023,2023.1,2023-08-22 Sophie's Backyard,_D5D8425,bird,red kite,2023.1,found in: 2021.6,data/xmp/result-2023/raw/2023.1/2023-08-22 Sophie's Backyard/_D5D8425.xmp
off_folder_cross_year,2023,2023.1,2023-08-23 Honolulu Birds,_D5D8472,bird,tufted duck,2023.1,found in: 2024.2,data/xmp/result-2023/raw/2023.1/2023-08-23 Honolulu Birds/_D5D8472.xmp
off_folder_cross_year,2023,2023.1,2023-08-23 Honolulu Birds,_D5D8496,bird,dusky flycatcher,2023.1,found in: 2021.6,data/xmp/result-2023/raw/2023.1/2023-08-23 Honolulu Birds/_D5D8496.xmp
off_folder_cross_year,2023,2023.1,2023-08-23 Honolulu Birds,_D5D8622,bird,blue crane,2023.1,found in: 2024.3,data/xmp/result-2023/raw/2023.1/2023-08-23 Honolulu Birds/_D5D8622.xmp
off_folder_cross_year,2023,2023.1,2023-08-23 Honolulu Birds,_D5D8698,bird,water pipit,2023.1,found in: 2022,data/xmp/result-2023/raw/2023.1/2023-08-23 Honolulu Birds/_D5D8698.xmp
off_folder_cross_year,2023,2023.1,2023-08-23 Honolulu Birds,_D5D8716,bird,greater crested tern,2023.1,found in: 2021.3,data/xmp/result-2023/raw/2023.1/2023-08-23 Honolulu Birds/_D5D8716.xmp
off_folder_cross_year,2023,2023.1,2023-08-23 Honolulu Birds,_D5D8886,(none),,2023.1,found in: 2018.4,data/xmp/result-2023/raw/2023.1/2023-08-23 Honolulu Birds/_D5D8886.xmp
off_folder_cross_year,2023,2023.1,2023-08-23 Honolulu Birds,_D5D8893,(none),,2023.1,found in: 2018.3,data/xmp/result-2023/raw/2023.1/2023-08-23 Honolulu Birds/_D5D8893.xmp
off_folder_cross_year,2023,2023.1,2023-08-23 Honolulu Birds,_D5D9045,bird,new zealand fantail,2023.1,found in: 2024.4,data/xmp/result-2023/raw/2023.1/2023-08-23 Honolulu Birds/_D5D9045.xmp
off_folder_cross_year,2023,2023.1,2023-08-23 Honolulu Birds,_D5D9076,bird,black kite,2023.1,found in: 2021.2,data/xmp/result-2023/raw/2023.1/2023-08-23 Honolulu Birds/_D5D9076.xmp
off_folder_cross_year,2023,2023.1,2023-08-23 Honolulu Birds,_D5D9209,bird,arctic warbler,2023.1,found in: 2021.4,data/xmp/result-2023/raw/2023.1/2023-08-23 Honolulu Birds/_D5D9209.xmp
off_folder_cross_year,2023,2023.1,2023-08-23 Honolulu Birds,_D5D9242,bird,gyrfalcon,2023.1,found in: 2021.5,data/xmp/result-2023/raw/2023.1/2023-08-23 Honolulu Birds/_D5D9242.xmp
off_folder_cross_year,2023,2023.1,2023-08-23 Honolulu Birds,_D5D9289,(none),,2023.1,found in: 2018.4,data/xmp/result-2023/raw/2023.1/2023-08-23 Honolulu Birds/_D5D9289.xmp
off_folder_cross_year,2023,2023.1,2023-08-23 Snorkeling,_Z9C0030,people,themed indoor exhibit,2023.1,found in: 2024.5,data/xmp/result-2023/raw/2023.1/2023-08-23 Snorkeling/_Z9C0030.xmp
off_folder_cross_year,2023,2023.1,2023-08-23 Snorkeling,_Z9C0085,scenery,,2023.1,found in: 2024.5,data/xmp/result-2023/raw/2023.1/2023-08-23 Snorkeling/_Z9C0085.xmp
off_folder_cross_year,2023,2023.1,2023-08-23 Snorkeling,_Z9C0089,people,,2023.1,found in: 2025.1,data/xmp/result-2023/raw/2023.1/2023-08-23 Snorkeling/_Z9C0089.xmp
off_folder_cross_year,2023,2023.1,2023-08-23 Snorkeling,_Z9C0094,people,,2023.1,found in: 2025.1,data/xmp/result-2023/raw/2023.1/2023-08-23 Snorkeling/_Z9C0094.xmp
off_folder_cross_year,2023,2023.1,2023-08-23 Snorkeling,_Z9C0116,bird,rufous-bellied flycatcher,2023.1,found in: 2024.7,data/xmp/result-2023/raw/2023.1/2023-08-23 Snorkeling/_Z9C0116.xmp
off_folder_cross_year,2023,2023.1,2023-08-23 Snorkeling,_Z9C0122,scenery,,2023.1,found in: 2025.2,data/xmp/result-2023/raw/2023.1/2023-08-23 Snorkeling/_Z9C0122.xmp
off_folder_cross_year,2023,2023.1,2023-08-23 Snorkeling,_Z9C0168,scenery,,2023.1,found in: 2025.2,data/xmp/result-2023/raw/2023.1/2023-08-23 Snorkeling/_Z9C0168.xmp
off_folder_cross_year,2023,2023.1,2023-08-23 Snorkeling,_Z9C0173,people,,2023.1,found in: 2025.1,data/xmp/result-2023/raw/2023.1/2023-08-23 Snorkeling/_Z9C0173.xmp
off_folder_cross_year,2023,2023.1,2023-08-24 Honolulu Birds,_D5D9303,bird,tufted duck,2023.1,found in: 2021.1,data/xmp/result-2023/raw/2023.1/2023-08-24 Honolulu Birds/_D5D9303.xmp
off_folder_cross_year,2023,2023.1,2023-08-24 Honolulu Birds,_D5D9374,bird,red-billed gull,2023.1,found in: 2024.3,data/xmp/result-2023/raw/2023.1/2023-08-24 Honolulu Birds/_D5D9374.xmp
off_folder_cross_year,2023,2023.1,2023-08-24 Honolulu Birds,_D5D9409,scenery,,2023.1,found in: 2021.3,data/xmp/result-2023/raw/2023.1/2023-08-24 Honolulu Birds/_D5D9409.xmp
off_folder_cross_year,2023,2023.1,2023-08-24 Honolulu Birds,_D5D9418,bird,mallard,2023.1,found in: 2024.5,data/xmp/result-2023/raw/2023.1/2023-08-24 Honolulu Birds/_D5D9418.xmp
off_folder_cross_year,2023,2023.1,2023-08-24 Honolulu Birds,_D5D9431,bird,mississippi kite,2023.1,found in: 2021.3,data/xmp/result-2023/raw/2023.1/2023-08-24 Honolulu Birds/_D5D9431.xmp
off_folder_cross_year,2023,2023.1,2023-08-24 Honolulu Birds,_D5D9456,animal,ringlet butterfly,2023.1,found in: 2021.3,data/xmp/result-2023/raw/2023.1/2023-08-24 Honolulu Birds/_D5D9456.xmp
off_folder_cross_year,2023,2023.1,2023-08-24 Honolulu Birds,_D5D9608,bird,mallard,2023.1,found in: 2024.5,data/xmp/result-2023/raw/2023.1/2023-08-24 Honolulu Birds/_D5D9608.xmp
off_folder_cross_year,2023,2023.1,2023-08-24 Honolulu Sunrise,_Z9C0231,scenery,,2023.1,found in: 2024.5,data/xmp/result-2023/raw/2023.1/2023-08-24 Honolulu Sunrise/_Z9C0231.xmp
off_folder_cross_year,2023,2023.1,2023-08-24 Honolulu Sunrise,_Z9C0294,scenery,,2023.1,found in: 2024.5,data/xmp/result-2023/raw/2023.1/2023-08-24 Honolulu Sunrise/_Z9C0294.xmp
off_folder_cross_year,2023,2023.1,2023-08-24 North Shore of Honolulu,_D5D9470,bird,brown parrotbill,2023.1,found in: 2021.3,data/xmp/result-2023/raw/2023.1/2023-08-24 North Shore of Honolulu/_D5D9470.xmp
off_folder_cross_year,2023,2023.1,2023-08-24 North Shore of Honolulu,_D5D9499,bird,dunlin and female mallard ducks in shallow water,2023.1,found in: 2024.5,data/xmp/result-2023/raw/2023.1/2023-08-24 North Shore of Honolulu/_D5D9499.xmp
off_folder_cross_year,2023,2023.1,2023-08-24 North Shore of Honolulu,_D5D9512,bird,gadwall,2023.1,found in: 2024.2,data/xmp/result-2023/raw/2023.1/2023-08-24 North Shore of Honolulu/_D5D9512.xmp
off_folder_cross_year,2023,2023.1,2023-08-24 North Shore of Honolulu,_D5D9513,bird,little grebe,2023.1,found in: 2024.5,data/xmp/result-2023/raw/2023.1/2023-08-24 North Shore of Honolulu/_D5D9513.xmp
off_folder_cross_year,2023,2023.1,2023-08-24 North Shore of Honolulu,_D5D9514,bird,tufted duck,2023.1,found in: 2022,data/xmp/result-2023/raw/2023.1/2023-08-24 North Shore of Honolulu/_D5D9514.xmp
off_folder_cross_year,2023,2023.1,2023-08-24 North Shore of Honolulu,_D5D9561,bird,gadwall,2023.1,found in: 2024.2,data/xmp/result-2023/raw/2023.1/2023-08-24 North Shore of Honolulu/_D5D9561.xmp
off_folder_cross_year,2023,2023.1,2023-08-24 North Shore of Honolulu,_Z9C0319,bird,monk parakeet,2023.1,found in: 2025.2,data/xmp/result-2023/raw/2023.1/2023-08-24 North Shore of Honolulu/_Z9C0319.xmp
off_folder_cross_year,2023,2023.1,2023-08-24 North Shore of Honolulu,_Z9C0326,people,,2023.1,found in: 2025.1,data/xmp/result-2023/raw/2023.1/2023-08-24 North Shore of Honolulu/_Z9C0326.xmp
off_folder_cross_year,2023,2023.1,2023-08-24 North Shore of Honolulu,_Z9C0327,bird,monk parakeet,2023.1,found in: 2025.2,data/xmp/result-2023/raw/2023.1/2023-08-24 North Shore of Honolulu/_Z9C0327.xmp
off_folder_cross_year,2023,2023.1,2023-08-24 North Shore of Honolulu,_Z9C0331,scenery,,2023.1,found in: 2024.5,data/xmp/result-2023/raw/2023.1/2023-08-24 North Shore of Honolulu/_Z9C0331.xmp
off_folder_cross_year,2023,2023.1,2023-08-24 North Shore of Honolulu,_Z9C0341,animal,llama,2023.1,found in: 2024.7,data/xmp/result-2023/raw/2023.1/2023-08-24 North Shore of Honolulu/_Z9C0341.xmp
off_folder_cross_year,2023,2023.1,2023-08-24 North Shore of Honolulu,_Z9C0352,bird,monk parakeet,2023.1,found in: 2025.2,data/xmp/result-2023/raw/2023.1/2023-08-24 North Shore of Honolulu/_Z9C0352.xmp
off_folder_cross_year,2023,2023.1,2023-08-24 North Shore of Honolulu,_Z9C0354,scenery,,2023.1,found in: 2025.3,data/xmp/result-2023/raw/2023.1/2023-08-24 North Shore of Honolulu/_Z9C0354.xmp
off_folder_cross_year,2023,2023.1,2023-08-24 North Shore of Honolulu,_Z9C0361,animal,llama,2023.1,found in: 2024.7,data/xmp/result-2023/raw/2023.1/2023-08-24 North Shore of Honolulu/_Z9C0361.xmp
off_folder_cross_year,2023,2023.1,2023-08-24 North Shore of Honolulu,_Z9C0370,bird,white-tailed eagle,2023.1,found in: 2024.2,data/xmp/result-2023/raw/2023.1/2023-08-24 North Shore of Honolulu/_Z9C0370.xmp
off_folder_cross_year,2023,2023.1,2023-08-24 North Shore of Honolulu,_Z9C0376,scenery,,2023.1,found in: 2024.7,data/xmp/result-2023/raw/2023.1/2023-08-24 North Shore of Honolulu/_Z9C0376.xmp
off_folder_cross_year,2023,2023.1,2023-08-24 North Shore of Honolulu,_Z9C0383,scenery,,2023.1,found in: 2024.7,data/xmp/result-2023/raw/2023.1/2023-08-24 North Shore of Honolulu/_Z9C0383.xmp
off_folder_cross_year,2023,2023.1,2023-08-24 North Shore of Honolulu,_Z9C0386,scenery,,2023.1,found in: 2024.7,data/xmp/result-2023/raw/2023.1/2023-08-24 North Shore of Honolulu/_Z9C0386.xmp
off_folder_cross_year,2023,2023.1,2023-08-24 North Shore of Honolulu,_Z9C0393,animal,llamas on a misty hillside,2023.1,found in: 2024.7,data/xmp/result-2023/raw/2023.1/2023-08-24 North Shore of Honolulu/_Z9C0393.xmp
off_folder_cross_year,2023,2023.1,2023-08-24 North Shore of Honolulu,_Z9C0416,people,,2023.1,found in: 2024.8,data/xmp/result-2023/raw/2023.1/2023-08-24 North Shore of Honolulu/_Z9C0416.xmp
off_folder_cross_year,2023,2023.1,2023-08-24 North Shore of Honolulu,_Z9C0417,scenery,,2023.1,found in: 2025.2,data/xmp/result-2023/raw/2023.1/2023-08-24 North Shore of Honolulu/_Z9C0417.xmp
off_folder_cross_year,2023,2023.1,2023-08-24 North Shore of Honolulu,_Z9C0450,scenery,,2023.1,found in: 2024.5,data/xmp/result-2023/raw/2023.1/2023-08-24 North Shore of Honolulu/_Z9C0450.xmp
off_folder_cross_year,2023,2023.1,2023-08-24 North Shore of Honolulu,_Z9C0451,scenery,,2023.1,found in: 2024.5,data/xmp/result-2023/raw/2023.1/2023-08-24 North Shore of Honolulu/_Z9C0451.xmp
off_folder_cross_year,2023,2023.1,2023-08-24 North Shore of Honolulu,_Z9C0452,scenery,,2023.1,found in: 2025.2,data/xmp/result-2023/raw/2023.1/2023-08-24 North Shore of Honolulu/_Z9C0452.xmp
off_folder_cross_year,2023,2023.1,2023-08-24 North Shore of Honolulu,_Z9C0501,scenery,,2023.1,found in: 2024.5,data/xmp/result-2023/raw/2023.1/2023-08-24 North Shore of Honolulu/_Z9C0501.xmp
off_folder_cross_year,2023,2023.1,2023-08-24 North Shore of Honolulu,_Z9C0505,bird,yellow-legged gull,2023.1,found in: 2025.2,data/xmp/result-2023/raw/2023.1/2023-08-24 North Shore of Honolulu/_Z9C0505.xmp
off_folder_cross_year,2023,2023.1,2023-08-25 Birds,_D5D9818,(none),,2023.1,found in: 2018.3,data/xmp/result-2023/raw/2023.1/2023-08-25 Birds/_D5D9818.xmp
off_folder_cross_year,2023,2023.1,2023-08-25 Ho’omaluhia Botanic Garden,_Z9C0590,people,,2023.1,found in: 2025.1,data/xmp/result-2023/raw/2023.1/2023-08-25 Ho’omaluhia Botanic Garden/_Z9C0590.xmp
off_folder_cross_year,2023,2023.1,2023-08-25 Ho’omaluhia Botanic Garden,_Z9C0593,bird,great cormorant,2023.1,found in: 2024.2,data/xmp/result-2023/raw/2023.1/2023-08-25 Ho’omaluhia Botanic Garden/_Z9C0593.xmp
off_folder_cross_year,2023,2023.1,2023-08-25 Ho’omaluhia Botanic Garden,_Z9C0603,people,,2023.1,found in: 2025.1,data/xmp/result-2023/raw/2023.1/2023-08-25 Ho’omaluhia Botanic Garden/_Z9C0603.xmp
off_folder_cross_year,2023,2023.1,2023-08-25 Ho’omaluhia Botanic Garden,_Z9C0624,scenery,,2023.1,found in: 2025.2,data/xmp/result-2023/raw/2023.1/2023-08-25 Ho’omaluhia Botanic Garden/_Z9C0624.xmp
off_folder_cross_year,2023,2023.1,2023-08-25 Ho’omaluhia Botanic Garden,_Z9C0639,bird,northern pintail,2023.1,found in: 2025.4,data/xmp/result-2023/raw/2023.1/2023-08-25 Ho’omaluhia Botanic Garden/_Z9C0639.xmp
off_folder_cross_year,2023,2023.1,2023-08-25 Ho’omaluhia Botanic Garden,_Z9C0680,bird,peregrine falcon,2023.1,found in: 2024.2,data/xmp/result-2023/raw/2023.1/2023-08-25 Ho’omaluhia Botanic Garden/_Z9C0680.xmp
off_folder_cross_year,2023,2023.1,2023-08-26 USS Arizona Memorial,_Z9C0692,bird,rock pigeon,2023.1,found in: 2024.5,data/xmp/result-2023/raw/2023.1/2023-08-26 USS Arizona Memorial/_Z9C0692.xmp
off_folder_cross_year,2023,2023.1,2023-08-26 USS Arizona Memorial,_Z9C0710,scenery,,2023.1,found in: 2025.2,data/xmp/result-2023/raw/2023.1/2023-08-26 USS Arizona Memorial/_Z9C0710.xmp
off_folder_cross_year,2023,2023.1,2023-08-26 USS Arizona Memorial,_Z9C0712,bird,yellow-legged gull,2023.1,found in: 2025.2,data/xmp/result-2023/raw/2023.1/2023-08-26 USS Arizona Memorial/_Z9C0712.xmp
off_folder_cross_year,2023,2023.1,2023-08-26 USS Arizona Memorial,_Z9C0717,scenery,,2023.1,found in: 2025.2,data/xmp/result-2023/raw/2023.1/2023-08-26 USS Arizona Memorial/_Z9C0717.xmp
off_folder_cross_year,2023,2023.1,2023-08-26 USS Arizona Memorial,_Z9C0759,scenery,,2023.1,found in: 2025.2,data/xmp/result-2023/raw/2023.1/2023-08-26 USS Arizona Memorial/_Z9C0759.xmp
off_folder_cross_year,2023,2023.1,2023-08-26 USS Arizona Memorial,_Z9C0796,bird,black-chinned hummingbird,2023.1,found in: 2024.5,data/xmp/result-2023/raw/2023.1/2023-08-26 USS Arizona Memorial/_Z9C0796.xmp
off_folder_cross_year,2023,2023.1,2023-08-26 USS Arizona Memorial,_Z9C0799,bird,rufous-tailed treepie,2023.1,found in: 2025.4,data/xmp/result-2023/raw/2023.1/2023-08-26 USS Arizona Memorial/_Z9C0799.xmp
off_folder_cross_year,2023,2023.1,2023-08-26 USS Arizona Memorial,_Z9C0829,bird,tufted duck,2023.1,found in: 2024.2,data/xmp/result-2023/raw/2023.1/2023-08-26 USS Arizona Memorial/_Z9C0829.xmp
off_folder_cross_year,2023,2023.1,2023-08-26 USS Arizona Memorial,_Z9C0840,bird,dark-eyed junco,2023.1,found in: 2024.5,data/xmp/result-2023/raw/2023.1/2023-08-26 USS Arizona Memorial/_Z9C0840.xmp
off_folder_cross_year,2024,2024.1,2024-01-05 双子天文庄园,_Z9C7015,scenery,,2024.1,found in: 2025.2,data/xmp/result-2024/raw/2024.1/2024-01-05 双子天文庄园/_Z9C7015.xmp
off_folder_cross_year,2024,2024.1,2024-01-05 双子天文庄园,_Z9C7022,scenery,,2024.1,found in: 2025.2,data/xmp/result-2024/raw/2024.1/2024-01-05 双子天文庄园/_Z9C7022.xmp
off_folder_cross_year,2024,2024.2,2024-01-12 剑湖,_D5D9027,scenery,,2024.2,found in: 2021.3,data/xmp/result-2024/raw/2024.2/2024-01-12 剑湖/_D5D9027.xmp
off_folder_cross_year,2024,2024.2,2024-01-12 剑湖,_D5D9201,scenery,,2024.2,found in: 2021.4,data/xmp/result-2024/raw/2024.2/2024-01-12 剑湖/_D5D9201.xmp
off_folder_cross_year,2024,2024.2,2024-01-12 剑湖,_D5D9231,scenery,,2024.2,found in: 2021.2,data/xmp/result-2024/raw/2024.2/2024-01-12 剑湖/_D5D9231.xmp
off_folder_cross_year,2024,2024.2,2024-01-14 漾濞 云上村庄,_Z9C2971,scenery,,2024.2,found in: 2022,data/xmp/result-2024/raw/2024.2/2024-01-14 漾濞 云上村庄/_Z9C2971.xmp
off_folder_cross_year,2024,2024.2,2024-01-14 漾濞 云上村庄,_Z9C3218,scenery,,2024.2,found in: 2025.1,data/xmp/result-2024/raw/2024.2/2024-01-14 漾濞 云上村庄/_Z9C3218.xmp
off_folder_cross_year,2024,2024.2,2024-01-14 漾濞 云上村庄,_Z9C3239,scenery,,2024.2,found in: 2025.2,data/xmp/result-2024/raw/2024.2/2024-01-14 漾濞 云上村庄/_Z9C3239.xmp
off_folder_cross_year,2024,2024.2,2024-04-01 拈花湾,_V9A1536,scenery,,2024.2,found in: 2021.2,data/xmp/result-2024/raw/2024.2/2024-04-01 拈花湾/_V9A1536.xmp
off_folder_cross_year,2024,2024.2,2024-04-01 拈花湾,_V9A1564,scenery,,2024.2,found in: 2021.2,data/xmp/result-2024/raw/2024.2/2024-04-01 拈花湾/_V9A1564.xmp
off_folder_cross_year,2024,2024.3,2024-04-21 Phillips Island,_D5D8679,bird,crested bunting,2024.3,found in: 2021.6,data/xmp/result-2024/raw/2024.3/2024-04-21 Phillips Island/_D5D8679.xmp
off_folder_cross_year,2024,2024.3,2024-04-21 Phillips Island,_D5D8686,(none),,2024.3,found in: 2018.4,data/xmp/result-2024/raw/2024.3/2024-04-21 Phillips Island/_D5D8686.xmp
off_folder_cross_year,2024,2024.3,2024-04-26 Tamar Wetland,_D5D4241,(none),,2024.3,found in: 2019.11,data/xmp/result-2024/raw/2024.3/2024-04-26 Tamar Wetland/_D5D4241.xmp
off_folder_cross_year,2024,2024.3,2024-04-26 Tamar Wetland,_D5D4351,(none),,2024.3,found in: 2019.11,data/xmp/result-2024/raw/2024.3/2024-04-26 Tamar Wetland/_D5D4351.xmp
off_folder_cross_year,2024,2024.3,2024-04-28 Tasmania Royal Botanic Garden,_D5D6244,bird,eurasian hoopoe,2024.3,found in: 2021.2,data/xmp/result-2024/raw/2024.3/2024-04-28 Tasmania Royal Botanic Garden/_D5D6244.xmp
off_folder_cross_year,2024,2024.3,2024-04-28 Tasmania Royal Botanic Garden,_D5D6372,(none),,2024.3,found in: 2018.4,data/xmp/result-2024/raw/2024.3/2024-04-28 Tasmania Royal Botanic Garden/_D5D6372.xmp
off_folder_cross_year,2024,2024.3,2024-04-28 Tasmania Royal Botanic Garden,_D5D6400,bird,northern lapwing,2024.3,found in: 2022,data/xmp/result-2024/raw/2024.3/2024-04-28 Tasmania Royal Botanic Garden/_D5D6400.xmp
off_folder_cross_year,2024,2024.4,2024-05-10 Rotorua and Waiotapu,_D5D2985,(none),,2024.4,found in: 2018.4,data/xmp/result-2024/raw/2024.4/2024-05-10 Rotorua and Waiotapu/_D5D2985.xmp
off_folder_cross_year,2024,2024.4,2024-05-10 Rotorua and Waiotapu,_D5D3268,bird,arctic warbler,2024.4,found in: 2021.3,data/xmp/result-2024/raw/2024.4/2024-05-10 Rotorua and Waiotapu/_D5D3268.xmp
off_folder_cross_year,2024,2024.4,2024-05-11 Hobbiton,_Z9C8644,scenery,,2024.4,found in: 2025.2,data/xmp/result-2024/raw/2024.4/2024-05-11 Hobbiton/_Z9C8644.xmp
off_folder_cross_year,2024,2024.4,2024-05-11 Hobbiton,_Z9C8658,people,,2024.4,found in: 2025.2,data/xmp/result-2024/raw/2024.4/2024-05-11 Hobbiton/_Z9C8658.xmp
off_folder_cross_year,2025,2025.2,2025-05-10 Ostrach Garden,_D5C3333,(none),,2025.2,found in: 2019.2,data/xmp/result-2025/raw/2025.2/2025-05-10 Ostrach Garden/_D5C3333.xmp
off_folder_cross_year,2025,2025.2,2025-06-04 Chefchaouen in Morocco,_D5C5517,bird,greenshank,2025.2,found in: 2021.5,data/xmp/result-2025/raw/2025.2/2025-06-04 Chefchaouen in Morocco/_D5C5517.xmp
off_folder_cross_year,2025,2025.2,2025-06-07 Chefchaouen,_Z9C7441,scenery,,2025.2,found in: 2024.4,data/xmp/result-2025/raw/2025.2/2025-06-07 Chefchaouen/_Z9C7441.xmp
off_folder_cross_year,2025,2025.2,2025-06-07 Chefchaouen,_Z9C7480,scenery,,2025.2,found in: 2024.4,data/xmp/result-2025/raw/2025.2/2025-06-07 Chefchaouen/_Z9C7480.xmp
off_folder_cross_year,2025,2025.2,2025-06-07 Chefchaouen,_Z9C7482,scenery,,2025.2,found in: 2024.4,data/xmp/result-2025/raw/2025.2/2025-06-07 Chefchaouen/_Z9C7482.xmp
off_folder_cross_year,2025,2025.2,2025-06-07 Chefchaouen,_Z9C7484,scenery,,2025.2,found in: 2024.4,data/xmp/result-2025/raw/2025.2/2025-06-07 Chefchaouen/_Z9C7484.xmp
off_folder_cross_year,2025,2025.2,2025-06-07 Chefchaouen,_Z9C7486,scenery,,2025.2,found in: 2024.4,data/xmp/result-2025/raw/2025.2/2025-06-07 Chefchaouen/_Z9C7486.xmp
off_folder_cross_year,2025,2025.2,2025-06-07 Chefchaouen,_Z9C7495,scenery,,2025.2,found in: 2024.4,data/xmp/result-2025/raw/2025.2/2025-06-07 Chefchaouen/_Z9C7495.xmp
off_folder_cross_year,2025,2025.2,2025-06-07 Chefchaouen,_Z9C7500,scenery,,2025.2,found in: 2024.4,data/xmp/result-2025/raw/2025.2/2025-06-07 Chefchaouen/_Z9C7500.xmp
off_folder_cross_year,2025,2025.2,2025-06-07 Chefchaouen,_Z9C7503,scenery,,2025.2,found in: 2024.4,data/xmp/result-2025/raw/2025.2/2025-06-07 Chefchaouen/_Z9C7503.xmp
off_folder_cross_year,2025,2025.2,2025-06-07 Chefchaouen,_Z9C7527,scenery,,2025.2,found in: 2024.4,data/xmp/result-2025/raw/2025.2/2025-06-07 Chefchaouen/_Z9C7527.xmp
off_folder_cross_year,2025,2025.2,2025-06-07 Chefchaouen,_Z9C7529,scenery,,2025.2,found in: 2024.4,data/xmp/result-2025/raw/2025.2/2025-06-07 Chefchaouen/_Z9C7529.xmp
off_folder_cross_year,2025,2025.2,2025-06-08 Fes,_D5C6071,bird,ruff,2025.2,found in: 2021.5,data/xmp/result-2025/raw/2025.2/2025-06-08 Fes/_D5C6071.xmp
off_folder_cross_year,2025,2025.2,2025-06-09 Fes,_Z9C7601,people,,2025.2,found in: 2024.4,data/xmp/result-2025/raw/2025.2/2025-06-09 Fes/_Z9C7601.xmp
off_folder_cross_year,2025,2025.3,2025-07-08 Flåm,_D5C0750,bird,black-tailed godwit,2025.3,found in: 2021.6,data/xmp/result-2025/raw/2025.3/2025-07-08 Flåm/_D5C0750.xmp
off_folder_cross_year,2025,2025.3,2025-07-08 Flåm,_D5C0794,bird,eurasian wigeon,2025.3,found in: 2021.1,data/xmp/result-2025/raw/2025.3/2025-07-08 Flåm/_D5C0794.xmp
off_folder_cross_year,2025,2025.3,2025-07-08 Flåm,_Z9C7945,people,,2025.3,found in: 2024.4,data/xmp/result-2025/raw/2025.3/2025-07-08 Flåm/_Z9C7945.xmp
off_folder_cross_year,2025,2025.3,2025-07-08 Flåm,_Z9C7983,people,,2025.3,found in: 2024.4,data/xmp/result-2025/raw/2025.3/2025-07-08 Flåm/_Z9C7983.xmp
off_folder_cross_year,2025,2025.3,2025-07-08 Flåm,_Z9C7987,bird,black-necked crane,2025.3,found in: 2024.1,data/xmp/result-2025/raw/2025.3/2025-07-08 Flåm/_Z9C7987.xmp
off_folder_cross_year,2025,2025.3,2025-07-08 Flåm,_Z9C7988,people,,2025.3,found in: 2024.4,data/xmp/result-2025/raw/2025.3/2025-07-08 Flåm/_Z9C7988.xmp
off_folder_cross_year,2025,2025.3,2025-07-08 Flåm,_Z9C8009,people,,2025.3,found in: 2024.4,data/xmp/result-2025/raw/2025.3/2025-07-08 Flåm/_Z9C8009.xmp
off_folder_cross_year,2025,2025.3,2025-07-08 Flåm,_Z9C8022,people,,2025.3,found in: 2024.4,data/xmp/result-2025/raw/2025.3/2025-07-08 Flåm/_Z9C8022.xmp
off_folder_cross_year,2025,2025.3,2025-07-08 Flåm,_Z9C8025,scenery,,2025.3,found in: 2024.4,data/xmp/result-2025/raw/2025.3/2025-07-08 Flåm/_Z9C8025.xmp
off_folder_cross_year,2025,2025.3,2025-07-08 Flåm,_Z9C8028,scenery,,2025.3,found in: 2024.4,data/xmp/result-2025/raw/2025.3/2025-07-08 Flåm/_Z9C8028.xmp
off_folder_cross_year,2025,2025.3,2025-07-08 Flåm,_Z9C8036,scenery,,2025.3,found in: 2024.4,data/xmp/result-2025/raw/2025.3/2025-07-08 Flåm/_Z9C8036.xmp
off_folder_cross_year,2025,2025.3,2025-07-08 Flåm,_Z9C8097,scenery,,2025.3,found in: 2024.4,data/xmp/result-2025/raw/2025.3/2025-07-08 Flåm/_Z9C8097.xmp
off_folder_cross_year,2025,2025.3,2025-07-08 Flåm,_Z9C8109,bird,dusky seaside sparrow,2025.3,found in: 2024.4,data/xmp/result-2025/raw/2025.3/2025-07-08 Flåm/_Z9C8109.xmp
off_folder_cross_year,2025,2025.3,2025-07-14.1 St. Johnsfjorden,_D5C3170,(none),,2025.3,found in: 2018.4,data/xmp/result-2025/raw/2025.3/2025-07-14.1 St. Johnsfjorden/_D5C3170.xmp
off_folder_cross_year,2025,2025.3,2025-07-15 Narreneset & Hamiltonbukta,_D5C4906,bird,grey-cheeked warbler,2025.3,found in: 2021.4,data/xmp/result-2025/raw/2025.3/2025-07-15 Narreneset & Hamiltonbukta/_D5C4906.xmp
off_folder_cross_year,2025,2025.3,2025-07-15 Narreneset & Hamiltonbukta,_Z9C0910,animal,giant ape mural with bones,2025.3,found in: 2023.1,data/xmp/result-2025/raw/2025.3/2025-07-15 Narreneset & Hamiltonbukta/_Z9C0910.xmp
off_folder_cross_year,2025,2025.4,2025-07-18 Ny Ålesund and Kongsbreen,_D5C6357,bird,white-backed night heron,2025.4,found in: 2021.5,data/xmp/result-2025/raw/2025.4/2025-07-18 Ny Ålesund and Kongsbreen/_D5C6357.xmp
off_folder_cross_year,2025,2025.4,2025-07-18 Ny Ålesund and Kongsbreen,_D5C6982,bird,bar-tailed godwit,2025.4,found in: 2021.5,data/xmp/result-2025/raw/2025.4/2025-07-18 Ny Ålesund and Kongsbreen/_D5C6982.xmp
off_folder_cross_year,2025,2025.4,2025-07-18 Ny Ålesund and Kongsbreen,_D5C7078,bird,grey plover,2025.4,found in: 2021.5,data/xmp/result-2025/raw/2025.4/2025-07-18 Ny Ålesund and Kongsbreen/_D5C7078.xmp
off_folder_cross_year,2025,2025.4,2025-07-18 Ny Ålesund and Kongsbreen,_D5C7245,(none),,2025.4,found in: 2019.4,data/xmp/result-2025/raw/2025.4/2025-07-18 Ny Ålesund and Kongsbreen/_D5C7245.xmp
off_folder_cross_year,2025,2025.4,2025-07-18 Ny Ålesund and Kongsbreen,_D5C7251,bird,black-tailed godwit,2025.4,found in: 2021.5,data/xmp/result-2025/raw/2025.4/2025-07-18 Ny Ålesund and Kongsbreen/_D5C7251.xmp
off_folder_cross_year,2025,2025.4,2025-07-18 Ny Ålesund and Kongsbreen,_D5C7549,(none),,2025.4,found in: 2018.5,data/xmp/result-2025/raw/2025.4/2025-07-18 Ny Ålesund and Kongsbreen/_D5C7549.xmp
off_folder_cross_year,2025,2025.4,2025-07-18 Ny Ålesund and Kongsbreen,_D5C7550,(none),,2025.4,found in: 2020,data/xmp/result-2025/raw/2025.4/2025-07-18 Ny Ålesund and Kongsbreen/_D5C7550.xmp
off_folder_cross_year,2025,2025.4,2025-07-18 Ny Ålesund and Kongsbreen,_D5C7650,bird,black-tailed godwit,2025.4,found in: 2021.5,data/xmp/result-2025/raw/2025.4/2025-07-18 Ny Ålesund and Kongsbreen/_D5C7650.xmp
off_folder_cross_year,2025,2025.4,2025-07-18 Ny Ålesund and Kongsbreen,_D5C7688,(none),,2025.4,found in: 2019.5,data/xmp/result-2025/raw/2025.4/2025-07-18 Ny Ålesund and Kongsbreen/_D5C7688.xmp
off_folder_cross_year,2025,2025.4,2025-07-18 Ny Ålesund and Kongsbreen,_D5C7727,bird,black-bellied plover and red-billed gull on mudflat,2025.4,found in: 2021.5,data/xmp/result-2025/raw/2025.4/2025-07-18 Ny Ålesund and Kongsbreen/_D5C7727.xmp
off_folder_cross_year,2025,2025.4,2025-07-18 Ny Ålesund and Kongsbreen,_D5C7730,bird,grey plover,2025.4,found in: 2021.5,data/xmp/result-2025/raw/2025.4/2025-07-18 Ny Ålesund and Kongsbreen/_D5C7730.xmp
off_folder_cross_year,2025,2025.4,2025-07-18 Ny Ålesund and Kongsbreen,_D5C7731,bird,black-bellied plover,2025.4,found in: 2021.5,data/xmp/result-2025/raw/2025.4/2025-07-18 Ny Ålesund and Kongsbreen/_D5C7731.xmp
off_folder_cross_year,2025,2025.4,2025-07-18 Ny Ålesund and Kongsbreen,_D5C7746,(none),,2025.4,found in: 2019.5,data/xmp/result-2025/raw/2025.4/2025-07-18 Ny Ålesund and Kongsbreen/_D5C7746.xmp
off_folder_cross_year,2025,2025.4,2025-07-18 Ny Ålesund and Kongsbreen,_D5C7868,(none),,2025.4,found in: 2018.7,data/xmp/result-2025/raw/2025.4/2025-07-18 Ny Ålesund and Kongsbreen/_D5C7868.xmp
off_folder_cross_year,2025,2025.4,2025-07-18 Ny Ålesund and Kongsbreen,_D5C7899,(none),,2025.4,found in: 2019.5,data/xmp/result-2025/raw/2025.4/2025-07-18 Ny Ålesund and Kongsbreen/_D5C7899.xmp
off_folder_cross_year,2025,2025.4,2025-07-18 Ny Ålesund and Kongsbreen,_D5C7909,(none),,2025.4,found in: 2018.7,data/xmp/result-2025/raw/2025.4/2025-07-18 Ny Ålesund and Kongsbreen/_D5C7909.xmp
off_folder_cross_year,2025,2025.4,2025-07-18 Ny Ålesund and Kongsbreen,_D5C7911,(none),,2025.4,found in: 2018.7,data/xmp/result-2025/raw/2025.4/2025-07-18 Ny Ålesund and Kongsbreen/_D5C7911.xmp
off_folder_cross_year,2025,2025.4,2025-07-18 Ny Ålesund and Kongsbreen,_D5C7966,(none),,2025.4,found in: 2020,data/xmp/result-2025/raw/2025.4/2025-07-18 Ny Ålesund and Kongsbreen/_D5C7966.xmp
off_folder_cross_year,2025,2025.4,2025-07-18 Ny Ålesund and Kongsbreen,_D5C7980,(none),,2025.4,found in: 2018.7,data/xmp/result-2025/raw/2025.4/2025-07-18 Ny Ålesund and Kongsbreen/_D5C7980.xmp
off_folder_cross_year,2025,2025.4,2025-07-18 Ny Ålesund and Kongsbreen,_D5C8026,(none),,2025.4,found in: 2019.5,data/xmp/result-2025/raw/2025.4/2025-07-18 Ny Ålesund and Kongsbreen/_D5C8026.xmp
off_folder_cross_year,2025,2025.4,2025-07-18 Ny Ålesund and Kongsbreen,_D5C8053,(none),,2025.4,found in: 2020,data/xmp/result-2025/raw/2025.4/2025-07-18 Ny Ålesund and Kongsbreen/_D5C8053.xmp
off_folder_cross_year,2025,2025.4,2025-07-18 Ny Ålesund and Kongsbreen,_D5C8109,bird,eurasian curlew,2025.4,found in: 2021.5,data/xmp/result-2025/raw/2025.4/2025-07-18 Ny Ålesund and Kongsbreen/_D5C8109.xmp
off_folder_cross_year,2025,2025.4,2025-07-18 Ny Ålesund and Kongsbreen,_D5C8151,bird,bar-tailed godwit,2025.4,found in: 2021.5,data/xmp/result-2025/raw/2025.4/2025-07-18 Ny Ålesund and Kongsbreen/_D5C8151.xmp
off_folder_cross_year,2025,2025.4,2025-07-18 Ny Ålesund and Kongsbreen,_D5C8182,(none),,2025.4,found in: 2018.7,data/xmp/result-2025/raw/2025.4/2025-07-18 Ny Ålesund and Kongsbreen/_D5C8182.xmp
off_folder_cross_year,2025,2025.4,2025-07-18 Ny Ålesund and Kongsbreen,_D5C8261,(none),,2025.4,found in: 2018.7,data/xmp/result-2025/raw/2025.4/2025-07-18 Ny Ålesund and Kongsbreen/_D5C8261.xmp
off_folder_cross_year,2025,2025.4,2025-07-18 Ny Ålesund and Kongsbreen,_Z9C1052,bird,white-tailed eagle,2025.4,found in: 2024.2,data/xmp/result-2025/raw/2025.4/2025-07-18 Ny Ålesund and Kongsbreen/_Z9C1052.xmp
off_folder_cross_year,2025,2025.4,2025-07-18 Ny Ålesund and Kongsbreen,_Z9C1064,scenery,,2025.4,found in: 2023.1,data/xmp/result-2025/raw/2025.4/2025-07-18 Ny Ålesund and Kongsbreen/_Z9C1064.xmp
off_folder_cross_year,2025,2025.4,2025-07-18 Ny Ålesund and Kongsbreen,_Z9C1071,people,,2025.4,found in: 2023.1,data/xmp/result-2025/raw/2025.4/2025-07-18 Ny Ålesund and Kongsbreen/_Z9C1071.xmp
off_folder_cross_year,2025,2025.4,2025-07-18 Ny Ålesund and Kongsbreen,_Z9C1089,scenery,,2025.4,found in: 2024.5,data/xmp/result-2025/raw/2025.4/2025-07-18 Ny Ålesund and Kongsbreen/_Z9C1089.xmp
off_folder_cross_year,2025,2025.4,2025-07-18 Ny Ålesund and Kongsbreen,_Z9C1090,people,,2025.4,found in: 2023.1,data/xmp/result-2025/raw/2025.4/2025-07-18 Ny Ålesund and Kongsbreen/_Z9C1090.xmp
off_folder_cross_year,2025,2025.4,2025-07-18 Ny Ålesund and Kongsbreen,_Z9C1095,people,,2025.4,found in: 2024.5,data/xmp/result-2025/raw/2025.4/2025-07-18 Ny Ålesund and Kongsbreen/_Z9C1095.xmp
off_folder_cross_year,2025,2025.4,2025-07-18 Ny Ålesund and Kongsbreen,_Z9C1108,bird,white-tailed eagle,2025.4,found in: 2024.2,data/xmp/result-2025/raw/2025.4/2025-07-18 Ny Ålesund and Kongsbreen/_Z9C1108.xmp
off_folder_cross_year,2025,2025.4,2025-07-18 Ny Ålesund and Kongsbreen,_Z9C1189,bird,gadwall,2025.4,found in: 2024.2,data/xmp/result-2025/raw/2025.4/2025-07-18 Ny Ålesund and Kongsbreen/_Z9C1189.xmp
off_folder_cross_year,2025,2025.4,2025-07-18 Ny Ålesund and Kongsbreen,_Z9C1245,bird,black chicken,2025.4,found in: 2023.1,data/xmp/result-2025/raw/2025.4/2025-07-18 Ny Ålesund and Kongsbreen/_Z9C1245.xmp
off_folder_cross_year,2025,2025.4,2025-07-18 Ny Ålesund and Kongsbreen,_Z9C1323,animal,siberian husky,2025.4,found in: 2023.1,data/xmp/result-2025/raw/2025.4/2025-07-18 Ny Ålesund and Kongsbreen/_Z9C1323.xmp
off_folder_cross_year,2025,2025.4,2025-07-18 Ny Ålesund and Kongsbreen,_Z9C1334,animal,alaskan klee kai,2025.4,found in: 2023.1,data/xmp/result-2025/raw/2025.4/2025-07-18 Ny Ålesund and Kongsbreen/_Z9C1334.xmp
off_folder_same_year,2019,2019.11,2019-09-07 Musee d'Orsey,20190907-_D8S6190,scenery,,2019.11,found in: 2019.10,data/xmp/result-2019/raw/2019.11/2019-09-07 Musee d'Orsey/20190907-_D8S6190.xmp
off_folder_same_year,2019,2019.11,2019-09-07 Musee d'Orsey,20190907-_D8S6258,animal,polar bear sculpture in museum,2019.11,found in: 2019.10,data/xmp/result-2019/raw/2019.11/2019-09-07 Musee d'Orsey/20190907-_D8S6258.xmp
off_folder_same_year,2019,2019.11,2019-09-07 Musee d'Orsey,20190907-_D8S6262,scenery,,2019.11,found in: 2019.10,data/xmp/result-2019/raw/2019.11/2019-09-07 Musee d'Orsey/20190907-_D8S6262.xmp
off_folder_same_year,2019,2019.11,2019-09-07 Musee d'Orsey,20190907-_DSC5079,scenery,,2019.11,found in: 2019.10,data/xmp/result-2019/raw/2019.11/2019-09-07 Musee d'Orsey/20190907-_DSC5079.xmp
off_folder_same_year,2019,2019.11,2019-09-07 Musee d'Orsey,20190907-_DSC5089,bird,rock pigeon,2019.11,found in: 2019.10,data/xmp/result-2019/raw/2019.11/2019-09-07 Musee d'Orsey/20190907-_DSC5089.xmp
off_folder_same_year,2019,2019.11,2019-09-07 Musee d'Orsey,20190907-_DSC5093,scenery,,2019.11,found in: 2019.10,data/xmp/result-2019/raw/2019.11/2019-09-07 Musee d'Orsey/20190907-_DSC5093.xmp
off_folder_same_year,2019,2019.11,2019-09-07 Musee d'Orsey,20190907-_DSC5096,scenery,,2019.11,found in: 2019.10,data/xmp/result-2019/raw/2019.11/2019-09-07 Musee d'Orsey/20190907-_DSC5096.xmp
off_folder_same_year,2019,2019.11,2019-09-07 Musee d'Orsey,20190907-_DSC5099,scenery,,2019.11,found in: 2019.10,data/xmp/result-2019/raw/2019.11/2019-09-07 Musee d'Orsey/20190907-_DSC5099.xmp
off_folder_same_year,2019,2019.11,2019-09-07 Musee d'Orsey,20190907-_DSC5103,scenery,,2019.11,found in: 2019.10,data/xmp/result-2019/raw/2019.11/2019-09-07 Musee d'Orsey/20190907-_DSC5103.xmp
off_folder_same_year,2019,2019.11,2019-09-07 Musee d'Orsey,20190907-_DSC5104,scenery,,2019.11,found in: 2019.10,data/xmp/result-2019/raw/2019.11/2019-09-07 Musee d'Orsey/20190907-_DSC5104.xmp
off_folder_same_year,2019,2019.11,2019-09-07 Musee d'Orsey,20190907-_DSC5105,scenery,,2019.11,found in: 2019.10,data/xmp/result-2019/raw/2019.11/2019-09-07 Musee d'Orsey/20190907-_DSC5105.xmp
off_folder_same_year,2019,2019.11,2019-09-07 Musee d'Orsey,20190907-_DSC5108,scenery,,2019.11,found in: 2019.10,data/xmp/result-2019/raw/2019.11/2019-09-07 Musee d'Orsey/20190907-_DSC5108.xmp
off_folder_same_year,2019,2019.11,2019-09-07 Musee d'Orsey,20190907-_DSC5124,people,,2019.11,found in: 2019.10,data/xmp/result-2019/raw/2019.11/2019-09-07 Musee d'Orsey/20190907-_DSC5124.xmp
off_folder_same_year,2019,2019.11,2019-09-07 Musee d'Orsey,20190907-_DSC5125,people,,2019.11,found in: 2019.10,data/xmp/result-2019/raw/2019.11/2019-09-07 Musee d'Orsey/20190907-_DSC5125.xmp
off_folder_same_year,2019,2019.11,2019-09-07 Musee d'Orsey,20190907-_DSC5131,scenery,,2019.11,found in: 2019.10,data/xmp/result-2019/raw/2019.11/2019-09-07 Musee d'Orsey/20190907-_DSC5131.xmp
off_folder_same_year,2019,2019.11,2019-09-07 Musee d'Orsey,20190907-_DSC5161,scenery,,2019.11,found in: 2019.10,data/xmp/result-2019/raw/2019.11/2019-09-07 Musee d'Orsey/20190907-_DSC5161.xmp
off_folder_same_year,2019,2019.11,2019-09-07 Musee d'Orsey,20190907-_DSC5164,people,,2019.11,found in: 2019.10,data/xmp/result-2019/raw/2019.11/2019-09-07 Musee d'Orsey/20190907-_DSC5164.xmp
off_folder_same_year,2019,2019.11,2019-09-07 Musee d'Orsey,20190907-_DSC5174,scenery,,2019.11,found in: 2019.10,data/xmp/result-2019/raw/2019.11/2019-09-07 Musee d'Orsey/20190907-_DSC5174.xmp
off_folder_same_year,2019,2019.11,2019-09-07 Musee d'Orsey,20190907-_DSC5177,people,,2019.11,found in: 2019.10,data/xmp/result-2019/raw/2019.11/2019-09-07 Musee d'Orsey/20190907-_DSC5177.xmp
off_folder_same_year,2019,2019.11,2019-09-07 Musee d'Orsey,20190907-_DSC5178,people,,2019.11,found in: 2019.10,data/xmp/result-2019/raw/2019.11/2019-09-07 Musee d'Orsey/20190907-_DSC5178.xmp
off_folder_same_year,2019,2019.11,2019-09-07 Musee d'Orsey,20190907-_DSC5179,scenery,oise by vincent van gogh,2019.11,found in: 2019.10,data/xmp/result-2019/raw/2019.11/2019-09-07 Musee d'Orsey/20190907-_DSC5179.xmp
off_folder_same_year,2019,2019.11,2019-09-07 Musee d'Orsey,20190907-_DSC5188,scenery,,2019.11,found in: 2019.10,data/xmp/result-2019/raw/2019.11/2019-09-07 Musee d'Orsey/20190907-_DSC5188.xmp
off_folder_same_year,2019,2019.11,2019-09-07 Musee d'Orsey,20190907-_DSC5190,scenery,,2019.11,found in: 2019.10,data/xmp/result-2019/raw/2019.11/2019-09-07 Musee d'Orsey/20190907-_DSC5190.xmp
off_folder_same_year,2019,2019.11,2019-09-07 Musee d'Orsey,20190907-_DSC5192,animal,polar bear sculpture in museum,2019.11,found in: 2019.10,data/xmp/result-2019/raw/2019.11/2019-09-07 Musee d'Orsey/20190907-_DSC5192.xmp
off_folder_same_year,2023,2023.1,2023-03-09 西湖国宾馆,_D5D6554,bird,hermit thrush,2023.1,found in: 2023.2,data/xmp/result-2023/raw/2023.1/2023-03-09 西湖国宾馆/_D5D6554.xmp
off_folder_same_year,2024,2024.1,2024-01-07 拉市海,_D5D4626,scenery,,2024.1,found in: 2024.4,data/xmp/result-2024/raw/2024.1/2024-01-07 拉市海/_D5D4626.xmp
off_folder_same_year,2024,2024.3,2024-04-21 Phillips Island,_D5D8577,bird,gadwall,2024.3,found in: 2024.5,data/xmp/result-2024/raw/2024.3/2024-04-21 Phillips Island/_D5D8577.xmp
off_folder_same_year,2024,2024.4,2024-05-01 Gold Coast,_D5D6848,bird,magpie-lark,2024.4,found in: 2024.3,data/xmp/result-2024/raw/2024.4/2024-05-01 Gold Coast/2024-04-19 Melboune Birds/_D5D6848.xmp
off_folder_same_year,2024,2024.4,2024-05-01 Gold Coast,_D5D6878,bird,western swamphen,2024.4,found in: 2024.3,data/xmp/result-2024/raw/2024.4/2024-05-01 Gold Coast/2024-04-19 Melboune Birds/_D5D6878.xmp
off_folder_same_year,2024,2024.4,2024-05-01 Gold Coast,_D5D6949,bird,common moorhen,2024.4,found in: 2024.3,data/xmp/result-2024/raw/2024.4/2024-05-01 Gold Coast/2024-04-19 Melboune Birds/_D5D6949.xmp
off_folder_same_year,2024,2024.4,2024-05-01 Gold Coast,_D5D7036,bird,blue-billed duck,2024.4,found in: 2024.3,data/xmp/result-2024/raw/2024.4/2024-05-01 Gold Coast/2024-04-19 Melboune Birds/_D5D7036.xmp
off_folder_same_year,2024,2024.4,2024-05-01 Gold Coast,_D5D7045,bird,great cormorant,2024.4,found in: 2024.3,data/xmp/result-2024/raw/2024.4/2024-05-01 Gold Coast/2024-04-19 Melboune Birds/_D5D7045.xmp
off_folder_same_year,2024,2024.4,2024-05-01 Gold Coast,_D5D7077,bird,south island takahē,2024.4,found in: 2024.3,data/xmp/result-2024/raw/2024.4/2024-05-01 Gold Coast/2024-04-19 Melboune Birds/_D5D7077.xmp
off_folder_same_year,2024,2024.4,2024-05-01 Gold Coast,_D5D7098,bird,great cormorant,2024.4,found in: 2024.3,data/xmp/result-2024/raw/2024.4/2024-05-01 Gold Coast/2024-04-19 Melboune Birds/_D5D7098.xmp
off_folder_same_year,2024,2024.4,2024-05-01 Gold Coast,_D5D7162,bird,black-headed gull,2024.4,found in: 2024.3,data/xmp/result-2024/raw/2024.4/2024-05-01 Gold Coast/2024-04-19 Melboune Birds/_D5D7162.xmp
off_folder_same_year,2024,2024.4,2024-05-01 Gold Coast,_D5D7182,bird,pied currawong,2024.4,found in: 2024.3,data/xmp/result-2024/raw/2024.4/2024-05-01 Gold Coast/2024-04-19 Melboune Birds/_D5D7182.xmp
off_folder_same_year,2024,2024.4,2024-05-01 Gold Coast,_D5D7268,bird,speckled honeyeater,2024.4,found in: 2024.3,data/xmp/result-2024/raw/2024.4/2024-05-01 Gold Coast/2024-04-19 Melboune Birds/_D5D7268.xmp
off_folder_same_year,2024,2024.4,2024-05-01 Gold Coast,_D5D7292,bird,common myna,2024.4,found in: 2024.3,data/xmp/result-2024/raw/2024.4/2024-05-01 Gold Coast/2024-04-19 Melboune Birds/_D5D7292.xmp
off_folder_same_year,2024,2024.4,2024-05-11 Hobbiton,_Z9C8638,scenery,,2024.4,found in: 2024.7,data/xmp/result-2024/raw/2024.4/2024-05-11 Hobbiton/_Z9C8638.xmp
off_folder_same_year,2025,2025.2,2025-05-10 Ostrach Garden,_D5C3325,bird,african jacana,2025.2,found in: 2025.1,data/xmp/result-2025/raw/2025.2/2025-05-10 Ostrach Garden/_D5C3325.xmp
off_folder_same_year,2025,2025.2,2025-06-03 Tombeaux Pheniciens,_D5C5362,bird,black guillemot,2025.2,found in: 2025.3,data/xmp/result-2025/raw/2025.2/2025-06-03 Tombeaux Pheniciens/_D5C5362.xmp
off_folder_same_year,2025,2025.3,2025-07-08 Flåm,_D5C0712,bird,white-vented myna,2025.3,found in: 2025.4,data/xmp/result-2025/raw/2025.3/2025-07-08 Flåm/_D5C0712.xmp
off_folder_same_year,2025,2025.3,2025-07-08 Flåm,_D5C0932,bird,black-throated sparrow,2025.3,found in: 2025.2,data/xmp/result-2025/raw/2025.3/2025-07-08 Flåm/_D5C0932.xmp
off_folder_same_year,2025,2025.3,2025-07-08 Flåm,_D5C0958,bird,acacia pied barbet,2025.3,found in: 2025.2,data/xmp/result-2025/raw/2025.3/2025-07-08 Flåm/_D5C0958.xmp
off_folder_same_year,2025,2025.3,2025-07-08 Flåm,_D5C0981,animal,rock hyrax,2025.3,found in: 2025.2,data/xmp/result-2025/raw/2025.3/2025-07-08 Flåm/_D5C0981.xmp
off_folder_same_year,2025,2025.3,2025-07-08 Flåm,_Z9C7980,people,,2025.3,found in: 2025.2,data/xmp/result-2025/raw/2025.3/2025-07-08 Flåm/_Z9C7980.xmp
off_folder_same_year,2025,2025.3,2025-07-08 Flåm,_Z9C8042,people,,2025.3,found in: 2025.2,data/xmp/result-2025/raw/2025.3/2025-07-08 Flåm/_Z9C8042.xmp
off_folder_same_year,2025,2025.4,2025-07-18 Ny Ålesund and Kongsbreen,_D5C6579,bird,grey wagtail,2025.4,found in: 2025.2,data/xmp/result-2025/raw/2025.4/2025-07-18 Ny Ålesund and Kongsbreen/_D5C6579.xmp
off_folder_same_year,2025,2025.4,2025-07-18 Ny Ålesund and Kongsbreen,_D5C6586,bird,grey wagtail,2025.4,found in: 2025.2,data/xmp/result-2025/raw/2025.4/2025-07-18 Ny Ålesund and Kongsbreen/_D5C6586.xmp
off_folder_same_year,2025,2025.4,2025-07-18 Ny Ålesund and Kongsbreen,_D5C6695,people,,2025.4,found in: 2025.2,data/xmp/result-2025/raw/2025.4/2025-07-18 Ny Ålesund and Kongsbreen/_D5C6695.xmp
off_folder_same_year,2025,2025.4,2025-07-18 Ny Ålesund and Kongsbreen,_D5C6902,bird,yellow-legged gull,2025.4,found in: 2025.2,data/xmp/result-2025/raw/2025.4/2025-07-18 Ny Ålesund and Kongsbreen/_D5C6902.xmp
off_folder_same_year,2025,2025.4,2025-07-18 Ny Ålesund and Kongsbreen,_D5C6937,bird,eurasian collared dove,2025.4,found in: 2025.1,data/xmp/result-2025/raw/2025.4/2025-07-18 Ny Ålesund and Kongsbreen/_D5C6937.xmp
off_folder_same_year,2025,2025.4,2025-07-18 Ny Ålesund and Kongsbreen,_D5C6964,bird,grey tit-babbler,2025.4,found in: 2025.1,data/xmp/result-2025/raw/2025.4/2025-07-18 Ny Ålesund and Kongsbreen/_D5C6964.xmp
off_folder_same_year,2025,2025.4,2025-07-18 Ny Ålesund and Kongsbreen,_D5C7049,animal,zebras drinking at a waterhole,2025.4,found in: 2025.1,data/xmp/result-2025/raw/2025.4/2025-07-18 Ny Ålesund and Kongsbreen/_D5C7049.xmp
off_folder_same_year,2025,2025.4,2025-07-18 Ny Ålesund and Kongsbreen,_D5C7248,bird,mute swan,2025.4,found in: 2025.2,data/xmp/result-2025/raw/2025.4/2025-07-18 Ny Ålesund and Kongsbreen/_D5C7248.xmp
off_folder_same_year,2025,2025.4,2025-07-18 Ny Ålesund and Kongsbreen,_D5C7274,bird,greylag goose,2025.4,found in: 2025.2,data/xmp/result-2025/raw/2025.4/2025-07-18 Ny Ålesund and Kongsbreen/_D5C7274.xmp
off_folder_same_year,2025,2025.4,2025-07-18 Ny Ålesund and Kongsbreen,_D5C7543,people,,2025.4,found in: 2025.1,data/xmp/result-2025/raw/2025.4/2025-07-18 Ny Ålesund and Kongsbreen/_D5C7543.xmp
off_folder_same_year,2025,2025.4,2025-07-18 Ny Ålesund and Kongsbreen,_D5C8096,bird,american white pelican,2025.4,found in: 2025.1,data/xmp/result-2025/raw/2025.4/2025-07-18 Ny Ålesund and Kongsbreen/_D5C8096.xmp
off_folder_same_year,2025,2025.4,2025-07-18 Ny Ålesund and Kongsbreen,_D5C8108,bird,american white pelican,2025.4,found in: 2025.1,data/xmp/result-2025/raw/2025.4/2025-07-18 Ny Ålesund and Kongsbreen/_D5C8108.xmp
off_folder_same_year,2025,2025.4,2025-07-18 Ny Ålesund and Kongsbreen,_D5C8255,bird,greater crested tern,2025.4,found in: 2025.1,data/xmp/result-2025/raw/2025.4/2025-07-18 Ny Ålesund and Kongsbreen/_D5C8255.xmp
off_folder_same_year,2025,2025.4,2025-07-18 Ny Ålesund and Kongsbreen,_D5C8258,bird,little tern,2025.4,found in: 2025.1,data/xmp/result-2025/raw/2025.4/2025-07-18 Ny Ålesund and Kongsbreen/_D5C8258.xmp
off_folder_same_year,2025,2025.4,2025-07-18 Ny Ålesund and Kongsbreen,_Z9C0999,scenery,,2025.4,found in: 2025.2,data/xmp/result-2025/raw/2025.4/2025-07-18 Ny Ålesund and Kongsbreen/_Z9C0999.xmp
off_folder_same_year,2025,2025.4,2025-07-18 Ny Ålesund and Kongsbreen,_Z9C1002,scenery,,2025.4,found in: 2025.2,data/xmp/result-2025/raw/2025.4/2025-07-18 Ny Ålesund and Kongsbreen/_Z9C1002.xmp
off_folder_same_year,2025,2025.4,2025-07-18 Ny Ålesund and Kongsbreen,_Z9C1037,scenery,,2025.4,found in: 2025.2,data/xmp/result-2025/raw/2025.4/2025-07-18 Ny Ålesund and Kongsbreen/_Z9C1037.xmp
off_folder_same_year,2025,2025.4,2025-07-18 Ny Ålesund and Kongsbreen,_Z9C1055,people,,2025.4,found in: 2025.1,data/xmp/result-2025/raw/2025.4/2025-07-18 Ny Ålesund and Kongsbreen/_Z9C1055.xmp
off_folder_same_year,2025,2025.4,2025-07-18 Ny Ålesund and Kongsbreen,_Z9C1062,bird,hooded crow,2025.4,found in: 2025.2,data/xmp/result-2025/raw/2025.4/2025-07-18 Ny Ålesund and Kongsbreen/_Z9C1062.xmp
off_folder_same_year,2025,2025.4,2025-07-18 Ny Ålesund and Kongsbreen,_Z9C1077,scenery,,2025.4,found in: 2025.1,data/xmp/result-2025/raw/2025.4/2025-07-18 Ny Ålesund and Kongsbreen/_Z9C1077.xmp
off_folder_same_year,2025,2025.4,2025-07-18 Ny Ålesund and Kongsbreen,_Z9C1079,bird,brown-headed gull,2025.4,found in: 2025.2,data/xmp/result-2025/raw/2025.4/2025-07-18 Ny Ålesund and Kongsbreen/_Z9C1079.xmp
off_folder_same_year,2025,2025.4,2025-07-18 Ny Ålesund and Kongsbreen,_Z9C1110,scenery,,2025.4,found in: 2025.1,data/xmp/result-2025/raw/2025.4/2025-07-18 Ny Ålesund and Kongsbreen/_Z9C1110.xmp
off_folder_same_year,2025,2025.4,2025-07-18 Ny Ålesund and Kongsbreen,_Z9C1126,scenery,,2025.4,found in: 2025.2,data/xmp/result-2025/raw/2025.4/2025-07-18 Ny Ålesund and Kongsbreen/_Z9C1126.xmp
off_folder_same_year,2025,2025.4,2025-07-18 Ny Ålesund and Kongsbreen,_Z9C1144,animal,chital deer,2025.4,found in: 2025.1,data/xmp/result-2025/raw/2025.4/2025-07-18 Ny Ålesund and Kongsbreen/_Z9C1144.xmp
off_folder_same_year,2025,2025.4,2025-07-18 Ny Ålesund and Kongsbreen,_Z9C1151,animal,chital deer,2025.4,found in: 2025.1,data/xmp/result-2025/raw/2025.4/2025-07-18 Ny Ålesund and Kongsbreen/_Z9C1151.xmp
off_folder_same_year,2025,2025.4,2025-07-18 Ny Ålesund and Kongsbreen,_Z9C1158,bird,yellow-legged gull,2025.4,found in: 2025.2,data/xmp/result-2025/raw/2025.4/2025-07-18 Ny Ålesund and Kongsbreen/_Z9C1158.xmp
off_folder_same_year,2025,2025.4,2025-07-18 Ny Ålesund and Kongsbreen,_Z9C1164,bird,mute swan,2025.4,found in: 2025.2,data/xmp/result-2025/raw/2025.4/2025-07-18 Ny Ålesund and Kongsbreen/_Z9C1164.xmp
off_folder_same_year,2025,2025.4,2025-07-18 Ny Ålesund and Kongsbreen,_Z9C1190,scenery,,2025.4,found in: 2025.2,data/xmp/result-2025/raw/2025.4/2025-07-18 Ny Ålesund and Kongsbreen/_Z9C1190.xmp
