jpg_resolves_now,reason,year,half_year,trip,stem,verdict,jpg_path,xmp_path
True,no keywords + missing JPEG in CSV,2018,2018.1,2018-01-06 锦江饭店,_DSC3034,ok,data/jpg/2018.1/_DSC3034.jpg,data/xmp/result-2018/raw/2018.1/2018-01-06 锦江饭店/_DSC3034.xmp
True,no keywords + missing JPEG in CSV,2018,2018.1,2018-01-06 锦江饭店,_DSC3120,ok,data/jpg/2018.1/_DSC3120.jpg,data/xmp/result-2018/raw/2018.1/2018-01-06 锦江饭店/_DSC3120.xmp
True,no keywords + missing JPEG in CSV,2018,2018.1,2018-01-06 锦江饭店,_DSC3458,ok,data/jpg/2018.1/_DSC3458.jpg,data/xmp/result-2018/raw/2018.1/2018-01-06 锦江饭店/_DSC3458.xmp
True,no keywords + missing JPEG in CSV,2019,2019.4,2019-02-05 山公园11号塘 & 棕背田鸡,_D5C7217,ok,data/jpg/2019.4/_D5C7217.jpg,data/xmp/result-2019/raw/2019.4/2019-02-05 山公园11号塘 & 棕背田鸡/_D5C7217.xmp
True,no keywords + missing JPEG in CSV,2019,2019.4,2019-02-05 山公园11号塘 & 棕背田鸡,_D5C7232,ok,data/jpg/2019.4/_D5C7232.jpg,data/xmp/result-2019/raw/2019.4/2019-02-05 山公园11号塘 & 棕背田鸡/_D5C7232.xmp
True,no keywords + missing JPEG in CSV,2019,2019.4,2019-02-05 山公园11号塘 & 棕背田鸡,_D5C7245,ok,data/jpg/2019.4/_D5C7245.jpg,data/xmp/result-2019/raw/2019.4/2019-02-05 山公园11号塘 & 棕背田鸡/_D5C7245.xmp
True,no keywords + missing JPEG in CSV,2019,2019.4,2019-02-05 山公园11号塘 & 棕背田鸡,_D5C7250,ok,data/jpg/2019.4/_D5C7250.jpg,data/xmp/result-2019/raw/2019.4/2019-02-05 山公园11号塘 & 棕背田鸡/_D5C7250.xmp
True,no keywords + missing JPEG in CSV,2019,2019.4,2019-02-05 山公园11号塘 & 棕背田鸡,_D5C7279,ok,data/jpg/2019.4/_D5C7279.jpg,data/xmp/result-2019/raw/2019.4/2019-02-05 山公园11号塘 & 棕背田鸡/_D5C7279.xmp
True,no keywords + missing JPEG in CSV,2019,2019.4,2019-02-05 山公园11号塘 & 棕背田鸡,_D5C7281,ok,data/jpg/2019.4/_D5C7281.jpg,data/xmp/result-2019/raw/2019.4/2019-02-05 山公园11号塘 & 棕背田鸡/_D5C7281.xmp
True,no keywords + missing JPEG in CSV,2019,2019.4,2019-02-05 山公园11号塘 & 棕背田鸡,_D5C7285,ok,data/jpg/2019.4/_D5C7285.jpg,data/xmp/result-2019/raw/2019.4/2019-02-05 山公园11号塘 & 棕背田鸡/_D5C7285.xmp
True,no keywords + missing JPEG in CSV,2019,2019.4,2019-02-05 山公园11号塘 & 棕背田鸡,_D5C7334,ok,data/jpg/2019.4/_D5C7334.jpg,data/xmp/result-2019/raw/2019.4/2019-02-05 山公园11号塘 & 棕背田鸡/_D5C7334.xmp
True,no keywords + missing JPEG in CSV,2019,2019.4,2019-02-05 山公园11号塘 & 棕背田鸡,_D5C7435,ok,data/jpg/2019.4/_D5C7435.jpg,data/xmp/result-2019/raw/2019.4/2019-02-05 山公园11号塘 & 棕背田鸡/_D5C7435.xmp
True,no keywords + missing JPEG in CSV,2019,2019.4,2019-02-05 山公园11号塘 & 棕背田鸡,_D5C7480,ok,data/jpg/2019.4/_D5C7480.jpg,data/xmp/result-2019/raw/2019.4/2019-02-05 山公园11号塘 & 棕背田鸡/_D5C7480.xmp
True,no keywords + missing JPEG in CSV,2019,2019.4,2019-02-05 山公园11号塘 & 棕背田鸡,_D5C7481,ok,data/jpg/2019.4/_D5C7481.jpg,data/xmp/result-2019/raw/2019.4/2019-02-05 山公园11号塘 & 棕背田鸡/_D5C7481.xmp
True,no keywords + missing JPEG in CSV,2019,2019.4,2019-02-05 山公园11号塘 & 棕背田鸡,_D8S6106,ok,data/jpg/2019.4/_D8S6106.jpg,data/xmp/result-2019/raw/2019.4/2019-02-05 山公园11号塘 & 棕背田鸡/_D8S6106.xmp
True,no keywords + missing JPEG in CSV,2019,2019.4,2019-02-05 山公园11号塘 & 棕背田鸡,_D8S6108,ok,data/jpg/2019.4/_D8S6108.jpg,data/xmp/result-2019/raw/2019.4/2019-02-05 山公园11号塘 & 棕背田鸡/_D8S6108.xmp
True,no keywords + missing JPEG in CSV,2019,2019.4,2019-02-05 山公园11号塘 & 棕背田鸡,_D8S6117,ok,data/jpg/2019.4/_D8S6117.jpg,data/xmp/result-2019/raw/2019.4/2019-02-05 山公园11号塘 & 棕背田鸡/_D8S6117.xmp
True,no keywords + missing JPEG in CSV,2019,2019.4,2019-02-05 山公园11号塘 & 棕背田鸡,_D8S6121,ok,data/jpg/2019.4/_D8S6121.jpg,data/xmp/result-2019/raw/2019.4/2019-02-05 山公园11号塘 & 棕背田鸡/_D8S6121.xmp
True,no keywords + missing JPEG in CSV,2019,2019.4,2019-02-05 山公园11号塘 & 棕背田鸡,_D8S6126,ok,data/jpg/2019.4/_D8S6126.jpg,data/xmp/result-2019/raw/2019.4/2019-02-05 山公园11号塘 & 棕背田鸡/_D8S6126.xmp
True,no keywords + missing JPEG in CSV,2019,2019.4,2019-02-05 山公园11号塘 & 棕背田鸡,_D8S6138,ok,data/jpg/2019.4/_D8S6138.jpg,data/xmp/result-2019/raw/2019.4/2019-02-05 山公园11号塘 & 棕背田鸡/_D8S6138.xmp
True,no keywords + missing JPEG in CSV,2019,2019.4,2019-02-05 山公园11号塘 & 棕背田鸡,_D8S6141,ok,data/jpg/2019.4/_D8S6141.jpg,data/xmp/result-2019/raw/2019.4/2019-02-05 山公园11号塘 & 棕背田鸡/_D8S6141.xmp
True,no keywords + missing JPEG in CSV,2019,2019.4,2019-02-05 山公园11号塘 & 棕背田鸡,_D8S6151,ok,data/jpg/2019.4/_D8S6151.jpg,data/xmp/result-2019/raw/2019.4/2019-02-05 山公园11号塘 & 棕背田鸡/_D8S6151.xmp
True,no keywords + missing JPEG in CSV,2019,2019.4,2019-02-05 山公园11号塘 & 棕背田鸡,_D8S6160,ok,data/jpg/2019.4/_D8S6160.jpg,data/xmp/result-2019/raw/2019.4/2019-02-05 山公园11号塘 & 棕背田鸡/_D8S6160.xmp
True,no keywords + missing JPEG in CSV,2019,2019.4,2019-02-05 山公园11号塘 & 棕背田鸡,_D8S6192,ok,data/jpg/2019.4/_D8S6192.jpg,data/xmp/result-2019/raw/2019.4/2019-02-05 山公园11号塘 & 棕背田鸡/_D8S6192.xmp
True,no keywords + missing JPEG in CSV,2019,2019.4,2019-02-05 山公园11号塘 & 棕背田鸡,_D8S6221,ok,data/jpg/2019.4/_D8S6221.jpg,data/xmp/result-2019/raw/2019.4/2019-02-05 山公园11号塘 & 棕背田鸡/_D8S6221.xmp
True,no keywords + missing JPEG in CSV,2019,2019.4,2019-02-05 山公园11号塘 & 棕背田鸡,_D8S6227,ok,data/jpg/2019.4/_D8S6227.jpg,data/xmp/result-2019/raw/2019.4/2019-02-05 山公园11号塘 & 棕背田鸡/_D8S6227.xmp
True,no keywords + missing JPEG in CSV,2019,2019.4,2019-02-05 山公园11号塘 & 棕背田鸡,_D8S6247,ok,data/jpg/2019.4/_D8S6247.jpg,data/xmp/result-2019/raw/2019.4/2019-02-05 山公园11号塘 & 棕背田鸡/_D8S6247.xmp
True,no keywords + missing JPEG in CSV,2019,2019.4,2019-02-05 山公园11号塘 & 棕背田鸡,_D8S6249,ok,data/jpg/2019.4/_D8S6249.jpg,data/xmp/result-2019/raw/2019.4/2019-02-05 山公园11号塘 & 棕背田鸡/_D8S6249.xmp
True,no keywords + missing JPEG in CSV,2019,2019.4,2019-02-05 山公园11号塘 & 棕背田鸡,_D8S6258,ok,data/jpg/2019.4/_D8S6258.jpg,data/xmp/result-2019/raw/2019.4/2019-02-05 山公园11号塘 & 棕背田鸡/_D8S6258.xmp
True,no keywords + missing JPEG in CSV,2019,2019.4,2019-02-05 山公园11号塘 & 棕背田鸡,_D8S6271,ok,data/jpg/2019.4/_D8S6271.jpg,data/xmp/result-2019/raw/2019.4/2019-02-05 山公园11号塘 & 棕背田鸡/_D8S6271.xmp
True,no keywords + missing JPEG in CSV,2019,2019.4,2019-02-05 山公园11号塘 & 棕背田鸡,_D8S6274,ok,data/jpg/2019.4/_D8S6274.jpg,data/xmp/result-2019/raw/2019.4/2019-02-05 山公园11号塘 & 棕背田鸡/_D8S6274.xmp
True,no keywords + missing JPEG in CSV,2019,2019.4,2019-02-05 山公园11号塘 & 棕背田鸡,_D8S6277,ok,data/jpg/2019.4/_D8S6277.jpg,data/xmp/result-2019/raw/2019.4/2019-02-05 山公园11号塘 & 棕背田鸡/_D8S6277.xmp
True,no keywords + missing JPEG in CSV,2019,2019.4,2019-02-05 山公园11号塘 & 棕背田鸡,_D8S6283,ok,data/jpg/2019.4/_D8S6283.jpg,data/xmp/result-2019/raw/2019.4/2019-02-05 山公园11号塘 & 棕背田鸡/_D8S6283.xmp
True,no keywords + missing JPEG in CSV,2019,2019.4,2019-02-05 山公园11号塘 & 棕背田鸡,_D8S6286,ok,data/jpg/2019.4/_D8S6286.jpg,data/xmp/result-2019/raw/2019.4/2019-02-05 山公园11号塘 & 棕背田鸡/_D8S6286.xmp
True,no keywords + missing JPEG in CSV,2019,2019.4,2019-02-05 山公园11号塘 & 棕背田鸡,_D8S6299,ok,data/jpg/2019.4/_D8S6299.jpg,data/xmp/result-2019/raw/2019.4/2019-02-05 山公园11号塘 & 棕背田鸡/_D8S6299.xmp
True,no keywords + missing JPEG in CSV,2019,2019.4,2019-02-05 山公园11号塘 & 棕背田鸡,_D8S6300,ok,data/jpg/2019.4/_D8S6300.jpg,data/xmp/result-2019/raw/2019.4/2019-02-05 山公园11号塘 & 棕背田鸡/_D8S6300.xmp
True,no keywords + missing JPEG in CSV,2019,2019.4,2019-02-05 山公园11号塘 & 棕背田鸡,_D8S6302,ok,data/jpg/2019.4/_D8S6302.jpg,data/xmp/result-2019/raw/2019.4/2019-02-05 山公园11号塘 & 棕背田鸡/_D8S6302.xmp
True,no keywords + missing JPEG in CSV,2019,2019.4,2019-02-05 山公园11号塘 & 棕背田鸡,_D8S6318,ok,data/jpg/2019.4/_D8S6318.jpg,data/xmp/result-2019/raw/2019.4/2019-02-05 山公园11号塘 & 棕背田鸡/_D8S6318.xmp
True,no keywords + missing JPEG in CSV,2019,2019.4,2019-02-05 山公园11号塘 & 棕背田鸡,_D8S6354,ok,data/jpg/2019.4/_D8S6354.jpg,data/xmp/result-2019/raw/2019.4/2019-02-05 山公园11号塘 & 棕背田鸡/_D8S6354.xmp
True,no keywords + missing JPEG in CSV,2019,2019.4,2019-02-05 山公园11号塘 & 棕背田鸡,_D8S6392,ok,data/jpg/2019.4/_D8S6392.jpg,data/xmp/result-2019/raw/2019.4/2019-02-05 山公园11号塘 & 棕背田鸡/_D8S6392.xmp
True,no keywords + missing JPEG in CSV,2019,2019.4,2019-02-05 山公园11号塘 & 棕背田鸡,_D8S6406,ok,data/jpg/2019.4/_D8S6406.jpg,data/xmp/result-2019/raw/2019.4/2019-02-05 山公园11号塘 & 棕背田鸡/_D8S6406.xmp
True,no keywords + missing JPEG in CSV,2019,2019.4,2019-02-05 山公园11号塘 & 棕背田鸡,_D8S6415,ok,data/jpg/2019.4/_D8S6415.jpg,data/xmp/result-2019/raw/2019.4/2019-02-05 山公园11号塘 & 棕背田鸡/_D8S6415.xmp
True,no keywords + missing JPEG in CSV,2019,2019.4,2019-02-05 山公园11号塘 & 棕背田鸡,_D8S6419,ok,data/jpg/2019.4/_D8S6419.jpg,data/xmp/result-2019/raw/2019.4/2019-02-05 山公园11号塘 & 棕背田鸡/_D8S6419.xmp
True,no keywords + missing JPEG in CSV,2019,2019.4,2019-02-05 山公园11号塘 & 棕背田鸡,_D8S6427,ok,data/jpg/2019.4/_D8S6427.jpg,data/xmp/result-2019/raw/2019.4/2019-02-05 山公园11号塘 & 棕背田鸡/_D8S6427.xmp
True,no keywords + missing JPEG in CSV,2019,2019.4,2019-02-05 山公园11号塘 & 棕背田鸡,_D8S6431,ok,data/jpg/2019.4/_D8S6431.jpg,data/xmp/result-2019/raw/2019.4/2019-02-05 山公园11号塘 & 棕背田鸡/_D8S6431.xmp
True,no keywords + missing JPEG in CSV,2019,2019.4,2019-02-05 山公园11号塘 & 棕背田鸡,_D8S6445,ok,data/jpg/2019.4/_D8S6445.jpg,data/xmp/result-2019/raw/2019.4/2019-02-05 山公园11号塘 & 棕背田鸡/_D8S6445.xmp
True,no keywords + missing JPEG in CSV,2019,2019.4,2019-02-05 山公园11号塘 & 棕背田鸡,_D8S6510,ok,data/jpg/2019.4/_D8S6510.jpg,data/xmp/result-2019/raw/2019.4/2019-02-05 山公园11号塘 & 棕背田鸡/_D8S6510.xmp
True,no keywords + missing JPEG in CSV,2019,2019.4,2019-02-05 山公园11号塘 & 棕背田鸡,_D8S6546,ok,data/jpg/2019.4/_D8S6546.jpg,data/xmp/result-2019/raw/2019.4/2019-02-05 山公园11号塘 & 棕背田鸡/_D8S6546.xmp
True,no keywords + missing JPEG in CSV,2019,2019.4,2019-02-05 山公园11号塘 & 棕背田鸡,_D8S6551,ok,data/jpg/2019.4/_D8S6551.jpg,data/xmp/result-2019/raw/2019.4/2019-02-05 山公园11号塘 & 棕背田鸡/_D8S6551.xmp
True,no keywords + missing JPEG in CSV,2019,2019.4,2019-02-05 山公园11号塘 & 棕背田鸡,_D8S6567,ok,data/jpg/2019.4/_D8S6567.jpg,data/xmp/result-2019/raw/2019.4/2019-02-05 山公园11号塘 & 棕背田鸡/_D8S6567.xmp
True,no keywords + missing JPEG in CSV,2019,2019.4,2019-02-05 山公园11号塘 & 棕背田鸡,_D8S6592,ok,data/jpg/2019.4/_D8S6592.jpg,data/xmp/result-2019/raw/2019.4/2019-02-05 山公园11号塘 & 棕背田鸡/_D8S6592.xmp
True,no keywords + missing JPEG in CSV,2019,2019.4,2019-02-05 山公园11号塘 & 棕背田鸡,_D8S6620,ok,data/jpg/2019.4/_D8S6620.jpg,data/xmp/result-2019/raw/2019.4/2019-02-05 山公园11号塘 & 棕背田鸡/_D8S6620.xmp
True,no keywords + missing JPEG in CSV,2019,2019.4,2019-02-05 山公园11号塘 & 棕背田鸡,_D8S6631,ok,data/jpg/2019.4/_D8S6631.jpg,data/xmp/result-2019/raw/2019.4/2019-02-05 山公园11号塘 & 棕背田鸡/_D8S6631.xmp
True,no keywords + missing JPEG in CSV,2019,2019.4,2019-02-05 山公园11号塘 & 棕背田鸡,_D8S6641,ok,data/jpg/2019.4/_D8S6641.jpg,data/xmp/result-2019/raw/2019.4/2019-02-05 山公园11号塘 & 棕背田鸡/_D8S6641.xmp
True,no keywords + missing JPEG in CSV,2019,2019.4,2019-02-05 山公园11号塘 & 棕背田鸡,_D8S6665,ok,data/jpg/2019.4/_D8S6665.jpg,data/xmp/result-2019/raw/2019.4/2019-02-05 山公园11号塘 & 棕背田鸡/_D8S6665.xmp
True,no keywords + missing JPEG in CSV,2019,2019.4,2019-02-05 山公园11号塘 & 棕背田鸡,_D8S6668,ok,data/jpg/2019.4/_D8S6668.jpg,data/xmp/result-2019/raw/2019.4/2019-02-05 山公园11号塘 & 棕背田鸡/_D8S6668.xmp
True,no keywords + missing JPEG in CSV,2019,2019.4,2019-02-05 山公园11号塘 & 棕背田鸡,_D8S6675,ok,data/jpg/2019.4/_D8S6675.jpg,data/xmp/result-2019/raw/2019.4/2019-02-05 山公园11号塘 & 棕背田鸡/_D8S6675.xmp
True,no keywords + missing JPEG in CSV,2019,2019.4,2019-02-05 山公园11号塘 & 棕背田鸡,_D8S6677,ok,data/jpg/2019.4/_D8S6677.jpg,data/xmp/result-2019/raw/2019.4/2019-02-05 山公园11号塘 & 棕背田鸡/_D8S6677.xmp
True,no keywords + missing JPEG in CSV,2019,2019.4,2019-02-05 山公园11号塘 & 棕背田鸡,_D8S6686,ok,data/jpg/2019.4/_D8S6686.jpg,data/xmp/result-2019/raw/2019.4/2019-02-05 山公园11号塘 & 棕背田鸡/_D8S6686.xmp
True,no keywords + missing JPEG in CSV,2019,2019.4,2019-02-05 山公园11号塘 & 棕背田鸡,_D8S6689,ok,data/jpg/2019.4/_D8S6689.jpg,data/xmp/result-2019/raw/2019.4/2019-02-05 山公园11号塘 & 棕背田鸡/_D8S6689.xmp
True,no keywords + missing JPEG in CSV,2019,2019.4,2019-02-05 山公园11号塘 & 棕背田鸡,_D8S6698,ok,data/jpg/2019.4/_D8S6698.jpg,data/xmp/result-2019/raw/2019.4/2019-02-05 山公园11号塘 & 棕背田鸡/_D8S6698.xmp
True,no keywords + missing JPEG in CSV,2019,2019.4,2019-02-05 山公园11号塘 & 棕背田鸡,_D8S6744,ok,data/jpg/2019.4/_D8S6744.jpg,data/xmp/result-2019/raw/2019.4/2019-02-05 山公园11号塘 & 棕背田鸡/_D8S6744.xmp
True,no keywords + missing JPEG in CSV,2019,2019.4,2019-02-05 山公园11号塘 & 棕背田鸡,_D8S6765,ok,data/jpg/2019.4/_D8S6765.jpg,data/xmp/result-2019/raw/2019.4/2019-02-05 山公园11号塘 & 棕背田鸡/_D8S6765.xmp
True,no keywords + missing JPEG in CSV,2019,2019.4,2019-02-05 山公园11号塘 & 棕背田鸡,_D8S6797,ok,data/jpg/2019.4/_D8S6797.jpg,data/xmp/result-2019/raw/2019.4/2019-02-05 山公园11号塘 & 棕背田鸡/_D8S6797.xmp
True,no keywords + missing JPEG in CSV,2019,2019.4,2019-02-05 山公园11号塘 & 棕背田鸡,_D8S6807,ok,data/jpg/2019.4/_D8S6807.jpg,data/xmp/result-2019/raw/2019.4/2019-02-05 山公园11号塘 & 棕背田鸡/_D8S6807.xmp
True,no keywords + missing JPEG in CSV,2019,2019.4,2019-02-05 山公园11号塘 & 棕背田鸡,_D8S6829,ok,data/jpg/2019.4/_D8S6829.jpg,data/xmp/result-2019/raw/2019.4/2019-02-05 山公园11号塘 & 棕背田鸡/_D8S6829.xmp
True,no keywords + missing JPEG in CSV,2019,2019.4,2019-02-05 山公园11号塘 & 棕背田鸡,_D8S6864,ok,data/jpg/2019.4/_D8S6864.jpg,data/xmp/result-2019/raw/2019.4/2019-02-05 山公园11号塘 & 棕背田鸡/_D8S6864.xmp
True,no keywords + missing JPEG in CSV,2019,2019.4,2019-02-05 山公园11号塘 & 棕背田鸡,_D8S6893,ok,data/jpg/2019.4/_D8S6893.jpg,data/xmp/result-2019/raw/2019.4/2019-02-05 山公园11号塘 & 棕背田鸡/_D8S6893.xmp
True,no keywords + missing JPEG in CSV,2019,2019.4,2019-02-05 山公园11号塘 & 棕背田鸡,_D8S6950,ok,data/jpg/2019.4/_D8S6950.jpg,data/xmp/result-2019/raw/2019.4/2019-02-05 山公园11号塘 & 棕背田鸡/_D8S6950.xmp
True,no keywords + missing JPEG in CSV,2019,2019.4,2019-02-05 山公园11号塘 & 棕背田鸡,_D8S7056,ok,data/jpg/2019.4/_D8S7056.jpg,data/xmp/result-2019/raw/2019.4/2019-02-05 山公园11号塘 & 棕背田鸡/_D8S7056.xmp
True,no keywords + missing JPEG in CSV,2019,2019.4,2019-02-05 山公园11号塘 & 棕背田鸡,_D8S7093,ok,data/jpg/2019.4/_D8S7093.jpg,data/xmp/result-2019/raw/2019.4/2019-02-05 山公园11号塘 & 棕背田鸡/_D8S7093.xmp
True,no keywords + missing JPEG in CSV,2019,2019.4,2019-02-05 山公园11号塘 & 棕背田鸡,_D8S7097,ok,data/jpg/2019.4/_D8S7097.jpg,data/xmp/result-2019/raw/2019.4/2019-02-05 山公园11号塘 & 棕背田鸡/_D8S7097.xmp
True,no keywords + missing JPEG in CSV,2019,2019.4,2019-02-05 山公园11号塘 & 棕背田鸡,_D8S7101,ok,data/jpg/2019.4/_D8S7101.jpg,data/xmp/result-2019/raw/2019.4/2019-02-05 山公园11号塘 & 棕背田鸡/_D8S7101.xmp
True,no keywords + missing JPEG in CSV,2019,2019.4,2019-02-05 山公园11号塘 & 棕背田鸡,_D8S7139,ok,data/jpg/2019.4/_D8S7139.jpg,data/xmp/result-2019/raw/2019.4/2019-02-05 山公园11号塘 & 棕背田鸡/_D8S7139.xmp
True,no keywords + missing JPEG in CSV,2019,2019.4,2019-02-05 山公园11号塘 & 棕背田鸡,_D8S7162,ok,data/jpg/2019.4/_D8S7162.jpg,data/xmp/result-2019/raw/2019.4/2019-02-05 山公园11号塘 & 棕背田鸡/_D8S7162.xmp
True,no keywords + missing JPEG in CSV,2019,2019.4,2019-02-05 山公园11号塘 & 棕背田鸡,_D8S7163,ok,data/jpg/2019.4/_D8S7163.jpg,data/xmp/result-2019/raw/2019.4/2019-02-05 山公园11号塘 & 棕背田鸡/_D8S7163.xmp
True,no keywords + missing JPEG in CSV,2019,2019.4,2019-02-05 山公园11号塘 & 棕背田鸡,_D8S7171,ok,data/jpg/2019.4/_D8S7171.jpg,data/xmp/result-2019/raw/2019.4/2019-02-05 山公园11号塘 & 棕背田鸡/_D8S7171.xmp
True,no keywords + missing JPEG in CSV,2019,2019.4,2019-02-05 山公园11号塘 & 棕背田鸡,_D8S7351,ok,data/jpg/2019.4/_D8S7351.jpg,data/xmp/result-2019/raw/2019.4/2019-02-05 山公园11号塘 & 棕背田鸡/_D8S7351.xmp
True,no keywords + missing JPEG in CSV,2019,2019.4,2019-02-05 山公园11号塘 & 棕背田鸡,_D8S7355,ok,data/jpg/2019.4/_D8S7355.jpg,data/xmp/result-2019/raw/2019.4/2019-02-05 山公园11号塘 & 棕背田鸡/_D8S7355.xmp
True,no keywords + missing JPEG in CSV,2019,2019.4,2019-02-05 山公园11号塘 & 棕背田鸡,_D8S7366,ok,data/jpg/2019.4/_D8S7366.jpg,data/xmp/result-2019/raw/2019.4/2019-02-05 山公园11号塘 & 棕背田鸡/_D8S7366.xmp
True,no keywords + missing JPEG in CSV,2019,2019.4,2019-02-05 山公园11号塘 & 棕背田鸡,_D8S7374,ok,data/jpg/2019.4/_D8S7374.jpg,data/xmp/result-2019/raw/2019.4/2019-02-05 山公园11号塘 & 棕背田鸡/_D8S7374.xmp
True,no keywords + missing JPEG in CSV,2019,2019.4,2019-02-05 山公园11号塘 & 棕背田鸡,_D8S7380,ok,data/jpg/2019.4/_D8S7380.jpg,data/xmp/result-2019/raw/2019.4/2019-02-05 山公园11号塘 & 棕背田鸡/_D8S7380.xmp
True,no keywords + missing JPEG in CSV,2019,2019.4,2019-02-05 山公园11号塘 & 棕背田鸡,_D8S7386,ok,data/jpg/2019.4/_D8S7386.jpg,data/xmp/result-2019/raw/2019.4/2019-02-05 山公园11号塘 & 棕背田鸡/_D8S7386.xmp
True,no keywords + missing JPEG in CSV,2019,2019.4,2019-02-05 山公园11号塘 & 棕背田鸡,_D8S7390,ok,data/jpg/2019.4/_D8S7390.jpg,data/xmp/result-2019/raw/2019.4/2019-02-05 山公园11号塘 & 棕背田鸡/_D8S7390.xmp
True,no keywords + missing JPEG in CSV,2019,2019.4,2019-02-05 山公园11号塘 & 棕背田鸡,_D8S7393,ok,data/jpg/2019.4/_D8S7393.jpg,data/xmp/result-2019/raw/2019.4/2019-02-05 山公园11号塘 & 棕背田鸡/_D8S7393.xmp
True,no keywords + missing JPEG in CSV,2019,2019.4,2019-02-05 山公园11号塘 & 棕背田鸡,_D8S7451,ok,data/jpg/2019.4/_D8S7451.jpg,data/xmp/result-2019/raw/2019.4/2019-02-05 山公园11号塘 & 棕背田鸡/_D8S7451.xmp
True,no keywords + missing JPEG in CSV,2019,2019.4,2019-02-05 山公园11号塘 & 棕背田鸡,_D8S7455,ok,data/jpg/2019.4/_D8S7455.jpg,data/xmp/result-2019/raw/2019.4/2019-02-05 山公园11号塘 & 棕背田鸡/_D8S7455.xmp
True,no keywords + missing JPEG in CSV,2019,2019.4,2019-02-05 山公园11号塘 & 棕背田鸡,_D8S7464,ok,data/jpg/2019.4/_D8S7464.jpg,data/xmp/result-2019/raw/2019.4/2019-02-05 山公园11号塘 & 棕背田鸡/_D8S7464.xmp
True,no keywords + missing JPEG in CSV,2019,2019.4,2019-02-05 山公园11号塘 & 棕背田鸡,_D8S7469,ok,data/jpg/2019.4/_D8S7469.jpg,data/xmp/result-2019/raw/2019.4/2019-02-05 山公园11号塘 & 棕背田鸡/_D8S7469.xmp
True,no keywords + missing JPEG in CSV,2019,2019.4,2019-02-05 山公园11号塘 & 棕背田鸡,_D8S7501,ok,data/jpg/2019.4/_D8S7501.jpg,data/xmp/result-2019/raw/2019.4/2019-02-05 山公园11号塘 & 棕背田鸡/_D8S7501.xmp
True,no keywords + missing JPEG in CSV,2019,2019.4,2019-02-05 山公园11号塘 & 棕背田鸡,_D8S7503,ok,data/jpg/2019.4/_D8S7503.jpg,data/xmp/result-2019/raw/2019.4/2019-02-05 山公园11号塘 & 棕背田鸡/_D8S7503.xmp
True,no keywords + missing JPEG in CSV,2019,2019.4,2019-02-05 山公园11号塘 & 棕背田鸡,_D8S7525,ok,data/jpg/2019.4/_D8S7525.jpg,data/xmp/result-2019/raw/2019.4/2019-02-05 山公园11号塘 & 棕背田鸡/_D8S7525.xmp
True,no keywords + missing JPEG in CSV,2019,2019.4,2019-02-05 山公园11号塘 & 棕背田鸡,_D8S7541,ok,data/jpg/2019.4/_D8S7541.jpg,data/xmp/result-2019/raw/2019.4/2019-02-05 山公园11号塘 & 棕背田鸡/_D8S7541.xmp
True,no keywords + missing JPEG in CSV,2019,2019.4,2019-02-05 山公园11号塘 & 棕背田鸡,_D8S7546,ok,data/jpg/2019.4/_D8S7546.jpg,data/xmp/result-2019/raw/2019.4/2019-02-05 山公园11号塘 & 棕背田鸡/_D8S7546.xmp
True,no keywords + missing JPEG in CSV,2019,2019.4,2019-02-05 山公园11号塘 & 棕背田鸡,_D8S7548,ok,data/jpg/2019.4/_D8S7548.jpg,data/xmp/result-2019/raw/2019.4/2019-02-05 山公园11号塘 & 棕背田鸡/_D8S7548.xmp
True,no keywords + missing JPEG in CSV,2019,2019.4,2019-02-05 山公园11号塘 & 棕背田鸡,_D8S7554,ok,data/jpg/2019.4/_D8S7554.jpg,data/xmp/result-2019/raw/2019.4/2019-02-05 山公园11号塘 & 棕背田鸡/_D8S7554.xmp
True,no keywords + missing JPEG in CSV,2019,2019.4,2019-02-05 山公园11号塘 & 棕背田鸡,_D8S7561,ok,data/jpg/2019.4/_D8S7561.jpg,data/xmp/result-2019/raw/2019.4/2019-02-05 山公园11号塘 & 棕背田鸡/_D8S7561.xmp
True,no keywords + missing JPEG in CSV,2019,2019.4,2019-02-05 山公园11号塘 & 棕背田鸡,_D8S7562,ok,data/jpg/2019.4/_D8S7562.jpg,data/xmp/result-2019/raw/2019.4/2019-02-05 山公园11号塘 & 棕背田鸡/_D8S7562.xmp
True,no keywords + missing JPEG in CSV,2019,2019.4,2019-02-05 山公园11号塘 & 棕背田鸡,_D8S7612,ok,data/jpg/2019.4/_D8S7612.jpg,data/xmp/result-2019/raw/2019.4/2019-02-05 山公园11号塘 & 棕背田鸡/_D8S7612.xmp
True,no keywords + missing JPEG in CSV,2019,2019.4,2019-02-05 山公园11号塘 & 棕背田鸡,_D8S7618,ok,data/jpg/2019.4/_D8S7618.jpg,data/xmp/result-2019/raw/2019.4/2019-02-05 山公园11号塘 & 棕背田鸡/_D8S7618.xmp
True,no keywords + missing JPEG in CSV,2019,2019.4,2019-02-05 山公园11号塘 & 棕背田鸡,_D8S7627,ok,data/jpg/2019.4/_D8S7627.jpg,data/xmp/result-2019/raw/2019.4/2019-02-05 山公园11号塘 & 棕背田鸡/_D8S7627.xmp
True,no keywords + missing JPEG in CSV,2019,2019.4,2019-02-05 山公园11号塘 & 棕背田鸡,_D8S7629,ok,data/jpg/2019.4/_D8S7629.jpg,data/xmp/result-2019/raw/2019.4/2019-02-05 山公园11号塘 & 棕背田鸡/_D8S7629.xmp
True,no keywords + missing JPEG in CSV,2019,2019.4,2019-02-05 山公园11号塘 & 棕背田鸡,_D8S7644,ok,data/jpg/2019.4/_D8S7644.jpg,data/xmp/result-2019/raw/2019.4/2019-02-05 山公园11号塘 & 棕背田鸡/_D8S7644.xmp
True,no keywords + missing JPEG in CSV,2019,2019.4,2019-02-05 山公园11号塘 & 棕背田鸡,_D8S7670,ok,data/jpg/2019.4/_D8S7670.jpg,data/xmp/result-2019/raw/2019.4/2019-02-05 山公园11号塘 & 棕背田鸡/_D8S7670.xmp
True,no keywords + missing JPEG in CSV,2019,2019.4,2019-02-05 山公园11号塘 & 棕背田鸡,_D8S7672,ok,data/jpg/2019.4/_D8S7672.jpg,data/xmp/result-2019/raw/2019.4/2019-02-05 山公园11号塘 & 棕背田鸡/_D8S7672.xmp
True,no keywords + missing JPEG in CSV,2019,2019.4,2019-02-05 山公园11号塘 & 棕背田鸡,_D8S7680,ok,data/jpg/2019.4/_D8S7680.jpg,data/xmp/result-2019/raw/2019.4/2019-02-05 山公园11号塘 & 棕背田鸡/_D8S7680.xmp
True,no keywords + missing JPEG in CSV,2019,2019.4,2019-02-05 山公园11号塘 & 棕背田鸡,_D8S7683,ok,data/jpg/2019.4/_D8S7683.jpg,data/xmp/result-2019/raw/2019.4/2019-02-05 山公园11号塘 & 棕背田鸡/_D8S7683.xmp
True,no keywords + missing JPEG in CSV,2019,2019.4,2019-02-05 山公园11号塘 & 棕背田鸡,_D8S7692,ok,data/jpg/2019.4/_D8S7692.jpg,data/xmp/result-2019/raw/2019.4/2019-02-05 山公园11号塘 & 棕背田鸡/_D8S7692.xmp
True,no keywords + missing JPEG in CSV,2019,2019.4,2019-02-05 山公园11号塘 & 棕背田鸡,_D8S7706,ok,data/jpg/2019.4/_D8S7706.jpg,data/xmp/result-2019/raw/2019.4/2019-02-05 山公园11号塘 & 棕背田鸡/_D8S7706.xmp
True,no keywords + missing JPEG in CSV,2019,2019.4,2019-02-05 山公园11号塘 & 棕背田鸡,_DSC0088,ok,data/jpg/2019.4/_DSC0088.jpg,data/xmp/result-2019/raw/2019.4/2019-02-05 山公园11号塘 & 棕背田鸡/_DSC0088.xmp
True,no keywords + missing JPEG in CSV,2019,2019.4,2019-02-05 山公园11号塘 & 棕背田鸡,_DSC0101,ok,data/jpg/2019.4/_DSC0101.jpg,data/xmp/result-2019/raw/2019.4/2019-02-05 山公园11号塘 & 棕背田鸡/_DSC0101.xmp
True,no keywords + missing JPEG in CSV,2019,2019.4,2019-02-05 山公园11号塘 & 棕背田鸡,_DSC0104,ok,data/jpg/2019.4/_DSC0104.jpg,data/xmp/result-2019/raw/2019.4/2019-02-05 山公园11号塘 & 棕背田鸡/_DSC0104.xmp
True,no keywords + missing JPEG in CSV,2019,2019.4,2019-02-05 山公园11号塘 & 棕背田鸡,_DSC0112,ok,data/jpg/2019.4/_DSC0112.jpg,data/xmp/result-2019/raw/2019.4/2019-02-05 山公园11号塘 & 棕背田鸡/_DSC0112.xmp
True,no keywords + missing JPEG in CSV,2019,2019.4,2019-02-05 山公园11号塘 & 棕背田鸡,_DSC0116,ok,data/jpg/2019.4/_DSC0116.jpg,data/xmp/result-2019/raw/2019.4/2019-02-05 山公园11号塘 & 棕背田鸡/_DSC0116.xmp
True,no keywords + missing JPEG in CSV,2019,2019.4,2019-02-05 山公园11号塘 & 棕背田鸡,_DSC0122,ok,data/jpg/2019.4/_DSC0122.jpg,data/xmp/result-2019/raw/2019.4/2019-02-05 山公园11号塘 & 棕背田鸡/_DSC0122.xmp
True,no keywords + missing JPEG in CSV,2019,2019.4,2019-02-05 山公园11号塘 & 棕背田鸡,_DSC0128,ok,data/jpg/2019.4/_DSC0128.jpg,data/xmp/result-2019/raw/2019.4/2019-02-05 山公园11号塘 & 棕背田鸡/_DSC0128.xmp
True,no keywords + missing JPEG in CSV,2019,2019.4,2019-02-05 山公园11号塘 & 棕背田鸡,_DSC0130,ok,data/jpg/2019.4/_DSC0130.jpg,data/xmp/result-2019/raw/2019.4/2019-02-05 山公园11号塘 & 棕背田鸡/_DSC0130.xmp
True,no keywords + missing JPEG in CSV,2019,2019.4,2019-02-05 山公园11号塘 & 棕背田鸡,_DSC0142,ok,data/jpg/2019.4/_DSC0142.jpg,data/xmp/result-2019/raw/2019.4/2019-02-05 山公园11号塘 & 棕背田鸡/_DSC0142.xmp
True,no keywords + missing JPEG in CSV,2019,2019.4,2019-02-05 山公园11号塘 & 棕背田鸡,_DSC0144,ok,data/jpg/2019.4/_DSC0144.jpg,data/xmp/result-2019/raw/2019.4/2019-02-05 山公园11号塘 & 棕背田鸡/_DSC0144.xmp
True,no keywords + missing JPEG in CSV,2019,2019.4,2019-02-05 山公园11号塘 & 棕背田鸡,_DSC0155,ok,data/jpg/2019.4/_DSC0155.jpg,data/xmp/result-2019/raw/2019.4/2019-02-05 山公园11号塘 & 棕背田鸡/_DSC0155.xmp
True,no keywords + missing JPEG in CSV,2019,2019.4,2019-02-05 山公园11号塘 & 棕背田鸡,_DSC0164,ok,data/jpg/2019.4/_DSC0164.jpg,data/xmp/result-2019/raw/2019.4/2019-02-05 山公园11号塘 & 棕背田鸡/_DSC0164.xmp
True,no keywords + missing JPEG in CSV,2019,2019.4,2019-02-05 山公园11号塘 & 棕背田鸡,_DSC0174,ok,data/jpg/2019.4/_DSC0174.jpg,data/xmp/result-2019/raw/2019.4/2019-02-05 山公园11号塘 & 棕背田鸡/_DSC0174.xmp
True,no keywords + missing JPEG in CSV,2019,2019.4,2019-02-05 山公园11号塘 & 棕背田鸡,_DSC0185,ok,data/jpg/2019.4/_DSC0185.jpg,data/xmp/result-2019/raw/2019.4/2019-02-05 山公园11号塘 & 棕背田鸡/_DSC0185.xmp
True,no keywords + missing JPEG in CSV,2019,2019.4,2019-02-05 山公园11号塘 & 棕背田鸡,_DSC0192,ok,data/jpg/2019.4/_DSC0192.jpg,data/xmp/result-2019/raw/2019.4/2019-02-05 山公园11号塘 & 棕背田鸡/_DSC0192.xmp
True,no keywords + missing JPEG in CSV,2019,2019.4,2019-02-05 山公园11号塘 & 棕背田鸡,_DSC0202,ok,data/jpg/2019.4/_DSC0202.jpg,data/xmp/result-2019/raw/2019.4/2019-02-05 山公园11号塘 & 棕背田鸡/_DSC0202.xmp
True,no keywords + missing JPEG in CSV,2019,2019.4,2019-02-05 山公园11号塘 & 棕背田鸡,_DSC0211,ok,data/jpg/2019.4/_DSC0211.jpg,data/xmp/result-2019/raw/2019.4/2019-02-05 山公园11号塘 & 棕背田鸡/_DSC0211.xmp
True,no keywords + missing JPEG in CSV,2019,2019.4,2019-02-05 山公园11号塘 & 棕背田鸡,_DSC0212,ok,data/jpg/2019.4/_DSC0212.jpg,data/xmp/result-2019/raw/2019.4/2019-02-05 山公园11号塘 & 棕背田鸡/_DSC0212.xmp
True,no keywords + missing JPEG in CSV,2019,2019.4,2019-02-05 山公园11号塘 & 棕背田鸡,_DSC0224,ok,data/jpg/2019.4/_DSC0224.jpg,data/xmp/result-2019/raw/2019.4/2019-02-05 山公园11号塘 & 棕背田鸡/_DSC0224.xmp
True,no keywords + missing JPEG in CSV,2019,2019.4,2019-02-05 山公园11号塘 & 棕背田鸡,_DSC0227,ok,data/jpg/2019.4/_DSC0227.jpg,data/xmp/result-2019/raw/2019.4/2019-02-05 山公园11号塘 & 棕背田鸡/_DSC0227.xmp
True,no keywords + missing JPEG in CSV,2019,2019.4,2019-02-05 山公园11号塘 & 棕背田鸡,_DSC0273,ok,data/jpg/2019.4/_DSC0273.jpg,data/xmp/result-2019/raw/2019.4/2019-02-05 山公园11号塘 & 棕背田鸡/_DSC0273.xmp
True,no keywords + missing JPEG in CSV,2019,2019.4,2019-02-05 山公园11号塘 & 棕背田鸡,_DSC0277,ok,data/jpg/2019.4/_DSC0277.jpg,data/xmp/result-2019/raw/2019.4/2019-02-05 山公园11号塘 & 棕背田鸡/_DSC0277.xmp
True,no keywords + missing JPEG in CSV,2019,2019.4,2019-02-05 山公园11号塘 & 棕背田鸡,_DSC0287,ok,data/jpg/2019.4/_DSC0287.jpg,data/xmp/result-2019/raw/2019.4/2019-02-05 山公园11号塘 & 棕背田鸡/_DSC0287.xmp
True,no keywords + missing JPEG in CSV,2019,2019.4,2019-02-05 山公园11号塘 & 棕背田鸡,_DSC0291,ok,data/jpg/2019.4/_DSC0291.jpg,data/xmp/result-2019/raw/2019.4/2019-02-05 山公园11号塘 & 棕背田鸡/_DSC0291.xmp
True,no keywords + missing JPEG in CSV,2019,2019.4,2019-02-05 山公园11号塘 & 棕背田鸡,_DSC0311,ok,data/jpg/2019.4/_DSC0311.jpg,data/xmp/result-2019/raw/2019.4/2019-02-05 山公园11号塘 & 棕背田鸡/_DSC0311.xmp
True,no keywords + missing JPEG in CSV,2019,2019.4,2019-02-05 山公园11号塘 & 棕背田鸡,_DSC0339,ok,data/jpg/2019.4/_DSC0339.jpg,data/xmp/result-2019/raw/2019.4/2019-02-05 山公园11号塘 & 棕背田鸡/_DSC0339.xmp
True,no keywords + missing JPEG in CSV,2019,2019.4,2019-02-05 山公园11号塘 & 棕背田鸡,_DSC0374,ok,data/jpg/2019.4/_DSC0374.jpg,data/xmp/result-2019/raw/2019.4/2019-02-05 山公园11号塘 & 棕背田鸡/_DSC0374.xmp
True,no keywords + missing JPEG in CSV,2019,2019.4,2019-02-05 山公园11号塘 & 棕背田鸡,_DSC0408,ok,data/jpg/2019.4/_DSC0408.jpg,data/xmp/result-2019/raw/2019.4/2019-02-05 山公园11号塘 & 棕背田鸡/_DSC0408.xmp
True,no keywords + missing JPEG in CSV,2019,2019.4,2019-02-05 山公园11号塘 & 棕背田鸡,_DSC0428,ok,data/jpg/2019.4/_DSC0428.jpg,data/xmp/result-2019/raw/2019.4/2019-02-05 山公园11号塘 & 棕背田鸡/_DSC0428.xmp
True,no keywords + missing JPEG in CSV,2019,2019.4,2019-02-05 山公园11号塘 & 棕背田鸡,_DSC0452,ok,data/jpg/2019.4/_DSC0452.jpg,data/xmp/result-2019/raw/2019.4/2019-02-05 山公园11号塘 & 棕背田鸡/_DSC0452.xmp
True,no keywords + missing JPEG in CSV,2019,2019.4,2019-02-05 山公园11号塘 & 棕背田鸡,_DSC0476,ok,data/jpg/2019.4/_DSC0476.jpg,data/xmp/result-2019/raw/2019.4/2019-02-05 山公园11号塘 & 棕背田鸡/_DSC0476.xmp
True,no keywords + missing JPEG in CSV,2019,2019.4,2019-02-05 山公园11号塘 & 棕背田鸡,_DSC0478,ok,data/jpg/2019.4/_DSC0478.jpg,data/xmp/result-2019/raw/2019.4/2019-02-05 山公园11号塘 & 棕背田鸡/_DSC0478.xmp
True,no keywords + missing JPEG in CSV,2019,2019.4,2019-02-05 山公园11号塘 & 棕背田鸡,_DSC0518,ok,data/jpg/2019.4/_DSC0518.jpg,data/xmp/result-2019/raw/2019.4/2019-02-05 山公园11号塘 & 棕背田鸡/_DSC0518.xmp
True,no keywords + missing JPEG in CSV,2019,2019.4,2019-02-05 山公园11号塘 & 棕背田鸡,_DSC0541,ok,data/jpg/2019.4/_DSC0541.jpg,data/xmp/result-2019/raw/2019.4/2019-02-05 山公园11号塘 & 棕背田鸡/_DSC0541.xmp
True,no keywords + missing JPEG in CSV,2019,2019.4,2019-02-05 山公园11号塘 & 棕背田鸡,_DSC0543,ok,data/jpg/2019.4/_DSC0543.jpg,data/xmp/result-2019/raw/2019.4/2019-02-05 山公园11号塘 & 棕背田鸡/_DSC0543.xmp
True,no keywords + missing JPEG in CSV,2019,2019.4,2019-02-05 山公园11号塘 & 棕背田鸡,_DSC0577,ok,data/jpg/2019.4/_DSC0577.jpg,data/xmp/result-2019/raw/2019.4/2019-02-05 山公园11号塘 & 棕背田鸡/_DSC0577.xmp
True,no keywords + missing JPEG in CSV,2019,2019.4,2019-02-05 山公园11号塘 & 棕背田鸡,_DSC0583,ok,data/jpg/2019.4/_DSC0583.jpg,data/xmp/result-2019/raw/2019.4/2019-02-05 山公园11号塘 & 棕背田鸡/_DSC0583.xmp
True,no keywords + missing JPEG in CSV,2019,2019.4,2019-02-05 山公园11号塘 & 棕背田鸡,_DSC0709,ok,data/jpg/2019.4/_DSC0709.jpg,data/xmp/result-2019/raw/2019.4/2019-02-05 山公园11号塘 & 棕背田鸡/_DSC0709.xmp
True,no keywords + missing JPEG in CSV,2019,2019.4,2019-02-05 山公园11号塘 & 棕背田鸡,_DSC0711,ok,data/jpg/2019.4/_DSC0711.jpg,data/xmp/result-2019/raw/2019.4/2019-02-05 山公园11号塘 & 棕背田鸡/_DSC0711.xmp
True,no keywords + missing JPEG in CSV,2020,2020,2020-03-24 Capital Outlet,_D8S9810,ok,data/jpg/2020/_D8S9810.jpg,data/xmp/result-2020/raw/2020/2020-03-24 Capital Outlet/_D8S9810.xmp
True,no keywords + missing JPEG in CSV,2020,2020,2020-04-17 五云疗养院,_D5D5981,ok,data/jpg/2020/_D5D5981.jpg,data/xmp/result-2020/raw/2020/2020-04-17 五云疗养院/_D5D5981.xmp
True,no keywords + missing JPEG in CSV,2020,2020,2020-04-17 五云疗养院,_D5D6013,ok,data/jpg/2020/_D5D6013.jpg,data/xmp/result-2020/raw/2020/2020-04-17 五云疗养院/_D5D6013.xmp
True,no keywords + missing JPEG in CSV,2020,2020,2020-04-17 五云疗养院,_D5D6123,ok,data/jpg/2020/_D5D6123.jpg,data/xmp/result-2020/raw/2020/2020-04-17 五云疗养院/_D5D6123.xmp
True,no keywords + missing JPEG in CSV,2020,2020,2020-04-17 五云疗养院,_D5D6138,ok,data/jpg/2020/_D5D6138.jpg,data/xmp/result-2020/raw/2020/2020-04-17 五云疗养院/_D5D6138.xmp
True,no keywords + missing JPEG in CSV,2020,2020,2020-04-17 五云疗养院,_D5D6152,ok,data/jpg/2020/_D5D6152.jpg,data/xmp/result-2020/raw/2020/2020-04-17 五云疗养院/_D5D6152.xmp
True,no keywords + missing JPEG in CSV,2020,2020,2020-06-18 莫干山,_D5D6331,ok,data/jpg/2020/_D5D6331.jpg,data/xmp/result-2020/raw/2020/2020-06-18 莫干山/_D5D6331.xmp
True,no keywords + missing JPEG in CSV,2020,2020,2020-06-18 莫干山,_D5D6408,ok,data/jpg/2020/_D5D6408.jpg,data/xmp/result-2020/raw/2020/2020-06-18 莫干山/_D5D6408.xmp
True,no keywords + missing JPEG in CSV,2020,2020,2020-06-18 莫干山,_D5D6428,ok,data/jpg/2020/_D5D6428.jpg,data/xmp/result-2020/raw/2020/2020-06-18 莫干山/_D5D6428.xmp
True,no keywords + missing JPEG in CSV,2020,2020,2020-06-18 莫干山,_D5D6430,ok,data/jpg/2020/_D5D6430.jpg,data/xmp/result-2020/raw/2020/2020-06-18 莫干山/_D5D6430.xmp
True,no keywords + missing JPEG in CSV,2020,2020,2020-06-18 莫干山,_D5D6474,ok,data/jpg/2020/_D5D6474.jpg,data/xmp/result-2020/raw/2020/2020-06-18 莫干山/_D5D6474.xmp
True,no keywords + missing JPEG in CSV,2020,2020,2020-06-18 莫干山,_D5D6503,ok,data/jpg/2020/_D5D6503.jpg,data/xmp/result-2020/raw/2020/2020-06-18 莫干山/_D5D6503.xmp
True,no keywords + missing JPEG in CSV,2020,2020,2020-06-18 莫干山,_D5D6519,ok,data/jpg/2020/_D5D6519.jpg,data/xmp/result-2020/raw/2020/2020-06-18 莫干山/_D5D6519.xmp
True,no keywords + missing JPEG in CSV,2020,2020,2020-08-20 临平大酒店,_D8S0133,ok,data/jpg/2020/_D8S0133.jpg,data/xmp/result-2020/raw/2020/2020-08-20 临平大酒店/_D8S0133.xmp
True,no keywords + missing JPEG in CSV,2020,2020,2020-08-20 临平大酒店,_D8S0212,ok,data/jpg/2020/_D8S0212.jpg,data/xmp/result-2020/raw/2020/2020-08-20 临平大酒店/_D8S0212.xmp
True,no keywords + missing JPEG in CSV,2020,2020,2020-09-10 南汇嘴,_D5C5667,ok,data/jpg/2020/_D5C5667.jpg,data/xmp/result-2020/raw/2020/2020-09-10 南汇嘴/_D5C5667.xmp
True,no keywords + missing JPEG in CSV,2020,2020,2020-09-10 南汇嘴,_D5C5762,ok,data/jpg/2020/_D5C5762.jpg,data/xmp/result-2020/raw/2020/2020-09-10 南汇嘴/_D5C5762.xmp
True,no keywords + missing JPEG in CSV,2020,2020,2020-09-10 南汇嘴,_D5C5797,ok,data/jpg/2020/_D5C5797.jpg,data/xmp/result-2020/raw/2020/2020-09-10 南汇嘴/_D5C5797.xmp
True,no keywords + missing JPEG in CSV,2020,2020,2020-09-10 南汇嘴,_D5C5807,ok,data/jpg/2020/_D5C5807.jpg,data/xmp/result-2020/raw/2020/2020-09-10 南汇嘴/_D5C5807.xmp
True,no keywords + missing JPEG in CSV,2020,2020,2020-09-10 南汇嘴,_DSC6970,ok,data/jpg/2020/_DSC6970.jpg,data/xmp/result-2020/raw/2020/2020-09-10 南汇嘴/_DSC6970.xmp
True,no keywords + missing JPEG in CSV,2020,2020,2020-09-10 南汇嘴,_DSC7020,ok,data/jpg/2020/_DSC7020.jpg,data/xmp/result-2020/raw/2020/2020-09-10 南汇嘴/_DSC7020.xmp
True,no keywords + missing JPEG in CSV,2020,2020,2020-09-10 南汇嘴,_DSC7031,ok,data/jpg/2020/_DSC7031.jpg,data/xmp/result-2020/raw/2020/2020-09-10 南汇嘴/_DSC7031.xmp
True,no keywords + missing JPEG in CSV,2020,2020,2020-09-10 南汇嘴,_DSC7035,ok,data/jpg/2020/_DSC7035.jpg,data/xmp/result-2020/raw/2020/2020-09-10 南汇嘴/_DSC7035.xmp
True,no keywords + missing JPEG in CSV,2020,2020,2020-09-10 南汇嘴,_DSC7038,ok,data/jpg/2020/_DSC7038.jpg,data/xmp/result-2020/raw/2020/2020-09-10 南汇嘴/_DSC7038.xmp
True,no keywords + missing JPEG in CSV,2020,2020,2020-09-10 南汇嘴,_DSC7044,ok,data/jpg/2020/_DSC7044.jpg,data/xmp/result-2020/raw/2020/2020-09-10 南汇嘴/_DSC7044.xmp
True,no keywords + missing JPEG in CSV,2020,2020,2020-09-10 南汇嘴,_DSC7098,ok,data/jpg/2020/_DSC7098.jpg,data/xmp/result-2020/raw/2020/2020-09-10 南汇嘴/_DSC7098.xmp
True,no keywords + missing JPEG in CSV,2020,2020,2020-09-10 南汇嘴,_DSC7114,ok,data/jpg/2020/_DSC7114.jpg,data/xmp/result-2020/raw/2020/2020-09-10 南汇嘴/_DSC7114.xmp
True,no keywords + missing JPEG in CSV,2020,2020,2020-09-10 南汇嘴,_DSC7154,ok,data/jpg/2020/_DSC7154.jpg,data/xmp/result-2020/raw/2020/2020-09-10 南汇嘴/_DSC7154.xmp
True,no keywords + missing JPEG in CSV,2020,2020,2020-09-10 南汇嘴,_DSC7164,ok,data/jpg/2020/_DSC7164.jpg,data/xmp/result-2020/raw/2020/2020-09-10 南汇嘴/_DSC7164.xmp
True,no keywords + missing JPEG in CSV,2020,2020,2020-09-25 诸暨 西施故里,_V9A0548,ok,data/jpg/2020/_V9A0548.jpg,data/xmp/result-2020/raw/2020/2020-09-25 诸暨 西施故里/_V9A0548.xmp
True,no keywords + missing JPEG in CSV,2020,2020,2020-09-25 诸暨 西施故里,_V9A0709,ok,data/jpg/2020/_V9A0709.jpg,data/xmp/result-2020/raw/2020/2020-09-25 诸暨 西施故里/_V9A0709.xmp
True,no keywords + missing JPEG in CSV,2020,2020,2020-09-25 诸暨 西施故里,_V9A0864,ok,data/jpg/2020/_V9A0864.jpg,data/xmp/result-2020/raw/2020/2020-09-25 诸暨 西施故里/_V9A0864.xmp
True,no keywords + missing JPEG in CSV,2020,2020,2020-09-26 诸暨,_V9A0962,ok,data/jpg/2020/_V9A0962.jpg,data/xmp/result-2020/raw/2020/2020-09-26 诸暨/_V9A0962.xmp
True,no keywords + missing JPEG in CSV,2020,2020,2020-09-26 诸暨,_V9A0966,ok,data/jpg/2020/_V9A0966.jpg,data/xmp/result-2020/raw/2020/2020-09-26 诸暨/_V9A0966.xmp
True,no keywords + missing JPEG in CSV,2020,2020,2020-09-27 龙游,_D5C6367,ok,data/jpg/2020/_D5C6367.jpg,data/xmp/result-2020/raw/2020/2020-09-27 龙游/_D5C6367.xmp
True,no keywords + missing JPEG in CSV,2020,2020,2020-09-27 龙游,_D5C6368,ok,data/jpg/2020/_D5C6368.jpg,data/xmp/result-2020/raw/2020/2020-09-27 龙游/_D5C6368.xmp
True,no keywords + missing JPEG in CSV,2020,2020,2020-09-27 龙游,_D8S0546,ok,data/jpg/2020/_D8S0546.jpg,data/xmp/result-2020/raw/2020/2020-09-27 龙游/_D8S0546.xmp
True,no keywords + missing JPEG in CSV,2020,2020,2020-09-27 龙游,_D8S0607,ok,data/jpg/2020/_D8S0607.jpg,data/xmp/result-2020/raw/2020/2020-09-27 龙游/_D8S0607.xmp
True,no keywords + missing JPEG in CSV,2020,2020,2020-09-27 龙游,_D8S0620,ok,data/jpg/2020/_D8S0620.jpg,data/xmp/result-2020/raw/2020/2020-09-27 龙游/_D8S0620.xmp
True,no keywords + missing JPEG in CSV,2020,2020,2020-09-27 龙游,_D8S0734,ok,data/jpg/2020/_D8S0734.jpg,data/xmp/result-2020/raw/2020/2020-09-27 龙游/_D8S0734.xmp
True,no keywords + missing JPEG in CSV,2020,2020,2020-09-28 龙游,_D5C6505,ok,data/jpg/2020/_D5C6505.jpg,data/xmp/result-2020/raw/2020/2020-09-28 龙游/_D5C6505.xmp
True,no keywords + missing JPEG in CSV,2020,2020,2020-09-28 龙游,_D5C6514,ok,data/jpg/2020/_D5C6514.jpg,data/xmp/result-2020/raw/2020/2020-09-28 龙游/_D5C6514.xmp
True,no keywords + missing JPEG in CSV,2020,2020,2020-09-28 龙游,_D8S0791,ok,data/jpg/2020/_D8S0791.jpg,data/xmp/result-2020/raw/2020/2020-09-28 龙游/_D8S0791.xmp
True,no keywords + missing JPEG in CSV,2020,2020,2020-09-28 龙游,_D8S0810,ok,data/jpg/2020/_D8S0810.jpg,data/xmp/result-2020/raw/2020/2020-09-28 龙游/_D8S0810.xmp
True,no keywords + missing JPEG in CSV,2020,2020,2020-09-28 龙游,_D8S0836,ok,data/jpg/2020/_D8S0836.jpg,data/xmp/result-2020/raw/2020/2020-09-28 龙游/_D8S0836.xmp
True,no keywords + missing JPEG in CSV,2020,2020,2020-09-28 龙门石窟,_V9A1522,ok,data/jpg/2020/_V9A1522.jpg,data/xmp/result-2020/raw/2020/2020-09-28 龙门石窟/_V9A1522.xmp
True,no keywords + missing JPEG in CSV,2020,2020,2020-09-28 龙门石窟,_V9A1527,ok,data/jpg/2020/_V9A1527.jpg,data/xmp/result-2020/raw/2020/2020-09-28 龙门石窟/_V9A1527.xmp
True,no keywords + missing JPEG in CSV,2020,2020,2020-09-28 龙门石窟,_V9A1529,ok,data/jpg/2020/_V9A1529.jpg,data/xmp/result-2020/raw/2020/2020-09-28 龙门石窟/_V9A1529.xmp
True,no keywords + missing JPEG in CSV,2020,2020,2020-09-29 玉环旋门湾湿地公园,_V9A1578,ok,data/jpg/2020/_V9A1578.jpg,data/xmp/result-2020/raw/2020/2020-09-29 玉环旋门湾湿地公园/_V9A1578.xmp
True,no keywords + missing JPEG in CSV,2020,2020,2020-09-29 玉环旋门湾湿地公园,_V9A1613,ok,data/jpg/2020/_V9A1613.jpg,data/xmp/result-2020/raw/2020/2020-09-29 玉环旋门湾湿地公园/_V9A1613.xmp
True,no keywords + missing JPEG in CSV,2020,2020,2020-09-29 玉环旋门湾湿地公园,_V9A1659,ok,data/jpg/2020/_V9A1659.jpg,data/xmp/result-2020/raw/2020/2020-09-29 玉环旋门湾湿地公园/_V9A1659.xmp
True,no keywords + missing JPEG in CSV,2020,2020,2020-09-29 玉环旋门湾湿地公园,_V9A1695,ok,data/jpg/2020/_V9A1695.jpg,data/xmp/result-2020/raw/2020/2020-09-29 玉环旋门湾湿地公园/_V9A1695.xmp
True,no keywords + missing JPEG in CSV,2020,2020,2020-09-29 玉环旋门湾湿地公园,_V9A1764,ok,data/jpg/2020/_V9A1764.jpg,data/xmp/result-2020/raw/2020/2020-09-29 玉环旋门湾湿地公园/_V9A1764.xmp
True,no keywords + missing JPEG in CSV,2020,2020,2020-09-29 玉环旋门湾湿地公园,_V9A1777,ok,data/jpg/2020/_V9A1777.jpg,data/xmp/result-2020/raw/2020/2020-09-29 玉环旋门湾湿地公园/_V9A1777.xmp
True,no keywords + missing JPEG in CSV,2020,2020,2020-09-29 玉环旋门湾湿地公园,_V9A1787,ok,data/jpg/2020/_V9A1787.jpg,data/xmp/result-2020/raw/2020/2020-09-29 玉环旋门湾湿地公园/_V9A1787.xmp
True,no keywords + missing JPEG in CSV,2020,2020,2020-09-29 玉环旋门湾湿地公园,_V9A1788,ok,data/jpg/2020/_V9A1788.jpg,data/xmp/result-2020/raw/2020/2020-09-29 玉环旋门湾湿地公园/_V9A1788.xmp
True,no keywords + missing JPEG in CSV,2020,2020,2020-09-29 玉环旋门湾湿地公园,_V9A1792,ok,data/jpg/2020/_V9A1792.jpg,data/xmp/result-2020/raw/2020/2020-09-29 玉环旋门湾湿地公园/_V9A1792.xmp
True,no keywords + missing JPEG in CSV,2020,2020,2020-09-29 玉环旋门湾湿地公园,_V9A1793,ok,data/jpg/2020/_V9A1793.jpg,data/xmp/result-2020/raw/2020/2020-09-29 玉环旋门湾湿地公园/_V9A1793.xmp
True,no keywords + missing JPEG in CSV,2020,2020,2020-09-29 玉环旋门湾湿地公园,_V9A1794,ok,data/jpg/2020/_V9A1794.jpg,data/xmp/result-2020/raw/2020/2020-09-29 玉环旋门湾湿地公园/_V9A1794.xmp
True,no keywords + missing JPEG in CSV,2020,2020,2020-09-29 玉环旋门湾湿地公园,_V9A1797,ok,data/jpg/2020/_V9A1797.jpg,data/xmp/result-2020/raw/2020/2020-09-29 玉环旋门湾湿地公园/_V9A1797.xmp
True,no keywords + missing JPEG in CSV,2020,2020,2020-09-29 玉环旋门湾湿地公园,_V9A1882,ok,data/jpg/2020/_V9A1882.jpg,data/xmp/result-2020/raw/2020/2020-09-29 玉环旋门湾湿地公园/_V9A1882.xmp
True,no keywords + missing JPEG in CSV,2020,2020,2020-10-07 九龙山国家森林公园,_D5C7377,ok,data/jpg/2020/_D5C7377.jpg,data/xmp/result-2020/raw/2020/2020-10-07 九龙山国家森林公园/_D5C7377.xmp
True,no keywords + missing JPEG in CSV,2020,2020,2020-10-07 九龙山国家森林公园,_D5C7399,ok,data/jpg/2020/_D5C7399.jpg,data/xmp/result-2020/raw/2020/2020-10-07 九龙山国家森林公园/_D5C7399.xmp
True,no keywords + missing JPEG in CSV,2020,2020,2020-10-07 九龙山国家森林公园,_D5C7505,ok,data/jpg/2020/_D5C7505.jpg,data/xmp/result-2020/raw/2020/2020-10-07 九龙山国家森林公园/_D5C7505.xmp
True,no keywords + missing JPEG in CSV,2020,2020,2020-10-07 九龙山国家森林公园,_D5C7547,ok,data/jpg/2020/_D5C7547.jpg,data/xmp/result-2020/raw/2020/2020-10-07 九龙山国家森林公园/_D5C7547.xmp
True,no keywords + missing JPEG in CSV,2020,2020,2020-10-07 九龙山国家森林公园,_D8S0979,ok,data/jpg/2020/_D8S0979.jpg,data/xmp/result-2020/raw/2020/2020-10-07 九龙山国家森林公园/_D8S0979.xmp
True,no keywords + missing JPEG in CSV,2020,2020,2020-10-07 九龙山国家森林公园,_D8S1014,ok,data/jpg/2020/_D8S1014.jpg,data/xmp/result-2020/raw/2020/2020-10-07 九龙山国家森林公园/_D8S1014.xmp
True,no keywords + missing JPEG in CSV,2020,2020,2020-10-07 九龙山国家森林公园,_D8S1156,ok,data/jpg/2020/_D8S1156.jpg,data/xmp/result-2020/raw/2020/2020-10-07 九龙山国家森林公园/_D8S1156.xmp
True,no keywords + missing JPEG in CSV,2020,2020,2020-10-07 九龙山国家森林公园,_D8S1177,ok,data/jpg/2020/_D8S1177.jpg,data/xmp/result-2020/raw/2020/2020-10-07 九龙山国家森林公园/_D8S1177.xmp
True,no keywords + missing JPEG in CSV,2020,2020,2020-10-07 九龙山国家森林公园,_D8S1233,ok,data/jpg/2020/_D8S1233.jpg,data/xmp/result-2020/raw/2020/2020-10-07 九龙山国家森林公园/_D8S1233.xmp
True,no keywords + missing JPEG in CSV,2020,2020,2020-10-07 九龙山国家森林公园,_V9A2664,ok,data/jpg/2020/_V9A2664.jpg,data/xmp/result-2020/raw/2020/2020-10-07 九龙山国家森林公园/_V9A2664.xmp
True,no keywords + missing JPEG in CSV,2020,2020,2020-10-07 九龙山国家森林公园,_V9A3480,ok,data/jpg/2020/_V9A3480.jpg,data/xmp/result-2020/raw/2020/2020-10-07 九龙山国家森林公园/_V9A3480.xmp
True,no keywords + missing JPEG in CSV,2020,2020,2020-10-07 九龙山国家森林公园,_V9A3628,ok,data/jpg/2020/_V9A3628.jpg,data/xmp/result-2020/raw/2020/2020-10-07 九龙山国家森林公园/_V9A3628.xmp
True,no keywords + missing JPEG in CSV,2020,2020,2020-10-08 九龙山国家森林公园,_D5C7872,ok,data/jpg/2020/_D5C7872.jpg,data/xmp/result-2020/raw/2020/2020-10-08 九龙山国家森林公园/_D5C7872.xmp
True,no keywords + missing JPEG in CSV,2020,2020,2020-10-08 九龙山国家森林公园,_D5C7914,ok,data/jpg/2020/_D5C7914.jpg,data/xmp/result-2020/raw/2020/2020-10-08 九龙山国家森林公园/_D5C7914.xmp
True,no keywords + missing JPEG in CSV,2020,2020,2020-10-08 九龙山国家森林公园,_D5C8099,ok,data/jpg/2020/_D5C8099.jpg,data/xmp/result-2020/raw/2020/2020-10-08 九龙山国家森林公园/_D5C8099.xmp
True,no keywords + missing JPEG in CSV,2020,2020,2020-10-08 九龙山国家森林公园,_D5C8100,ok,data/jpg/2020/_D5C8100.jpg,data/xmp/result-2020/raw/2020/2020-10-08 九龙山国家森林公园/_D5C8100.xmp
True,no keywords + missing JPEG in CSV,2020,2020,2020-10-08 九龙山国家森林公园,_D5C8101,ok,data/jpg/2020/_D5C8101.jpg,data/xmp/result-2020/raw/2020/2020-10-08 九龙山国家森林公园/_D5C8101.xmp
True,no keywords + missing JPEG in CSV,2020,2020,2020-10-08 九龙山国家森林公园,_D8S1293,ok,data/jpg/2020/_D8S1293.jpg,data/xmp/result-2020/raw/2020/2020-10-08 九龙山国家森林公园/_D8S1293.xmp
True,no keywords + missing JPEG in CSV,2020,2020,2020-10-08 九龙山国家森林公园,_D8S1430,ok,data/jpg/2020/_D8S1430.jpg,data/xmp/result-2020/raw/2020/2020-10-08 九龙山国家森林公园/_D8S1430.xmp
True,no keywords + missing JPEG in CSV,2020,2020,2020-10-08 九龙山国家森林公园,_D8S1535,ok,data/jpg/2020/_D8S1535.jpg,data/xmp/result-2020/raw/2020/2020-10-08 九龙山国家森林公园/_D8S1535.xmp
True,no keywords + missing JPEG in CSV,2020,2020,2020-10-08 九龙山国家森林公园,_D8S1655,ok,data/jpg/2020/_D8S1655.jpg,data/xmp/result-2020/raw/2020/2020-10-08 九龙山国家森林公园/_D8S1655.xmp
True,no keywords + missing JPEG in CSV,2020,2020,2020-10-11 黄公望森林公园,_V9A5871,ok,data/jpg/2020/_V9A5871.jpg,data/xmp/result-2020/raw/2020/2020-10-11 黄公望森林公园/_V9A5871.xmp
True,no keywords + missing JPEG in CSV,2020,2020,2020-10-21 铜鉴湖,_D5D6753,ok,data/jpg/2020/_D5D6753.jpg,data/xmp/result-2020/raw/2020/2020-10-21 铜鉴湖/_D5D6753.xmp
True,no keywords + missing JPEG in CSV,2020,2020,2020-10-21 铜鉴湖,_D5D6776,ok,data/jpg/2020/_D5D6776.jpg,data/xmp/result-2020/raw/2020/2020-10-21 铜鉴湖/_D5D6776.xmp
True,no keywords + missing JPEG in CSV,2020,2020,2020-10-21 铜鉴湖,_V9A6568,ok,data/jpg/2020/_V9A6568.jpg,data/xmp/result-2020/raw/2020/2020-10-21 铜鉴湖/_V9A6568.xmp
True,no keywords + missing JPEG in CSV,2020,2020,2020-10-21 铜鉴湖,_V9A6814,ok,data/jpg/2020/_V9A6814.jpg,data/xmp/result-2020/raw/2020/2020-10-21 铜鉴湖/_V9A6814.xmp
True,no keywords + missing JPEG in CSV,2020,2020,2020-11 福州.鸟,_D5D8140,ok,data/jpg/2020/_D5D8140.jpg,data/xmp/result-2020/raw/2020/2020-11 福州.鸟/_D5D8140.xmp
True,no keywords + missing JPEG in CSV,2020,2020,2020-11 福州.鸟,_D5D8148,ok,data/jpg/2020/_D5D8148.jpg,data/xmp/result-2020/raw/2020/2020-11 福州.鸟/_D5D8148.xmp
True,no keywords + missing JPEG in CSV,2020,2020,2020-11 福州.鸟,_D5D8164,ok,data/jpg/2020/_D5D8164.jpg,data/xmp/result-2020/raw/2020/2020-11 福州.鸟/_D5D8164.xmp
True,no keywords + missing JPEG in CSV,2020,2020,2020-11 福州.鸟,_D5D8216,ok,data/jpg/2020/_D5D8216.jpg,data/xmp/result-2020/raw/2020/2020-11 福州.鸟/_D5D8216.xmp
True,no keywords + missing JPEG in CSV,2020,2020,2020-11 福州.鸟,_D5D8295,ok,data/jpg/2020/_D5D8295.jpg,data/xmp/result-2020/raw/2020/2020-11 福州.鸟/_D5D8295.xmp
True,no keywords + missing JPEG in CSV,2020,2020,2020-11 福州.鸟,_D5D8298,ok,data/jpg/2020/_D5D8298.jpg,data/xmp/result-2020/raw/2020/2020-11 福州.鸟/_D5D8298.xmp
True,no keywords + missing JPEG in CSV,2020,2020,2020-11 福州.鸟,_D5D8334,ok,data/jpg/2020/_D5D8334.jpg,data/xmp/result-2020/raw/2020/2020-11 福州.鸟/_D5D8334.xmp
True,no keywords + missing JPEG in CSV,2020,2020,2020-11 福州.鸟,_D5D8365,ok,data/jpg/2020/_D5D8365.jpg,data/xmp/result-2020/raw/2020/2020-11 福州.鸟/_D5D8365.xmp
True,no keywords + missing JPEG in CSV,2020,2020,2020-11 福州.鸟,_D5D8369,ok,data/jpg/2020/_D5D8369.jpg,data/xmp/result-2020/raw/2020/2020-11 福州.鸟/_D5D8369.xmp
True,no keywords + missing JPEG in CSV,2020,2020,2020-11 福州.鸟,_D5D8379,ok,data/jpg/2020/_D5D8379.jpg,data/xmp/result-2020/raw/2020/2020-11 福州.鸟/_D5D8379.xmp
True,no keywords + missing JPEG in CSV,2020,2020,2020-11 福州.鸟,_D5D8384,ok,data/jpg/2020/_D5D8384.jpg,data/xmp/result-2020/raw/2020/2020-11 福州.鸟/_D5D8384.xmp
True,no keywords + missing JPEG in CSV,2020,2020,2020-11 福州.鸟,_D5D8394,ok,data/jpg/2020/_D5D8394.jpg,data/xmp/result-2020/raw/2020/2020-11 福州.鸟/_D5D8394.xmp
True,no keywords + missing JPEG in CSV,2020,2020,2020-11 福州.鸟,_D5D8416,ok,data/jpg/2020/_D5D8416.jpg,data/xmp/result-2020/raw/2020/2020-11 福州.鸟/_D5D8416.xmp
True,no keywords + missing JPEG in CSV,2020,2020,2020-11 福州.鸟,_D5D8424,ok,data/jpg/2020/_D5D8424.jpg,data/xmp/result-2020/raw/2020/2020-11 福州.鸟/_D5D8424.xmp
True,no keywords + missing JPEG in CSV,2020,2020,2020-11 福州.鸟,_D5D8442,ok,data/jpg/2020/_D5D8442.jpg,data/xmp/result-2020/raw/2020/2020-11 福州.鸟/_D5D8442.xmp
True,no keywords + missing JPEG in CSV,2020,2020,2020-11 福州.鸟,_D5D8445,ok,data/jpg/2020/_D5D8445.jpg,data/xmp/result-2020/raw/2020/2020-11 福州.鸟/_D5D8445.xmp
True,no keywords + missing JPEG in CSV,2020,2020,2020-11 福州.鸟,_D5D8459,ok,data/jpg/2020/_D5D8459.jpg,data/xmp/result-2020/raw/2020/2020-11 福州.鸟/_D5D8459.xmp
True,no keywords + missing JPEG in CSV,2020,2020,2020-11 福州.鸟,_D5D8464,ok,data/jpg/2020/_D5D8464.jpg,data/xmp/result-2020/raw/2020/2020-11 福州.鸟/_D5D8464.xmp
True,no keywords + missing JPEG in CSV,2020,2020,2020-11 福州.鸟,_D5D8475,ok,data/jpg/2020/_D5D8475.jpg,data/xmp/result-2020/raw/2020/2020-11 福州.鸟/_D5D8475.xmp
True,no keywords + missing JPEG in CSV,2020,2020,2020-11 福州.鸟,_D5D8506,ok,data/jpg/2020/_D5D8506.jpg,data/xmp/result-2020/raw/2020/2020-11 福州.鸟/_D5D8506.xmp
True,no keywords + missing JPEG in CSV,2020,2020,2020-11-03 铜鉴湖,_D5D6958,ok,data/jpg/2020/_D5D6958.jpg,data/xmp/result-2020/raw/2020/2020-11-03 铜鉴湖/_D5D6958.xmp
True,no keywords + missing JPEG in CSV,2020,2020,2020-11-03 铜鉴湖,_V9A7144,ok,data/jpg/2020/_V9A7144.jpg,data/xmp/result-2020/raw/2020/2020-11-03 铜鉴湖/_V9A7144.xmp
True,no keywords + missing JPEG in CSV,2020,2020,2020-11-03 铜鉴湖,_V9A7154,ok,data/jpg/2020/_V9A7154.jpg,data/xmp/result-2020/raw/2020/2020-11-03 铜鉴湖/_V9A7154.xmp
True,no keywords + missing JPEG in CSV,2020,2020,2020-11-03 铜鉴湖,_V9A7162,ok,data/jpg/2020/_V9A7162.jpg,data/xmp/result-2020/raw/2020/2020-11-03 铜鉴湖/_V9A7162.xmp
True,no keywords + missing JPEG in CSV,2020,2020,2020-11-03 铜鉴湖,_V9A7179,ok,data/jpg/2020/_V9A7179.jpg,data/xmp/result-2020/raw/2020/2020-11-03 铜鉴湖/_V9A7179.xmp
True,no keywords + missing JPEG in CSV,2020,2020,2020-11-03 铜鉴湖,_V9A7221,ok,data/jpg/2020/_V9A7221.jpg,data/xmp/result-2020/raw/2020/2020-11-03 铜鉴湖/_V9A7221.xmp
True,no keywords + missing JPEG in CSV,2020,2020,2020-11-03 铜鉴湖,_V9A7242,ok,data/jpg/2020/_V9A7242.jpg,data/xmp/result-2020/raw/2020/2020-11-03 铜鉴湖/_V9A7242.xmp
True,no keywords + missing JPEG in CSV,2020,2020,2020-11-04 铜鉴湖,_D8S1828,ok,data/jpg/2020/_D8S1828.jpg,data/xmp/result-2020/raw/2020/2020-11-04 铜鉴湖/_D8S1828.xmp
True,no keywords + missing JPEG in CSV,2020,2020,2020-11-04 铜鉴湖,_D8S1830,ok,data/jpg/2020/_D8S1830.jpg,data/xmp/result-2020/raw/2020/2020-11-04 铜鉴湖/_D8S1830.xmp
True,no keywords + missing JPEG in CSV,2020,2020,2020-11-04 铜鉴湖,_V9A7245,ok,data/jpg/2020/_V9A7245.jpg,data/xmp/result-2020/raw/2020/2020-11-04 铜鉴湖/_V9A7245.xmp
True,no keywords + missing JPEG in CSV,2020,2020,2020-11-04 铜鉴湖,_V9A7248,ok,data/jpg/2020/_V9A7248.jpg,data/xmp/result-2020/raw/2020/2020-11-04 铜鉴湖/_V9A7248.xmp
True,no keywords + missing JPEG in CSV,2020,2020,2020-11-04 铜鉴湖,_V9A7250,ok,data/jpg/2020/_V9A7250.jpg,data/xmp/result-2020/raw/2020/2020-11-04 铜鉴湖/_V9A7250.xmp
True,no keywords + missing JPEG in CSV,2020,2020,2020-11-04 铜鉴湖,_V9A7254,ok,data/jpg/2020/_V9A7254.jpg,data/xmp/result-2020/raw/2020/2020-11-04 铜鉴湖/_V9A7254.xmp
True,no keywords + missing JPEG in CSV,2020,2020,2020-11-04 铜鉴湖,_V9A7256,ok,data/jpg/2020/_V9A7256.jpg,data/xmp/result-2020/raw/2020/2020-11-04 铜鉴湖/_V9A7256.xmp
True,no keywords + missing JPEG in CSV,2020,2020,2020-11-04 铜鉴湖,_V9A7262,ok,data/jpg/2020/_V9A7262.jpg,data/xmp/result-2020/raw/2020/2020-11-04 铜鉴湖/_V9A7262.xmp
True,no keywords + missing JPEG in CSV,2020,2020,2020-11-04 铜鉴湖,_V9A7270,ok,data/jpg/2020/_V9A7270.jpg,data/xmp/result-2020/raw/2020/2020-11-04 铜鉴湖/_V9A7270.xmp
True,no keywords + missing JPEG in CSV,2020,2020,2020-11-04 铜鉴湖,_V9A7274,ok,data/jpg/2020/_V9A7274.jpg,data/xmp/result-2020/raw/2020/2020-11-04 铜鉴湖/_V9A7274.xmp
True,no keywords + missing JPEG in CSV,2020,2020,2020-11-04 铜鉴湖,_V9A7280,ok,data/jpg/2020/_V9A7280.jpg,data/xmp/result-2020/raw/2020/2020-11-04 铜鉴湖/_V9A7280.xmp
True,no keywords + missing JPEG in CSV,2020,2020,2020-11-04 铜鉴湖,_V9A7282,ok,data/jpg/2020/_V9A7282.jpg,data/xmp/result-2020/raw/2020/2020-11-04 铜鉴湖/_V9A7282.xmp
True,no keywords + missing JPEG in CSV,2020,2020,2020-11-07 径山竹茶院,_D5D6977,ok,data/jpg/2020/_D5D6977.jpg,data/xmp/result-2020/raw/2020/2020-11-07 径山竹茶院/_D5D6977.xmp
True,no keywords + missing JPEG in CSV,2020,2020,2020-11-07 径山竹茶院,_D5D6986,ok,data/jpg/2020/_D5D6986.jpg,data/xmp/result-2020/raw/2020/2020-11-07 径山竹茶院/_D5D6986.xmp
True,no keywords + missing JPEG in CSV,2020,2020,2020-11-07 径山竹茶院,_D5D6991,ok,data/jpg/2020/_D5D6991.jpg,data/xmp/result-2020/raw/2020/2020-11-07 径山竹茶院/_D5D6991.xmp
True,no keywords + missing JPEG in CSV,2020,2020,2020-11-07 径山竹茶院,_V9A7310,ok,data/jpg/2020/_V9A7310.jpg,data/xmp/result-2020/raw/2020/2020-11-07 径山竹茶院/_V9A7310.xmp
True,no keywords + missing JPEG in CSV,2020,2020,2020-11-07 径山竹茶院,_V9A7312,ok,data/jpg/2020/_V9A7312.jpg,data/xmp/result-2020/raw/2020/2020-11-07 径山竹茶院/_V9A7312.xmp
True,no keywords + missing JPEG in CSV,2020,2020,2020-11-07 径山竹茶院,_V9A7329,ok,data/jpg/2020/_V9A7329.jpg,data/xmp/result-2020/raw/2020/2020-11-07 径山竹茶院/_V9A7329.xmp
True,no keywords + missing JPEG in CSV,2020,2020,2020-11-07 径山竹茶院,_V9A7338,ok,data/jpg/2020/_V9A7338.jpg,data/xmp/result-2020/raw/2020/2020-11-07 径山竹茶院/_V9A7338.xmp
True,no keywords + missing JPEG in CSV,2020,2020,2020-11-10 泰顺,_D8S1882,ok,data/jpg/2020/_D8S1882.jpg,data/xmp/result-2020/raw/2020/2020-11-10 泰顺/_D8S1882.xmp
True,no keywords + missing JPEG in CSV,2020,2020,2020-11-10 泰顺,_D8S1886,ok,data/jpg/2020/_D8S1886.jpg,data/xmp/result-2020/raw/2020/2020-11-10 泰顺/_D8S1886.xmp
True,no keywords + missing JPEG in CSV,2020,2020,2020-11-10 泰顺,_D8S1888,ok,data/jpg/2020/_D8S1888.jpg,data/xmp/result-2020/raw/2020/2020-11-10 泰顺/_D8S1888.xmp
True,no keywords + missing JPEG in CSV,2020,2020,2020-11-11 泰顺,_V9A7367,ok,data/jpg/2020/_V9A7367.jpg,data/xmp/result-2020/raw/2020/2020-11-11 泰顺/_V9A7367.xmp
True,no keywords + missing JPEG in CSV,2020,2020,2020-11-11 泰顺,_V9A7370,ok,data/jpg/2020/_V9A7370.jpg,data/xmp/result-2020/raw/2020/2020-11-11 泰顺/_V9A7370.xmp
True,no keywords + missing JPEG in CSV,2020,2020,2020-11-11 泰顺,_V9A7372,ok,data/jpg/2020/_V9A7372.jpg,data/xmp/result-2020/raw/2020/2020-11-11 泰顺/_V9A7372.xmp
True,no keywords + missing JPEG in CSV,2020,2020,2020-11-11 泰顺,_V9A7377,ok,data/jpg/2020/_V9A7377.jpg,data/xmp/result-2020/raw/2020/2020-11-11 泰顺/_V9A7377.xmp
True,no keywords + missing JPEG in CSV,2020,2020,2020-11-11 泰顺,_V9A7382,ok,data/jpg/2020/_V9A7382.jpg,data/xmp/result-2020/raw/2020/2020-11-11 泰顺/_V9A7382.xmp
True,no keywords + missing JPEG in CSV,2020,2020,2020-11-11 泰顺,_V9A7386,ok,data/jpg/2020/_V9A7386.jpg,data/xmp/result-2020/raw/2020/2020-11-11 泰顺/_V9A7386.xmp
True,no keywords + missing JPEG in CSV,2020,2020,2020-11-11 泰顺,_V9A7401,ok,data/jpg/2020/_V9A7401.jpg,data/xmp/result-2020/raw/2020/2020-11-11 泰顺/_V9A7401.xmp
True,no keywords + missing JPEG in CSV,2020,2020,2020-11-11 泰顺,_V9A7410,ok,data/jpg/2020/_V9A7410.jpg,data/xmp/result-2020/raw/2020/2020-11-11 泰顺/_V9A7410.xmp
True,no keywords + missing JPEG in CSV,2020,2020,2020-11-11 泰顺,_V9A7424,ok,data/jpg/2020/_V9A7424.jpg,data/xmp/result-2020/raw/2020/2020-11-11 泰顺/_V9A7424.xmp
True,no keywords + missing JPEG in CSV,2020,2020,2020-11-11 泰顺,_V9A7438,ok,data/jpg/2020/_V9A7438.jpg,data/xmp/result-2020/raw/2020/2020-11-11 泰顺/_V9A7438.xmp
True,no keywords + missing JPEG in CSV,2020,2020,2020-11-11 泰顺,_V9A7440,ok,data/jpg/2020/_V9A7440.jpg,data/xmp/result-2020/raw/2020/2020-11-11 泰顺/_V9A7440.xmp
True,no keywords + missing JPEG in CSV,2020,2020,2020-11-11 泰顺,_V9A7444,ok,data/jpg/2020/_V9A7444.jpg,data/xmp/result-2020/raw/2020/2020-11-11 泰顺/_V9A7444.xmp
True,no keywords + missing JPEG in CSV,2020,2020,2020-11-11 泰顺,_V9A7459,ok,data/jpg/2020/_V9A7459.jpg,data/xmp/result-2020/raw/2020/2020-11-11 泰顺/_V9A7459.xmp
True,no keywords + missing JPEG in CSV,2020,2020,2020-11-11 泰顺,_V9A7472,ok,data/jpg/2020/_V9A7472.jpg,data/xmp/result-2020/raw/2020/2020-11-11 泰顺/_V9A7472.xmp
True,no keywords + missing JPEG in CSV,2020,2020,2020-11-11 泰顺,_V9A7516,ok,data/jpg/2020/_V9A7516.jpg,data/xmp/result-2020/raw/2020/2020-11-11 泰顺/_V9A7516.xmp
True,no keywords + missing JPEG in CSV,2020,2020,2020-11-11 泰顺,_V9A7526,ok,data/jpg/2020/_V9A7526.jpg,data/xmp/result-2020/raw/2020/2020-11-11 泰顺/_V9A7526.xmp
True,no keywords + missing JPEG in CSV,2020,2020,2020-11-11 泰顺,_V9A7567,ok,data/jpg/2020/_V9A7567.jpg,data/xmp/result-2020/raw/2020/2020-11-11 泰顺/_V9A7567.xmp
True,no keywords + missing JPEG in CSV,2020,2020,2020-11-11 泰顺,_V9A7571,ok,data/jpg/2020/_V9A7571.jpg,data/xmp/result-2020/raw/2020/2020-11-11 泰顺/_V9A7571.xmp
True,no keywords + missing JPEG in CSV,2020,2020,2020-11-11 泰顺,_V9A7574,ok,data/jpg/2020/_V9A7574.jpg,data/xmp/result-2020/raw/2020/2020-11-11 泰顺/_V9A7574.xmp
True,no keywords + missing JPEG in CSV,2020,2020,2020-11-12 泰顺,_D8S1960,ok,data/jpg/2020/_D8S1960.jpg,data/xmp/result-2020/raw/2020/2020-11-12 泰顺/_D8S1960.xmp
True,no keywords + missing JPEG in CSV,2020,2020,2020-11-12 泰顺,_D8S2006,ok,data/jpg/2020/_D8S2006.jpg,data/xmp/result-2020/raw/2020/2020-11-12 泰顺/_D8S2006.xmp
True,no keywords + missing JPEG in CSV,2020,2020,2020-11-12 泰顺,_D8S2103,ok,data/jpg/2020/_D8S2103.jpg,data/xmp/result-2020/raw/2020/2020-11-12 泰顺/_D8S2103.xmp
True,no keywords + missing JPEG in CSV,2020,2020,2020-11-12 泰顺,_D8S2199,ok,data/jpg/2020/_D8S2199.jpg,data/xmp/result-2020/raw/2020/2020-11-12 泰顺/_D8S2199.xmp
True,no keywords + missing JPEG in CSV,2020,2020,2020-11-12 泰顺,_D8S2229,ok,data/jpg/2020/_D8S2229.jpg,data/xmp/result-2020/raw/2020/2020-11-12 泰顺/_D8S2229.xmp
True,no keywords + missing JPEG in CSV,2020,2020,2020-11-12 泰顺,_V9A7622,ok,data/jpg/2020/_V9A7622.jpg,data/xmp/result-2020/raw/2020/2020-11-12 泰顺/_V9A7622.xmp
True,no keywords + missing JPEG in CSV,2020,2020,2020-11-12 泰顺,_V9A7623,ok,data/jpg/2020/_V9A7623.jpg,data/xmp/result-2020/raw/2020/2020-11-12 泰顺/_V9A7623.xmp
True,no keywords + missing JPEG in CSV,2020,2020,2020-11-12 泰顺,_V9A7698,ok,data/jpg/2020/_V9A7698.jpg,data/xmp/result-2020/raw/2020/2020-11-12 泰顺/_V9A7698.xmp
True,no keywords + missing JPEG in CSV,2020,2020,2020-11-12 泰顺,_V9A7717,ok,data/jpg/2020/_V9A7717.jpg,data/xmp/result-2020/raw/2020/2020-11-12 泰顺/_V9A7717.xmp
True,no keywords + missing JPEG in CSV,2020,2020,2020-11-12 泰顺,_V9A7720,ok,data/jpg/2020/_V9A7720.jpg,data/xmp/result-2020/raw/2020/2020-11-12 泰顺/_V9A7720.xmp
True,no keywords + missing JPEG in CSV,2020,2020,2020-11-12 泰顺,_V9A7737,ok,data/jpg/2020/_V9A7737.jpg,data/xmp/result-2020/raw/2020/2020-11-12 泰顺/_V9A7737.xmp
True,no keywords + missing JPEG in CSV,2020,2020,2020-11-12 泰顺,_V9A7738,ok,data/jpg/2020/_V9A7738.jpg,data/xmp/result-2020/raw/2020/2020-11-12 泰顺/_V9A7738.xmp
True,no keywords + missing JPEG in CSV,2020,2020,2020-11-12 泰顺,_V9A7749,ok,data/jpg/2020/_V9A7749.jpg,data/xmp/result-2020/raw/2020/2020-11-12 泰顺/_V9A7749.xmp
True,no keywords + missing JPEG in CSV,2020,2020,2020-11-12 泰顺,_V9A7753,ok,data/jpg/2020/_V9A7753.jpg,data/xmp/result-2020/raw/2020/2020-11-12 泰顺/_V9A7753.xmp
True,no keywords + missing JPEG in CSV,2020,2020,2020-11-12 泰顺,_V9A7755,ok,data/jpg/2020/_V9A7755.jpg,data/xmp/result-2020/raw/2020/2020-11-12 泰顺/_V9A7755.xmp
True,no keywords + missing JPEG in CSV,2020,2020,2020-11-12 泰顺,_V9A7761,ok,data/jpg/2020/_V9A7761.jpg,data/xmp/result-2020/raw/2020/2020-11-12 泰顺/_V9A7761.xmp
True,no keywords + missing JPEG in CSV,2020,2020,2020-11-12 泰顺,_V9A7770,ok,data/jpg/2020/_V9A7770.jpg,data/xmp/result-2020/raw/2020/2020-11-12 泰顺/_V9A7770.xmp
True,no keywords + missing JPEG in CSV,2020,2020,2020-11-12 泰顺,_V9A7778,ok,data/jpg/2020/_V9A7778.jpg,data/xmp/result-2020/raw/2020/2020-11-12 泰顺/_V9A7778.xmp
True,no keywords + missing JPEG in CSV,2020,2020,2020-11-15 福州西湖,_V9A7811,ok,data/jpg/2020/_V9A7811.jpg,data/xmp/result-2020/raw/2020/2020-11-15 福州西湖/_V9A7811.xmp
True,no keywords + missing JPEG in CSV,2020,2020,2020-11-15 福州西湖,_V9A7841,ok,data/jpg/2020/_V9A7841.jpg,data/xmp/result-2020/raw/2020/2020-11-15 福州西湖/_V9A7841.xmp
True,no keywords + missing JPEG in CSV,2020,2020,2020-11-15 福州西湖,_V9A7849,ok,data/jpg/2020/_V9A7849.jpg,data/xmp/result-2020/raw/2020/2020-11-15 福州西湖/_V9A7849.xmp
True,no keywords + missing JPEG in CSV,2020,2020,2020-11-15 福州西湖,_V9A7862,ok,data/jpg/2020/_V9A7862.jpg,data/xmp/result-2020/raw/2020/2020-11-15 福州西湖/_V9A7862.xmp
True,no keywords + missing JPEG in CSV,2020,2020,2020-11-15 福州西湖,_V9A7881,ok,data/jpg/2020/_V9A7881.jpg,data/xmp/result-2020/raw/2020/2020-11-15 福州西湖/_V9A7881.xmp
True,no keywords + missing JPEG in CSV,2020,2020,2020-11-15 福州西湖,_V9A7906,ok,data/jpg/2020/_V9A7906.jpg,data/xmp/result-2020/raw/2020/2020-11-15 福州西湖/_V9A7906.xmp
True,no keywords + missing JPEG in CSV,2020,2020,2020-11-15 福州西湖,_V9A7916,ok,data/jpg/2020/_V9A7916.jpg,data/xmp/result-2020/raw/2020/2020-11-15 福州西湖/_V9A7916.xmp
True,no keywords + missing JPEG in CSV,2020,2020,2020-11-16 福州西湖,_V9A7944,ok,data/jpg/2020/_V9A7944.jpg,data/xmp/result-2020/raw/2020/2020-11-16 福州西湖/_V9A7944.xmp
True,no keywords + missing JPEG in CSV,2020,2020,2020-11-16 福州西湖,_V9A7945,ok,data/jpg/2020/_V9A7945.jpg,data/xmp/result-2020/raw/2020/2020-11-16 福州西湖/_V9A7945.xmp
True,no keywords + missing JPEG in CSV,2020,2020,2020-11-16 福州西湖,_V9A7956,ok,data/jpg/2020/_V9A7956.jpg,data/xmp/result-2020/raw/2020/2020-11-16 福州西湖/_V9A7956.xmp
True,no keywords + missing JPEG in CSV,2020,2020,2020-11-16 福州西湖,_V9A7959,ok,data/jpg/2020/_V9A7959.jpg,data/xmp/result-2020/raw/2020/2020-11-16 福州西湖/_V9A7959.xmp
True,no keywords + missing JPEG in CSV,2020,2020,2020-11-16 福州西湖,_V9A7969,ok,data/jpg/2020/_V9A7969.jpg,data/xmp/result-2020/raw/2020/2020-11-16 福州西湖/_V9A7969.xmp
True,no keywords + missing JPEG in CSV,2020,2020,2020-11-16 福州西湖,_V9A7970,ok,data/jpg/2020/_V9A7970.jpg,data/xmp/result-2020/raw/2020/2020-11-16 福州西湖/_V9A7970.xmp
True,no keywords + missing JPEG in CSV,2020,2020,2020-11-16 福州西湖,_V9A7978,ok,data/jpg/2020/_V9A7978.jpg,data/xmp/result-2020/raw/2020/2020-11-16 福州西湖/_V9A7978.xmp
True,no keywords + missing JPEG in CSV,2020,2020,2020-11-17 福道,_V9A7990,ok,data/jpg/2020/_V9A7990.jpg,data/xmp/result-2020/raw/2020/2020-11-17 福道/_V9A7990.xmp
True,no keywords + missing JPEG in CSV,2020,2020,2020-11-17 福道,_V9A7995,ok,data/jpg/2020/_V9A7995.jpg,data/xmp/result-2020/raw/2020/2020-11-17 福道/_V9A7995.xmp
True,no keywords + missing JPEG in CSV,2020,2020,2020-11-17 福道,_V9A8000,ok,data/jpg/2020/_V9A8000.jpg,data/xmp/result-2020/raw/2020/2020-11-17 福道/_V9A8000.xmp
True,no keywords + missing JPEG in CSV,2020,2020,2020-11-17 福道,_V9A8047,ok,data/jpg/2020/_V9A8047.jpg,data/xmp/result-2020/raw/2020/2020-11-17 福道/_V9A8047.xmp
True,no keywords + missing JPEG in CSV,2020,2020,2020-11-18 福州三坊七巷,_V9A8129,ok,data/jpg/2020/_V9A8129.jpg,data/xmp/result-2020/raw/2020/2020-11-18 福州三坊七巷/_V9A8129.xmp
True,no keywords + missing JPEG in CSV,2020,2020,2020-11-18 福州三坊七巷,_V9A8130,ok,data/jpg/2020/_V9A8130.jpg,data/xmp/result-2020/raw/2020/2020-11-18 福州三坊七巷/_V9A8130.xmp
True,no keywords + missing JPEG in CSV,2020,2020,2020-11-18 福州三坊七巷,_V9A8131,ok,data/jpg/2020/_V9A8131.jpg,data/xmp/result-2020/raw/2020/2020-11-18 福州三坊七巷/_V9A8131.xmp
True,no keywords + missing JPEG in CSV,2020,2020,2020-11-18 福州三坊七巷,_V9A8134,ok,data/jpg/2020/_V9A8134.jpg,data/xmp/result-2020/raw/2020/2020-11-18 福州三坊七巷/_V9A8134.xmp
True,no keywords + missing JPEG in CSV,2020,2020,2020-11-18 福州三坊七巷,_V9A8139,ok,data/jpg/2020/_V9A8139.jpg,data/xmp/result-2020/raw/2020/2020-11-18 福州三坊七巷/_V9A8139.xmp
True,no keywords + missing JPEG in CSV,2020,2020,2020-11-18 福州三坊七巷,_V9A8144,ok,data/jpg/2020/_V9A8144.jpg,data/xmp/result-2020/raw/2020/2020-11-18 福州三坊七巷/_V9A8144.xmp
True,no keywords + missing JPEG in CSV,2020,2020,2020-11-18 福州三坊七巷,_V9A8147,ok,data/jpg/2020/_V9A8147.jpg,data/xmp/result-2020/raw/2020/2020-11-18 福州三坊七巷/_V9A8147.xmp
True,no keywords + missing JPEG in CSV,2020,2020,2020-11-18 福州三坊七巷,_V9A8149,ok,data/jpg/2020/_V9A8149.jpg,data/xmp/result-2020/raw/2020/2020-11-18 福州三坊七巷/_V9A8149.xmp
True,no keywords + missing JPEG in CSV,2020,2020,2020-11-19 霞浦 东壁,_V9A8176,ok,data/jpg/2020/_V9A8176.jpg,data/xmp/result-2020/raw/2020/2020-11-19 霞浦 东壁/_V9A8176.xmp
True,no keywords + missing JPEG in CSV,2020,2020,2020-11-19 霞浦 东壁,_V9A8181,ok,data/jpg/2020/_V9A8181.jpg,data/xmp/result-2020/raw/2020/2020-11-19 霞浦 东壁/_V9A8181.xmp
True,no keywords + missing JPEG in CSV,2020,2020,2020-11-19 霞浦 东壁,_V9A8182,ok,data/jpg/2020/_V9A8182.jpg,data/xmp/result-2020/raw/2020/2020-11-19 霞浦 东壁/_V9A8182.xmp
True,no keywords + missing JPEG in CSV,2020,2020,2020-11-19 霞浦 东壁,_V9A8207,ok,data/jpg/2020/_V9A8207.jpg,data/xmp/result-2020/raw/2020/2020-11-19 霞浦 东壁/_V9A8207.xmp
True,no keywords + missing JPEG in CSV,2020,2020,2020-11-19 鼓山,_V9A8162,ok,data/jpg/2020/_V9A8162.jpg,data/xmp/result-2020/raw/2020/2020-11-19 鼓山/_V9A8162.xmp
True,no keywords + missing JPEG in CSV,2020,2020,2020-11-19 鼓山,_V9A8165,ok,data/jpg/2020/_V9A8165.jpg,data/xmp/result-2020/raw/2020/2020-11-19 鼓山/_V9A8165.xmp
True,no keywords + missing JPEG in CSV,2020,2020,2020-12-04 太阳鸟,_D5C0024,ok,data/jpg/2020/_D5C0024.jpg,data/xmp/result-2020/raw/2020/2020-12-04 太阳鸟/_D5C0024.xmp
True,no keywords + missing JPEG in CSV,2020,2020,2020-12-04 太阳鸟,_D5C8790,ok,data/jpg/2020/_D5C8790.jpg,data/xmp/result-2020/raw/2020/2020-12-04 太阳鸟/_D5C8790.xmp
True,no keywords + missing JPEG in CSV,2020,2020,2020-12-04 太阳鸟,_D5C8845,ok,data/jpg/2020/_D5C8845.jpg,data/xmp/result-2020/raw/2020/2020-12-04 太阳鸟/_D5C8845.xmp
True,no keywords + missing JPEG in CSV,2020,2020,2020-12-04 太阳鸟,_D5C8859,ok,data/jpg/2020/_D5C8859.jpg,data/xmp/result-2020/raw/2020/2020-12-04 太阳鸟/_D5C8859.xmp
True,no keywords + missing JPEG in CSV,2020,2020,2020-12-04 太阳鸟,_D5C8934,ok,data/jpg/2020/_D5C8934.jpg,data/xmp/result-2020/raw/2020/2020-12-04 太阳鸟/_D5C8934.xmp
True,no keywords + missing JPEG in CSV,2020,2020,2020-12-04 太阳鸟,_D5C8942,ok,data/jpg/2020/_D5C8942.jpg,data/xmp/result-2020/raw/2020/2020-12-04 太阳鸟/_D5C8942.xmp
True,no keywords + missing JPEG in CSV,2020,2020,2020-12-04 太阳鸟,_D5C9279,ok,data/jpg/2020/_D5C9279.jpg,data/xmp/result-2020/raw/2020/2020-12-04 太阳鸟/_D5C9279.xmp
True,no keywords + missing JPEG in CSV,2020,2020,2020-12-04 太阳鸟,_D5C9309,ok,data/jpg/2020/_D5C9309.jpg,data/xmp/result-2020/raw/2020/2020-12-04 太阳鸟/_D5C9309.xmp
True,no keywords + missing JPEG in CSV,2020,2020,2020-12-04 太阳鸟,_D5C9329,ok,data/jpg/2020/_D5C9329.jpg,data/xmp/result-2020/raw/2020/2020-12-04 太阳鸟/_D5C9329.xmp
True,no keywords + missing JPEG in CSV,2020,2020,2020-12-04 太阳鸟,_D5C9429,ok,data/jpg/2020/_D5C9429.jpg,data/xmp/result-2020/raw/2020/2020-12-04 太阳鸟/_D5C9429.xmp
True,no keywords + missing JPEG in CSV,2020,2020,2020-12-04 太阳鸟,_D8S2544,ok,data/jpg/2020/_D8S2544.jpg,data/xmp/result-2020/raw/2020/2020-12-04 太阳鸟/_D8S2544.xmp
True,no keywords + missing JPEG in CSV,2020,2020,2020-12-24 朱家角,_D8S2639,ok,data/jpg/2020/_D8S2639.jpg,data/xmp/result-2020/raw/2020/2020-12-24 朱家角/_D8S2639.xmp
True,no keywords + missing JPEG in CSV,2020,2020,2020-12-24 朱家角,_D8S2666,ok,data/jpg/2020/_D8S2666.jpg,data/xmp/result-2020/raw/2020/2020-12-24 朱家角/_D8S2666.xmp
True,no keywords + missing JPEG in CSV,2020,2020,2020-12-24 朱家角,_D8S2677,ok,data/jpg/2020/_D8S2677.jpg,data/xmp/result-2020/raw/2020/2020-12-24 朱家角/_D8S2677.xmp
True,no keywords + missing JPEG in CSV,2020,2020,2020-12-24 朱家角,_D8S2679,ok,data/jpg/2020/_D8S2679.jpg,data/xmp/result-2020/raw/2020/2020-12-24 朱家角/_D8S2679.xmp
True,no keywords + missing JPEG in CSV,2020,2020,2020-12-24 朱家角,_D8S2688,ok,data/jpg/2020/_D8S2688.jpg,data/xmp/result-2020/raw/2020/2020-12-24 朱家角/_D8S2688.xmp
True,no keywords + missing JPEG in CSV,2020,2020,2020-12-24 朱家角,_D8S2694,ok,data/jpg/2020/_D8S2694.jpg,data/xmp/result-2020/raw/2020/2020-12-24 朱家角/_D8S2694.xmp
True,no keywords + missing JPEG in CSV,2020,2020,2020-12-28 南浔古镇,_D8S2741,ok,data/jpg/2020/_D8S2741.jpg,data/xmp/result-2020/raw/2020/2020-12-28 南浔古镇/_D8S2741.xmp
True,no keywords + missing JPEG in CSV,2020,2020,2020-12-28 南浔古镇,_D8S2755,ok,data/jpg/2020/_D8S2755.jpg,data/xmp/result-2020/raw/2020/2020-12-28 南浔古镇/_D8S2755.xmp
True,no keywords + missing JPEG in CSV,2020,2020,2020-12-28 南浔古镇,_D8S2790,ok,data/jpg/2020/_D8S2790.jpg,data/xmp/result-2020/raw/2020/2020-12-28 南浔古镇/_D8S2790.xmp
True,no keywords + missing JPEG in CSV,2020,2020,2020-12-28 南浔古镇,_D8S2797,ok,data/jpg/2020/_D8S2797.jpg,data/xmp/result-2020/raw/2020/2020-12-28 南浔古镇/_D8S2797.xmp
True,no keywords + missing JPEG in CSV,2020,2020,2020-12-28 震泽古镇,_D8S2700,ok,data/jpg/2020/_D8S2700.jpg,data/xmp/result-2020/raw/2020/2020-12-28 震泽古镇/_D8S2700.xmp
True,no keywords + missing JPEG in CSV,2020,2020,2020-12-28 震泽古镇,_D8S2702,ok,data/jpg/2020/_D8S2702.jpg,data/xmp/result-2020/raw/2020/2020-12-28 震泽古镇/_D8S2702.xmp
True,no keywords + missing JPEG in CSV,2020,2020,2020-12-28 震泽古镇,_D8S2706,ok,data/jpg/2020/_D8S2706.jpg,data/xmp/result-2020/raw/2020/2020-12-28 震泽古镇/_D8S2706.xmp
True,no keywords + missing JPEG in CSV,2020,2020,2020-12-28 震泽古镇,_D8S2708,ok,data/jpg/2020/_D8S2708.jpg,data/xmp/result-2020/raw/2020/2020-12-28 震泽古镇/_D8S2708.xmp
True,no keywords + missing JPEG in CSV,2020,2020,2020-12-28 震泽古镇,_D8S2715,ok,data/jpg/2020/_D8S2715.jpg,data/xmp/result-2020/raw/2020/2020-12-28 震泽古镇/_D8S2715.xmp
True,no keywords + missing JPEG in CSV,2020,2020,2020-12-28 震泽古镇,_D8S2718,ok,data/jpg/2020/_D8S2718.jpg,data/xmp/result-2020/raw/2020/2020-12-28 震泽古镇/_D8S2718.xmp
True,no keywords + missing JPEG in CSV,2020,2020,2020-12-30 莫干山 郡安里,_D8S2828,ok,data/jpg/2020/_D8S2828.jpg,data/xmp/result-2020/raw/2020/2020-12-30 莫干山 郡安里/_D8S2828.xmp
True,no keywords + missing JPEG in CSV,2020,2020,2020-12-30 莫干山 郡安里,_D8S2831,ok,data/jpg/2020/_D8S2831.jpg,data/xmp/result-2020/raw/2020/2020-12-30 莫干山 郡安里/_D8S2831.xmp
True,no keywords + missing JPEG in CSV,2020,2020,2020-12-30 莫干山 郡安里,_D8S2841,ok,data/jpg/2020/_D8S2841.jpg,data/xmp/result-2020/raw/2020/2020-12-30 莫干山 郡安里/_D8S2841.xmp
True,no keywords + missing JPEG in CSV,2020,2020,2020-12-30 莫干山 郡安里,_D8S2861,ok,data/jpg/2020/_D8S2861.jpg,data/xmp/result-2020/raw/2020/2020-12-30 莫干山 郡安里/_D8S2861.xmp
True,no keywords + missing JPEG in CSV,2020,2020,2020-12-30 莫干山 郡安里,_D8S2864,ok,data/jpg/2020/_D8S2864.jpg,data/xmp/result-2020/raw/2020/2020-12-30 莫干山 郡安里/_D8S2864.xmp
True,no keywords + missing JPEG in CSV,2020,2020,2020-12-30 莫干山 郡安里,_D8S2868,ok,data/jpg/2020/_D8S2868.jpg,data/xmp/result-2020/raw/2020/2020-12-30 莫干山 郡安里/_D8S2868.xmp
True,no keywords + missing JPEG in CSV,2020,2020,2020-12-30 莫干山 郡安里,_D8S2872,ok,data/jpg/2020/_D8S2872.jpg,data/xmp/result-2020/raw/2020/2020-12-30 莫干山 郡安里/_D8S2872.xmp
True,no keywords + missing JPEG in CSV,2020,2020,2020-12-30 莫干山 郡安里,_D8S2879,ok,data/jpg/2020/_D8S2879.jpg,data/xmp/result-2020/raw/2020/2020-12-30 莫干山 郡安里/_D8S2879.xmp
True,no keywords + missing JPEG in CSV,2020,2020,2020-12-30 莫干山 郡安里,_D8S2883,ok,data/jpg/2020/_D8S2883.jpg,data/xmp/result-2020/raw/2020/2020-12-30 莫干山 郡安里/_D8S2883.xmp
True,no keywords + missing JPEG in CSV,2024,2024.1,2024 Sony Various,_DSC1058,ok,data/jpg/2024.1/_DSC1058.jpg,data/xmp/result-2024/raw/2024.1/2024 Sony Various/_DSC1058.xmp
True,no keywords + missing JPEG in CSV,2024,2024.1,2024 Sony Various,_DSC1059,ok,data/jpg/2024.1/_DSC1059.jpg,data/xmp/result-2024/raw/2024.1/2024 Sony Various/_DSC1059.xmp
True,no keywords + missing JPEG in CSV,2024,2024.1,2024 Sony Various,_DSC1067,ok,data/jpg/2024.1/_DSC1067.jpg,data/xmp/result-2024/raw/2024.1/2024 Sony Various/_DSC1067.xmp
True,no keywords + missing JPEG in CSV,2024,2024.1,2024 Sony Various,_DSC1068,ok,data/jpg/2024.1/_DSC1068.jpg,data/xmp/result-2024/raw/2024.1/2024 Sony Various/_DSC1068.xmp
True,no keywords + missing JPEG in CSV,2024,2024.1,2024 Sony Various,_DSC1076,ok,data/jpg/2024.1/_DSC1076.jpg,data/xmp/result-2024/raw/2024.1/2024 Sony Various/_DSC1076.xmp
True,no keywords + missing JPEG in CSV,2024,2024.1,2024 Sony Various,_DSC1094,ok,data/jpg/2024.1/_DSC1094.jpg,data/xmp/result-2024/raw/2024.1/2024 Sony Various/_DSC1094.xmp
True,no keywords + missing JPEG in CSV,2024,2024.1,2024 Sony Various,_DSC1113,ok,data/jpg/2024.1/_DSC1113.jpg,data/xmp/result-2024/raw/2024.1/2024 Sony Various/_DSC1113.xmp
True,no keywords + missing JPEG in CSV,2024,2024.1,2024 Sony Various,_DSC1115,ok,data/jpg/2024.1/_DSC1115.jpg,data/xmp/result-2024/raw/2024.1/2024 Sony Various/_DSC1115.xmp
True,no keywords + missing JPEG in CSV,2024,2024.1,2024 Sony Various,_DSC1116,ok,data/jpg/2024.1/_DSC1116.jpg,data/xmp/result-2024/raw/2024.1/2024 Sony Various/_DSC1116.xmp
True,no keywords + missing JPEG in CSV,2024,2024.1,2024 Sony Various,_DSC1117,ok,data/jpg/2024.1/_DSC1117.jpg,data/xmp/result-2024/raw/2024.1/2024 Sony Various/_DSC1117.xmp
True,no keywords + missing JPEG in CSV,2024,2024.1,2024 Sony Various,_DSC1118,ok,data/jpg/2024.1/_DSC1118.jpg,data/xmp/result-2024/raw/2024.1/2024 Sony Various/_DSC1118.xmp
True,no keywords + missing JPEG in CSV,2024,2024.1,2024 Sony Various,_DSC1120,ok,data/jpg/2024.1/_DSC1120.jpg,data/xmp/result-2024/raw/2024.1/2024 Sony Various/_DSC1120.xmp
True,no keywords + missing JPEG in CSV,2024,2024.1,2024 Sony Various,_DSC1121,ok,data/jpg/2024.1/_DSC1121.jpg,data/xmp/result-2024/raw/2024.1/2024 Sony Various/_DSC1121.xmp
True,no keywords + missing JPEG in CSV,2024,2024.1,2024 Sony Various,_DSC1123,ok,data/jpg/2024.1/_DSC1123.jpg,data/xmp/result-2024/raw/2024.1/2024 Sony Various/_DSC1123.xmp
True,no keywords + missing JPEG in CSV,2024,2024.1,2024 Sony Various,_DSC1124,ok,data/jpg/2024.1/_DSC1124.jpg,data/xmp/result-2024/raw/2024.1/2024 Sony Various/_DSC1124.xmp
True,no keywords + missing JPEG in CSV,2024,2024.1,2024 Sony Various,_DSC1125,ok,data/jpg/2024.1/_DSC1125.jpg,data/xmp/result-2024/raw/2024.1/2024 Sony Various/_DSC1125.xmp
True,no keywords + missing JPEG in CSV,2024,2024.1,2024 Sony Various,_DSC1126,ok,data/jpg/2024.1/_DSC1126.jpg,data/xmp/result-2024/raw/2024.1/2024 Sony Various/_DSC1126.xmp
True,no keywords + missing JPEG in CSV,2024,2024.1,2024 Sony Various,_DSC1129,ok,data/jpg/2024.1/_DSC1129.jpg,data/xmp/result-2024/raw/2024.1/2024 Sony Various/_DSC1129.xmp
True,no keywords + missing JPEG in CSV,2024,2024.1,2024 Sony Various,_DSC1133,ok,data/jpg/2024.1/_DSC1133.jpg,data/xmp/result-2024/raw/2024.1/2024 Sony Various/_DSC1133.xmp
True,no keywords + missing JPEG in CSV,2024,2024.1,2024 Sony Various,_DSC1138,ok,data/jpg/2024.1/_DSC1138.jpg,data/xmp/result-2024/raw/2024.1/2024 Sony Various/_DSC1138.xmp
True,no keywords + missing JPEG in CSV,2024,2024.1,2024 Sony Various,_DSC1141,ok,data/jpg/2024.1/_DSC1141.jpg,data/xmp/result-2024/raw/2024.1/2024 Sony Various/_DSC1141.xmp
True,no keywords + missing JPEG in CSV,2024,2024.1,2024 Sony Various,_DSC1142,ok,data/jpg/2024.1/_DSC1142.jpg,data/xmp/result-2024/raw/2024.1/2024 Sony Various/_DSC1142.xmp
True,no keywords + missing JPEG in CSV,2024,2024.1,2024 Sony Various,_DSC1144,ok,data/jpg/2024.1/_DSC1144.jpg,data/xmp/result-2024/raw/2024.1/2024 Sony Various/_DSC1144.xmp
True,no keywords + missing JPEG in CSV,2024,2024.1,2024 Sony Various,_DSC1146,ok,data/jpg/2024.1/_DSC1146.jpg,data/xmp/result-2024/raw/2024.1/2024 Sony Various/_DSC1146.xmp
True,no keywords + missing JPEG in CSV,2024,2024.1,2024 Sony Various,_DSC1148,ok,data/jpg/2024.1/_DSC1148.jpg,data/xmp/result-2024/raw/2024.1/2024 Sony Various/_DSC1148.xmp
True,no keywords + missing JPEG in CSV,2024,2024.1,2024 Sony Various,_DSC1150,ok,data/jpg/2024.1/_DSC1150.jpg,data/xmp/result-2024/raw/2024.1/2024 Sony Various/_DSC1150.xmp
True,no keywords + missing JPEG in CSV,2024,2024.1,2024 Sony Various,_DSC1151,ok,data/jpg/2024.1/_DSC1151.jpg,data/xmp/result-2024/raw/2024.1/2024 Sony Various/_DSC1151.xmp
True,no keywords + missing JPEG in CSV,2024,2024.1,2024 Sony Various,_DSC1153,ok,data/jpg/2024.1/_DSC1153.jpg,data/xmp/result-2024/raw/2024.1/2024 Sony Various/_DSC1153.xmp
True,no keywords + missing JPEG in CSV,2024,2024.1,2024 Sony Various,_DSC1154,ok,data/jpg/2024.1/_DSC1154.jpg,data/xmp/result-2024/raw/2024.1/2024 Sony Various/_DSC1154.xmp
True,no keywords + missing JPEG in CSV,2024,2024.1,2024 Sony Various,_DSC1159,ok,data/jpg/2024.1/_DSC1159.jpg,data/xmp/result-2024/raw/2024.1/2024 Sony Various/_DSC1159.xmp
True,no keywords + missing JPEG in CSV,2024,2024.1,2024 Sony Various,_DSC1172,ok,data/jpg/2024.1/_DSC1172.jpg,data/xmp/result-2024/raw/2024.1/2024 Sony Various/_DSC1172.xmp
True,no keywords + missing JPEG in CSV,2024,2024.1,2024 Sony Various,_DSC1173,ok,data/jpg/2024.1/_DSC1173.jpg,data/xmp/result-2024/raw/2024.1/2024 Sony Various/_DSC1173.xmp
True,no keywords + missing JPEG in CSV,2024,2024.1,2024 Sony Various,_DSC1174,ok,data/jpg/2024.1/_DSC1174.jpg,data/xmp/result-2024/raw/2024.1/2024 Sony Various/_DSC1174.xmp
True,no keywords + missing JPEG in CSV,2024,2024.1,2024 Sony Various,_DSC1175,ok,data/jpg/2024.1/_DSC1175.jpg,data/xmp/result-2024/raw/2024.1/2024 Sony Various/_DSC1175.xmp
True,no keywords + missing JPEG in CSV,2024,2024.1,2024 Sony Various,_DSC1178,ok,data/jpg/2024.1/_DSC1178.jpg,data/xmp/result-2024/raw/2024.1/2024 Sony Various/_DSC1178.xmp
True,no keywords + missing JPEG in CSV,2024,2024.1,2024 Sony Various,_DSC1179,ok,data/jpg/2024.1/_DSC1179.jpg,data/xmp/result-2024/raw/2024.1/2024 Sony Various/_DSC1179.xmp
True,no keywords + missing JPEG in CSV,2024,2024.1,2024 Sony Various,_DSC1181,ok,data/jpg/2024.1/_DSC1181.jpg,data/xmp/result-2024/raw/2024.1/2024 Sony Various/_DSC1181.xmp
True,no keywords + missing JPEG in CSV,2024,2024.1,2024 Sony Various,_DSC1183,ok,data/jpg/2024.1/_DSC1183.jpg,data/xmp/result-2024/raw/2024.1/2024 Sony Various/_DSC1183.xmp
True,no keywords + missing JPEG in CSV,2024,2024.1,2024 Sony Various,_DSC1184,ok,data/jpg/2024.1/_DSC1184.jpg,data/xmp/result-2024/raw/2024.1/2024 Sony Various/_DSC1184.xmp
True,no keywords + missing JPEG in CSV,2024,2024.1,2024 Sony Various,_DSC1188,ok,data/jpg/2024.1/_DSC1188.jpg,data/xmp/result-2024/raw/2024.1/2024 Sony Various/_DSC1188.xmp
True,no keywords + missing JPEG in CSV,2024,2024.1,2024 Sony Various,_DSC1189,ok,data/jpg/2024.1/_DSC1189.jpg,data/xmp/result-2024/raw/2024.1/2024 Sony Various/_DSC1189.xmp
True,no keywords + missing JPEG in CSV,2024,2024.1,2024 Sony Various,_DSC1191,ok,data/jpg/2024.1/_DSC1191.jpg,data/xmp/result-2024/raw/2024.1/2024 Sony Various/_DSC1191.xmp
True,no keywords + missing JPEG in CSV,2024,2024.1,2024 Sony Various,_DSC1193,ok,data/jpg/2024.1/_DSC1193.jpg,data/xmp/result-2024/raw/2024.1/2024 Sony Various/_DSC1193.xmp
True,no keywords + missing JPEG in CSV,2024,2024.1,2024 Sony Various,_DSC1194,ok,data/jpg/2024.1/_DSC1194.jpg,data/xmp/result-2024/raw/2024.1/2024 Sony Various/_DSC1194.xmp
True,no keywords + missing JPEG in CSV,2024,2024.1,2024 Sony Various,_DSC1199,ok,data/jpg/2024.1/_DSC1199.jpg,data/xmp/result-2024/raw/2024.1/2024 Sony Various/_DSC1199.xmp
True,no keywords + missing JPEG in CSV,2024,2024.1,2024 Sony Various,_DSC1201,ok,data/jpg/2024.1/_DSC1201.jpg,data/xmp/result-2024/raw/2024.1/2024 Sony Various/_DSC1201.xmp
True,no keywords + missing JPEG in CSV,2024,2024.1,2024 Sony Various,_DSC1203,ok,data/jpg/2024.1/_DSC1203.jpg,data/xmp/result-2024/raw/2024.1/2024 Sony Various/_DSC1203.xmp
True,no keywords + missing JPEG in CSV,2024,2024.1,2024 Sony Various,_DSC1205,ok,data/jpg/2024.1/_DSC1205.jpg,data/xmp/result-2024/raw/2024.1/2024 Sony Various/_DSC1205.xmp
True,no keywords + missing JPEG in CSV,2024,2024.1,2024 Sony Various,_DSC1206,ok,data/jpg/2024.1/_DSC1206.jpg,data/xmp/result-2024/raw/2024.1/2024 Sony Various/_DSC1206.xmp
True,no keywords + missing JPEG in CSV,2024,2024.1,2024 Sony Various,_DSC1208,ok,data/jpg/2024.1/_DSC1208.jpg,data/xmp/result-2024/raw/2024.1/2024 Sony Various/_DSC1208.xmp
True,no keywords + missing JPEG in CSV,2024,2024.1,2024 Sony Various,_DSC1209,ok,data/jpg/2024.1/_DSC1209.jpg,data/xmp/result-2024/raw/2024.1/2024 Sony Various/_DSC1209.xmp
True,no keywords + missing JPEG in CSV,2024,2024.1,2024 Sony Various,_DSC1211,ok,data/jpg/2024.1/_DSC1211.jpg,data/xmp/result-2024/raw/2024.1/2024 Sony Various/_DSC1211.xmp
True,no keywords + missing JPEG in CSV,2024,2024.1,2024 Sony Various,_DSC1212,ok,data/jpg/2024.1/_DSC1212.jpg,data/xmp/result-2024/raw/2024.1/2024 Sony Various/_DSC1212.xmp
True,no keywords + missing JPEG in CSV,2024,2024.1,2024 Sony Various,_DSC1213,ok,data/jpg/2024.1/_DSC1213.jpg,data/xmp/result-2024/raw/2024.1/2024 Sony Various/_DSC1213.xmp
True,no keywords + missing JPEG in CSV,2024,2024.1,2024 Sony Various,_DSC1214,ok,data/jpg/2024.1/_DSC1214.jpg,data/xmp/result-2024/raw/2024.1/2024 Sony Various/_DSC1214.xmp
True,no keywords + missing JPEG in CSV,2024,2024.1,2024 Sony Various,_DSC1221,ok,data/jpg/2024.1/_DSC1221.jpg,data/xmp/result-2024/raw/2024.1/2024 Sony Various/_DSC1221.xmp
True,no keywords + missing JPEG in CSV,2024,2024.1,2024 Sony Various,_DSC1224,ok,data/jpg/2024.1/_DSC1224.jpg,data/xmp/result-2024/raw/2024.1/2024 Sony Various/_DSC1224.xmp
True,no keywords + missing JPEG in CSV,2024,2024.1,2024 Sony Various,_DSC1228,ok,data/jpg/2024.1/_DSC1228.jpg,data/xmp/result-2024/raw/2024.1/2024 Sony Various/_DSC1228.xmp
True,no keywords + missing JPEG in CSV,2024,2024.1,2024 Sony Various,_DSC1229,ok,data/jpg/2024.1/_DSC1229.jpg,data/xmp/result-2024/raw/2024.1/2024 Sony Various/_DSC1229.xmp
True,no keywords + missing JPEG in CSV,2024,2024.1,2024 Sony Various,_DSC1231,ok,data/jpg/2024.1/_DSC1231.jpg,data/xmp/result-2024/raw/2024.1/2024 Sony Various/_DSC1231.xmp
True,no keywords + missing JPEG in CSV,2024,2024.1,2024 Sony Various,_DSC1232,ok,data/jpg/2024.1/_DSC1232.jpg,data/xmp/result-2024/raw/2024.1/2024 Sony Various/_DSC1232.xmp
True,no keywords + missing JPEG in CSV,2024,2024.1,2024 Sony Various,_DSC1233,ok,data/jpg/2024.1/_DSC1233.jpg,data/xmp/result-2024/raw/2024.1/2024 Sony Various/_DSC1233.xmp
True,no keywords + missing JPEG in CSV,2024,2024.1,2024 Sony Various,_DSC1236,ok,data/jpg/2024.1/_DSC1236.jpg,data/xmp/result-2024/raw/2024.1/2024 Sony Various/_DSC1236.xmp
True,no keywords + missing JPEG in CSV,2024,2024.1,2024 Sony Various,_DSC1238,ok,data/jpg/2024.1/_DSC1238.jpg,data/xmp/result-2024/raw/2024.1/2024 Sony Various/_DSC1238.xmp
True,no keywords + missing JPEG in CSV,2024,2024.1,2024 Sony Various,_DSC1239,ok,data/jpg/2024.1/_DSC1239.jpg,data/xmp/result-2024/raw/2024.1/2024 Sony Various/_DSC1239.xmp
True,no keywords + missing JPEG in CSV,2024,2024.1,2024 Sony Various,_DSC1240,ok,data/jpg/2024.1/_DSC1240.jpg,data/xmp/result-2024/raw/2024.1/2024 Sony Various/_DSC1240.xmp
True,no keywords,2024,2024.2,2024-03-30 无锡鼋头渚,_Z9C4555,ok,data/jpg/2024.2/_Z9C4555.jpg,data/xmp/result-2024/raw/2024.2/2024-03-30 无锡鼋头渚/_Z9C4555.xmp
True,no keywords,2024,2024.2,2024-03-30 无锡鼋头渚,_Z9C4610,ok,data/jpg/2024.2/_Z9C4610.jpg,data/xmp/result-2024/raw/2024.2/2024-03-30 无锡鼋头渚/_Z9C4610.xmp
True,no keywords,2024,2024.2,2024-03-30 无锡鼋头渚,_Z9C4620,ok,data/jpg/2024.2/_Z9C4620.jpg,data/xmp/result-2024/raw/2024.2/2024-03-30 无锡鼋头渚/_Z9C4620.xmp
True,no keywords,2024,2024.2,2024-03-30 无锡鼋头渚,_Z9C4660,ok,data/jpg/2024.2/_Z9C4660.jpg,data/xmp/result-2024/raw/2024.2/2024-03-30 无锡鼋头渚/_Z9C4660.xmp
True,no keywords,2024,2024.2,2024-03-30 无锡鼋头渚,_Z9C4700,ok,data/jpg/2024.2/_Z9C4700.jpg,data/xmp/result-2024/raw/2024.2/2024-03-30 无锡鼋头渚/_Z9C4700.xmp
True,no keywords,2024,2024.2,2024-03-31 拈花湾,_Z9C4808,ok,data/jpg/2024.2/_Z9C4808.jpg,data/xmp/result-2024/raw/2024.2/2024-03-31 拈花湾/_Z9C4808.xmp
True,no keywords,2024,2024.2,2024-03-31 拈花湾,_Z9C4824,ok,data/jpg/2024.2/_Z9C4824.jpg,data/xmp/result-2024/raw/2024.2/2024-03-31 拈花湾/_Z9C4824.xmp
True,no keywords,2024,2024.2,2024-03-31 拈花湾,_Z9C4857,ok,data/jpg/2024.2/_Z9C4857.jpg,data/xmp/result-2024/raw/2024.2/2024-03-31 拈花湾/_Z9C4857.xmp
True,no keywords,2024,2024.2,2024-03-31 拈花湾,_Z9C4859,ok,data/jpg/2024.2/_Z9C4859.jpg,data/xmp/result-2024/raw/2024.2/2024-03-31 拈花湾/_Z9C4859.xmp
True,no keywords,2024,2024.2,2024-03-31 拈花湾,_Z9C4892,ok,data/jpg/2024.2/_Z9C4892.jpg,data/xmp/result-2024/raw/2024.2/2024-03-31 拈花湾/_Z9C4892.xmp
True,no keywords,2024,2024.2,2024-03-31 拈花湾,_Z9C4905,ok,data/jpg/2024.2/_Z9C4905.jpg,data/xmp/result-2024/raw/2024.2/2024-03-31 拈花湾/_Z9C4905.xmp
True,no keywords,2024,2024.2,2024-03-31 拈花湾,_Z9C4915,ok,data/jpg/2024.2/_Z9C4915.jpg,data/xmp/result-2024/raw/2024.2/2024-03-31 拈花湾/_Z9C4915.xmp
True,no keywords,2024,2024.2,2024-04-01 拈花湾,_Z9C5065,ok,data/jpg/2024.2/_Z9C5065.jpg,data/xmp/result-2024/raw/2024.2/2024-04-01 拈花湾/_Z9C5065.xmp
True,no keywords,2024,2024.2,2024-04-01 拈花湾,_Z9C5177,ok,data/jpg/2024.2/_Z9C5177.jpg,data/xmp/result-2024/raw/2024.2/2024-04-01 拈花湾/_Z9C5177.xmp
True,no keywords,2024,2024.2,2024-04-01 拈花湾,_Z9C5193,ok,data/jpg/2024.2/_Z9C5193.jpg,data/xmp/result-2024/raw/2024.2/2024-04-01 拈花湾/_Z9C5193.xmp
True,no keywords,2024,2024.2,2024-04-15 Sydney,_D5D5492,ok,data/jpg/2024.2/_D5D5492.jpg,data/xmp/result-2024/raw/2024.2/2024-04-15 Sydney/_D5D5492.xmp
True,no keywords,2024,2024.2,2024-04-16 Sydney,_Z9C5395,ok,data/jpg/2024.2/_Z9C5395.jpg,data/xmp/result-2024/raw/2024.2/2024-04-16 Sydney/_Z9C5395.xmp
True,no keywords,2024,2024.2,2024-04-16 Sydney,_Z9C5419,ok,data/jpg/2024.2/_Z9C5419.jpg,data/xmp/result-2024/raw/2024.2/2024-04-16 Sydney/_Z9C5419.xmp
True,no keywords,2024,2024.3,2024-04-20 Melbourne,_Z9C5704,ok,data/jpg/2024.3/_Z9C5704.jpg,data/xmp/result-2024/raw/2024.3/2024-04-20 Melbourne/_Z9C5704.xmp
True,no keywords,2024,2024.3,2024-04-20 Melbourne,_Z9C5726,ok,data/jpg/2024.3/_Z9C5726.jpg,data/xmp/result-2024/raw/2024.3/2024-04-20 Melbourne/_Z9C5726.xmp
True,no keywords,2024,2024.3,2024-04-21 Phillips Island,_D5D7962,ok,data/jpg/2024.3/_D5D7962.jpg,data/xmp/result-2024/raw/2024.3/2024-04-21 Phillips Island/_D5D7962.xmp
True,no keywords,2024,2024.3,2024-04-21 Phillips Island,_D5D8512,ok,data/jpg/2024.3/_D5D8512.jpg,data/xmp/result-2024/raw/2024.3/2024-04-21 Phillips Island/_D5D8512.xmp
True,no keywords,2024,2024.3,2024-04-21 Phillips Island,_D5D8676,ok,data/jpg/2024.3/_D5D8676.jpg,data/xmp/result-2024/raw/2024.3/2024-04-21 Phillips Island/_D5D8676.xmp
True,no keywords,2024,2024.3,2024-04-21 Phillips Island,_D5D8690,ok,data/jpg/2024.3/_D5D8690.jpg,data/xmp/result-2024/raw/2024.3/2024-04-21 Phillips Island/_D5D8690.xmp
True,no keywords,2024,2024.3,2024-04-21 Phillips Island,_D5D8843,ok,data/jpg/2024.3/_D5D8843.jpg,data/xmp/result-2024/raw/2024.3/2024-04-21 Phillips Island/_D5D8843.xmp
True,no keywords,2024,2024.3,2024-04-23 Tasmania Island,_D5D9407,ok,data/jpg/2024.3/_D5D9407.jpg,data/xmp/result-2024/raw/2024.3/2024-04-23 Tasmania Island/_D5D9407.xmp
True,no keywords,2024,2024.3,2024-04-23 Tasmania Island,_D5D9463,ok,data/jpg/2024.3/_D5D9463.jpg,data/xmp/result-2024/raw/2024.3/2024-04-23 Tasmania Island/_D5D9463.xmp
True,no keywords,2024,2024.3,2024-04-24 Brune Island,_D5D0110,ok,data/jpg/2024.3/_D5D0110.jpg,data/xmp/result-2024/raw/2024.3/2024-04-24 Brune Island/_D5D0110.xmp
True,no keywords,2024,2024.3,2024-04-24 Brune Island,_D5D0169,ok,data/jpg/2024.3/_D5D0169.jpg,data/xmp/result-2024/raw/2024.3/2024-04-24 Brune Island/_D5D0169.xmp
True,no keywords,2024,2024.3,2024-04-24 Brune Island,_D5D0257,ok,data/jpg/2024.3/_D5D0257.jpg,data/xmp/result-2024/raw/2024.3/2024-04-24 Brune Island/_D5D0257.xmp
True,no keywords,2024,2024.3,2024-04-24 Brune Island,_D5D9790,ok,data/jpg/2024.3/_D5D9790.jpg,data/xmp/result-2024/raw/2024.3/2024-04-24 Brune Island/_D5D9790.xmp
True,no keywords,2024,2024.3,2024-04-25 Port Arther,_D5D1314,ok,data/jpg/2024.3/_D5D1314.jpg,data/xmp/result-2024/raw/2024.3/2024-04-25 Port Arther/_D5D1314.xmp
True,no keywords + missing JPEG in CSV,2024,2024.3,2024-04-25 Port Arther,_D5D1565,ok,data/jpg/2024.3/_D5D1565.jpg,data/xmp/result-2024/raw/2024.3/2024-04-25 Port Arther/_D5D1565.xmp
True,no keywords,2024,2024.3,2024-04-25 Port Arther,_D5D1605,ok,data/jpg/2024.3/_D5D1605.jpg,data/xmp/result-2024/raw/2024.3/2024-04-25 Port Arther/_D5D1605.xmp
True,no keywords,2024,2024.3,2024-04-25 Port Arther,_D5D2066,ok,data/jpg/2024.3/_D5D2066.jpg,data/xmp/result-2024/raw/2024.3/2024-04-25 Port Arther/_D5D2066.xmp
True,no keywords,2024,2024.3,2024-04-25 Port Arther,_D5D2413,ok,data/jpg/2024.3/_D5D2413.jpg,data/xmp/result-2024/raw/2024.3/2024-04-25 Port Arther/_D5D2413.xmp
True,no keywords,2024,2024.3,2024-04-26 Tamar Wetland,_D5D4031,ok,data/jpg/2024.3/_D5D4031.jpg,data/xmp/result-2024/raw/2024.3/2024-04-26 Tamar Wetland/_D5D4031.xmp
True,no keywords,2024,2024.3,2024-04-27 Craddle Mountain,_D5D4424,ok,data/jpg/2024.3/_D5D4424.jpg,data/xmp/result-2024/raw/2024.3/2024-04-27 Craddle Mountain/_D5D4424.xmp
True,no keywords,2024,2024.3,2024-04-28 Tasmania Royal Botanic Garden,_D5D6451,ok,data/jpg/2024.3/_D5D6451.jpg,data/xmp/result-2024/raw/2024.3/2024-04-28 Tasmania Royal Botanic Garden/_D5D6451.xmp
True,no keywords,2024,2024.3,2024-04-28 Tasmania Royal Botanic Garden,_D5D6497,ok,data/jpg/2024.3/_D5D6497.jpg,data/xmp/result-2024/raw/2024.3/2024-04-28 Tasmania Royal Botanic Garden/_D5D6497.xmp
True,no keywords,2024,2024.4,2024-05-02 Christchurch-Mona Vale Garden,_D5D8078,ok,data/jpg/2024.4/_D5D8078.jpg,data/xmp/result-2024/raw/2024.4/2024-05-02 Christchurch-Mona Vale Garden/_D5D8078.xmp
True,no keywords,2024,2024.4,2024-05-03 Kaikoura & Christchurch,_D5D8843,ok,data/jpg/2024.4/_D5D8843.jpg,data/xmp/result-2024/raw/2024.4/2024-05-03 Kaikoura & Christchurch/_D5D8843.xmp
True,no keywords,2024,2024.4,2024-05-03 Kaikoura & Christchurch,_D5D9121,ok,data/jpg/2024.4/_D5D9121.jpg,data/xmp/result-2024/raw/2024.4/2024-05-03 Kaikoura & Christchurch/_D5D9121.xmp
True,no keywords,2024,2024.4,2024-05-03 Kaikoura & Christchurch,_D5D9296,ok,data/jpg/2024.4/_D5D9296.jpg,data/xmp/result-2024/raw/2024.4/2024-05-03 Kaikoura & Christchurch/_D5D9296.xmp
True,no keywords,2024,2024.4,2024-05-04 Eastern Side of NZL South,_D5D9726,ok,data/jpg/2024.4/_D5D9726.jpg,data/xmp/result-2024/raw/2024.4/2024-05-04 Eastern Side of NZL South/_D5D9726.xmp
True,no keywords,2024,2024.4,2024-05-04 Eastern Side of NZL South,_D5D9858,ok,data/jpg/2024.4/_D5D9858.jpg,data/xmp/result-2024/raw/2024.4/2024-05-04 Eastern Side of NZL South/_D5D9858.xmp
True,no keywords,2024,2024.4,2024-05-04 Eastern Side of NZL South,_D5D9983,ok,data/jpg/2024.4/_D5D9983.jpg,data/xmp/result-2024/raw/2024.4/2024-05-04 Eastern Side of NZL South/_D5D9983.xmp
True,no keywords,2024,2024.4,2024-05-06 Milford Sound Cruise,_D5D0467,ok,data/jpg/2024.4/_D5D0467.jpg,data/xmp/result-2024/raw/2024.4/2024-05-06 Milford Sound Cruise/_D5D0467.xmp
True,no keywords,2024,2024.4,2024-05-08 Mount Kock,_D5D1154,ok,data/jpg/2024.4/_D5D1154.jpg,data/xmp/result-2024/raw/2024.4/2024-05-08 Mount Kock/_D5D1154.xmp
True,no keywords,2024,2024.4,2024-05-08 Mount Kock,_D5D1287,ok,data/jpg/2024.4/_D5D1287.jpg,data/xmp/result-2024/raw/2024.4/2024-05-08 Mount Kock/_D5D1287.xmp
True,no keywords,2024,2024.4,2024-05-08 Mount Kock,_D5D1367,ok,data/jpg/2024.4/_D5D1367.jpg,data/xmp/result-2024/raw/2024.4/2024-05-08 Mount Kock/_D5D1367.xmp
True,no keywords,2024,2024.4,2024-05-08 Mount Kock,_D5D1509,ok,data/jpg/2024.4/_D5D1509.jpg,data/xmp/result-2024/raw/2024.4/2024-05-08 Mount Kock/_D5D1509.xmp
True,no keywords,2024,2024.4,2024-05-08 Mount Kock,_D5D1721,ok,data/jpg/2024.4/_D5D1721.jpg,data/xmp/result-2024/raw/2024.4/2024-05-08 Mount Kock/_D5D1721.xmp
True,no keywords,2024,2024.4,2024-05-08 Mount Kock,_D5D1938,ok,data/jpg/2024.4/_D5D1938.jpg,data/xmp/result-2024/raw/2024.4/2024-05-08 Mount Kock/_D5D1938.xmp
True,no keywords,2024,2024.4,2024-05-10 Auckland & Vicinities,_D5D2922,ok,data/jpg/2024.4/_D5D2922.jpg,data/xmp/result-2024/raw/2024.4/2024-05-10 Auckland & Vicinities/_D5D2922.xmp
True,no keywords,2024,2024.4,2024-05-10 Auckland & Vicinities,_Z9C8307,ok,data/jpg/2024.4/_Z9C8307.jpg,data/xmp/result-2024/raw/2024.4/2024-05-10 Auckland & Vicinities/_Z9C8307.xmp
True,no keywords,2024,2024.4,2024-05-10 Rotorua and Waiotapu,_Z9C8356,ok,data/jpg/2024.4/_Z9C8356.jpg,data/xmp/result-2024/raw/2024.4/2024-05-10 Rotorua and Waiotapu/_Z9C8356.xmp
True,no keywords,2024,2024.4,2024-05-10 Rotorua and Waiotapu,_Z9C8359,ok,data/jpg/2024.4/_Z9C8359.jpg,data/xmp/result-2024/raw/2024.4/2024-05-10 Rotorua and Waiotapu/_Z9C8359.xmp
True,no keywords,2024,2024.4,2024-05-10 Rotorua and Waiotapu,_Z9C8402,ok,data/jpg/2024.4/_Z9C8402.jpg,data/xmp/result-2024/raw/2024.4/2024-05-10 Rotorua and Waiotapu/_Z9C8402.xmp
True,no keywords,2024,2024.4,2024-05-11 Hobbiton,_Z9C8528,ok,data/jpg/2024.4/_Z9C8528.jpg,data/xmp/result-2024/raw/2024.4/2024-05-11 Hobbiton/_Z9C8528.xmp
True,no keywords,2024,2024.4,2024-05-11 Hobbiton,_Z9C8635,ok,data/jpg/2024.4/_Z9C8635.jpg,data/xmp/result-2024/raw/2024.4/2024-05-11 Hobbiton/_Z9C8635.xmp
True,no keywords,2024,2024.4,2024-05-11 Hobbiton,_Z9C8726,ok,data/jpg/2024.4/_Z9C8726.jpg,data/xmp/result-2024/raw/2024.4/2024-05-11 Hobbiton/_Z9C8726.xmp
True,no keywords,2024,2024.4,2024-05-12 Zealandia,_D5D3797,ok,data/jpg/2024.4/_D5D3797.jpg,data/xmp/result-2024/raw/2024.4/2024-05-12 Zealandia/_D5D3797.xmp
True,no keywords,2024,2024.4,2024-05-12 Zealandia,_D5D3799,ok,data/jpg/2024.4/_D5D3799.jpg,data/xmp/result-2024/raw/2024.4/2024-05-12 Zealandia/_D5D3799.xmp
True,no keywords,2024,2024.4,2024-05-12 Zealandia,_D5D4626,ok,data/jpg/2024.4/_D5D4626.jpg,data/xmp/result-2024/raw/2024.4/2024-05-12 Zealandia/_D5D4626.xmp
True,no keywords,2024,2024.4,2024-05-12 Zealandia,_Z9C8755,ok,data/jpg/2024.4/_Z9C8755.jpg,data/xmp/result-2024/raw/2024.4/2024-05-12 Zealandia/_Z9C8755.xmp
True,no keywords,2024,2024.4,2024-05-12 Zealandia,_Z9C8879,ok,data/jpg/2024.4/_Z9C8879.jpg,data/xmp/result-2024/raw/2024.4/2024-05-12 Zealandia/_Z9C8879.xmp
True,no keywords,2024,2024.4,2024-05-13 Museum of New Zealand,_Z9C8923,ok,data/jpg/2024.4/_Z9C8923.jpg,data/xmp/result-2024/raw/2024.4/2024-05-13 Museum of New Zealand/_Z9C8923.xmp
True,no keywords,2024,2024.4,2024-05-13 Weta Workshop,_Z9C8986,ok,data/jpg/2024.4/_Z9C8986.jpg,data/xmp/result-2024/raw/2024.4/2024-05-13 Weta Workshop/_Z9C8986.xmp
True,no keywords,2024,2024.4,2024-05-14 Museum of New Zealand,_Z9C9000,ok,data/jpg/2024.4/_Z9C9000.jpg,data/xmp/result-2024/raw/2024.4/2024-05-14 Museum of New Zealand/_Z9C9000.xmp
True,no keywords,2024,2024.4,2024-05-14 Wellington Zoo,_D5D5130,ok,data/jpg/2024.4/_D5D5130.jpg,data/xmp/result-2024/raw/2024.4/2024-05-14 Wellington Zoo/_D5D5130.xmp
True,no keywords,2024,2024.5,2024-07-06 张家界森林公园,_Z9C9066,ok,data/jpg/2024.5/_Z9C9066.jpg,data/xmp/result-2024/raw/2024.5/2024-07-06 张家界森林公园/_Z9C9066.xmp
True,no keywords,2024,2024.5,2024-07-06 张家界森林公园,_Z9C9257,ok,data/jpg/2024.5/_Z9C9257.jpg,data/xmp/result-2024/raw/2024.5/2024-07-06 张家界森林公园/_Z9C9257.xmp
True,no keywords,2024,2024.5,2024-07-07 金鞭溪,_Z9C9295,ok,data/jpg/2024.5/_Z9C9295.jpg,data/xmp/result-2024/raw/2024.5/2024-07-07 金鞭溪/_Z9C9295.xmp
True,no keywords,2024,2024.5,2024-07-07 金鞭溪,_Z9C9319,ok,data/jpg/2024.5/_Z9C9319.jpg,data/xmp/result-2024/raw/2024.5/2024-07-07 金鞭溪/_Z9C9319.xmp
True,no keywords,2024,2024.5,2024-07-08 芙蓉镇,_Z9C9468,ok,data/jpg/2024.5/_Z9C9468.jpg,data/xmp/result-2024/raw/2024.5/2024-07-08 芙蓉镇/_Z9C9468.xmp
True,no keywords,2024,2024.5,2024-07-08 芙蓉镇,_Z9C9483,ok,data/jpg/2024.5/_Z9C9483.jpg,data/xmp/result-2024/raw/2024.5/2024-07-08 芙蓉镇/_Z9C9483.xmp
True,no keywords,2024,2024.5,2024-07-09 天门山,_Z9C9563,ok,data/jpg/2024.5/_Z9C9563.jpg,data/xmp/result-2024/raw/2024.5/2024-07-09 天门山/_Z9C9563.xmp
True,no keywords,2024,2024.5,2024-07-09 天门山,_Z9C9668,ok,data/jpg/2024.5/_Z9C9668.jpg,data/xmp/result-2024/raw/2024.5/2024-07-09 天门山/_Z9C9668.xmp
True,no keywords,2024,2024.5,2024-07-11 三峡人家,_Z9C9793,ok,data/jpg/2024.5/_Z9C9793.jpg,data/xmp/result-2024/raw/2024.5/2024-07-11 三峡人家/_Z9C9793.xmp
True,no keywords,2024,2024.5,2024-07-12 神女溪,_D5D5464,ok,data/jpg/2024.5/_D5D5464.jpg,data/xmp/result-2024/raw/2024.5/2024-07-12 神女溪/_D5D5464.xmp
True,no keywords,2024,2024.5,2024-07-12 神女溪,_Z9C9897,ok,data/jpg/2024.5/_Z9C9897.jpg,data/xmp/result-2024/raw/2024.5/2024-07-12 神女溪/_Z9C9897.xmp
True,no keywords,2024,2024.5,2024-07-12 神女溪,_Z9C9912,ok,data/jpg/2024.5/_Z9C9912.jpg,data/xmp/result-2024/raw/2024.5/2024-07-12 神女溪/_Z9C9912.xmp
True,no keywords,2024,2024.5,2024-07-12 神女溪,_Z9C9922,ok,data/jpg/2024.5/_Z9C9922.jpg,data/xmp/result-2024/raw/2024.5/2024-07-12 神女溪/_Z9C9922.xmp
True,no keywords,2024,2024.5,2024-07-14 Arriving in Chongqing,_Z9C9955,ok,data/jpg/2024.5/_Z9C9955.jpg,data/xmp/result-2024/raw/2024.5/2024-07-14 Arriving in Chongqing/_Z9C9955.xmp
True,no keywords,2024,2024.5,2024-07-14 Arriving in Chongqing,_Z9C9956,ok,data/jpg/2024.5/_Z9C9956.jpg,data/xmp/result-2024/raw/2024.5/2024-07-14 Arriving in Chongqing/_Z9C9956.xmp
True,no keywords,2024,2024.5,2024-07-17 武隆,_Z9C0161,ok,data/jpg/2024.5/_Z9C0161.jpg,data/xmp/result-2024/raw/2024.5/2024-07-17 武隆/_Z9C0161.xmp
True,no keywords,2024,2024.5,2024-07-17 武隆,_Z9C0170,ok,data/jpg/2024.5/_Z9C0170.jpg,data/xmp/result-2024/raw/2024.5/2024-07-17 武隆/_Z9C0170.xmp
True,no keywords,2024,2024.5,2024-08-22 Anchorage,_D5D6500,ok,data/jpg/2024.5/_D5D6500.jpg,data/xmp/result-2024/raw/2024.5/2024-08-22 Anchorage/_D5D6500.xmp
True,no keywords,2024,2024.5,2024-08-22 Anchorage,_D5D6632,ok,data/jpg/2024.5/_D5D6632.jpg,data/xmp/result-2024/raw/2024.5/2024-08-22 Anchorage/_D5D6632.xmp
True,no keywords,2024,2024.5,2024-08-22 Anchorage,_D5D6635,ok,data/jpg/2024.5/_D5D6635.jpg,data/xmp/result-2024/raw/2024.5/2024-08-22 Anchorage/_D5D6635.xmp
True,no keywords,2024,2024.5,2024-08-23 Upper Kenai,_D5D7560,ok,data/jpg/2024.5/_D5D7560.jpg,data/xmp/result-2024/raw/2024.5/2024-08-23 Upper Kenai/_D5D7560.xmp
True,no keywords,2024,2024.5,2024-08-23 Upper Kenai,_D5D7565,ok,data/jpg/2024.5/_D5D7565.jpg,data/xmp/result-2024/raw/2024.5/2024-08-23 Upper Kenai/_D5D7565.xmp
True,no keywords,2024,2024.5,2024-08-23 Upper Kenai,_D5D7572,ok,data/jpg/2024.5/_D5D7572.jpg,data/xmp/result-2024/raw/2024.5/2024-08-23 Upper Kenai/_D5D7572.xmp
True,no keywords,2024,2024.5,2024-08-23 Upper Kenai,_D5D7607,ok,data/jpg/2024.5/_D5D7607.jpg,data/xmp/result-2024/raw/2024.5/2024-08-23 Upper Kenai/_D5D7607.xmp
True,no keywords,2024,2024.5,2024-08-24 Upper Kenai,_D5D8673,ok,data/jpg/2024.5/_D5D8673.jpg,data/xmp/result-2024/raw/2024.5/2024-08-24 Upper Kenai/_D5D8673.xmp
True,no keywords,2024,2024.5,2024-08-24 Upper Kenai,_D5D8690,ok,data/jpg/2024.5/_D5D8690.jpg,data/xmp/result-2024/raw/2024.5/2024-08-24 Upper Kenai/_D5D8690.xmp
True,no keywords,2024,2024.5,2024-09-04 Byxbee Park,_D5D9170,ok,data/jpg/2024.5/_D5D9170.jpg,data/xmp/result-2024/raw/2024.5/2024-09-04 Byxbee Park/_D5D9170.xmp
True,no keywords,2024,2024.5,2024-09-04 Byxbee Park,_D5D9250,ok,data/jpg/2024.5/_D5D9250.jpg,data/xmp/result-2024/raw/2024.5/2024-09-04 Byxbee Park/_D5D9250.xmp
True,no keywords,2024,2024.5,2024-09-04 Byxbee Park,_D5D9333,ok,data/jpg/2024.5/_D5D9333.jpg,data/xmp/result-2024/raw/2024.5/2024-09-04 Byxbee Park/_D5D9333.xmp
True,no keywords,2024,2024.5,2024-09-04 Byxbee Park,_D5D9557,ok,data/jpg/2024.5/_D5D9557.jpg,data/xmp/result-2024/raw/2024.5/2024-09-04 Byxbee Park/_D5D9557.xmp
True,no keywords,2024,2024.5,2024-09-04 Byxbee Park,_D5D9767,ok,data/jpg/2024.5/_D5D9767.jpg,data/xmp/result-2024/raw/2024.5/2024-09-04 Byxbee Park/_D5D9767.xmp
True,no keywords,2024,2024.5,2024-09-04 Byxbee Park,_D5D9858,ok,data/jpg/2024.5/_D5D9858.jpg,data/xmp/result-2024/raw/2024.5/2024-09-04 Byxbee Park/_D5D9858.xmp
True,no keywords,2024,2024.5,2024-09-05 San Francisco Birds,_D5D0243,ok,data/jpg/2024.5/_D5D0243.jpg,data/xmp/result-2024/raw/2024.5/2024-09-05 San Francisco Birds/_D5D0243.xmp
True,no keywords,2024,2024.5,2024-09-05 San Francisco Birds,_D5D0493,ok,data/jpg/2024.5/_D5D0493.jpg,data/xmp/result-2024/raw/2024.5/2024-09-05 San Francisco Birds/_D5D0493.xmp
True,no keywords,2024,2024.5,2024-09-05 San Francisco Birds,_D5D0597,ok,data/jpg/2024.5/_D5D0597.jpg,data/xmp/result-2024/raw/2024.5/2024-09-05 San Francisco Birds/_D5D0597.xmp
True,no keywords,2024,2024.5,2024-09-05 San Francisco Birds,_D5D0609,ok,data/jpg/2024.5/_D5D0609.jpg,data/xmp/result-2024/raw/2024.5/2024-09-05 San Francisco Birds/_D5D0609.xmp
True,no keywords,2024,2024.5,2024-09-05 San Francisco Birds,_D5D0631,ok,data/jpg/2024.5/_D5D0631.jpg,data/xmp/result-2024/raw/2024.5/2024-09-05 San Francisco Birds/_D5D0631.xmp
True,no keywords,2024,2024.5,2024-09-06 Byxbee Park,_D5D0765,ok,data/jpg/2024.5/_D5D0765.jpg,data/xmp/result-2024/raw/2024.5/2024-09-06 Byxbee Park/_D5D0765.xmp
True,no keywords,2024,2024.5,2024-09-06 Byxbee Park,_D5D0951,ok,data/jpg/2024.5/_D5D0951.jpg,data/xmp/result-2024/raw/2024.5/2024-09-06 Byxbee Park/_D5D0951.xmp
True,no keywords,2024,2024.5,2024-09-06 Byxbee Park,_D5D1124,ok,data/jpg/2024.5/_D5D1124.jpg,data/xmp/result-2024/raw/2024.5/2024-09-06 Byxbee Park/_D5D1124.xmp
True,no keywords,2024,2024.5,2024-09-06 Byxbee Park,_D5D1155,ok,data/jpg/2024.5/_D5D1155.jpg,data/xmp/result-2024/raw/2024.5/2024-09-06 Byxbee Park/_D5D1155.xmp
True,no keywords,2024,2024.5,2024-09-08 Hummingbird,_D5D1352,ok,data/jpg/2024.5/_D5D1352.jpg,data/xmp/result-2024/raw/2024.5/2024-09-08 Hummingbird/_D5D1352.xmp
True,no keywords,2024,2024.5,2024-09-13 Sanchez Backyard,_D5D1522,ok,data/jpg/2024.5/_D5D1522.jpg,data/xmp/result-2024/raw/2024.5/2024-09-13 Sanchez Backyard/_D5D1522.xmp
True,no keywords,2024,2024.5,2024-09-13 Sanchez Backyard,_D5D1523,ok,data/jpg/2024.5/_D5D1523.jpg,data/xmp/result-2024/raw/2024.5/2024-09-13 Sanchez Backyard/_D5D1523.xmp
True,no keywords,2024,2024.5,2024-09-16 Lake Tahoe,_D5D1595,ok,data/jpg/2024.5/_D5D1595.jpg,data/xmp/result-2024/raw/2024.5/2024-09-16 Lake Tahoe/_D5D1595.xmp
True,no keywords,2024,2024.5,2024-09-17 Lake Tahow Birding,_D5D1767,ok,data/jpg/2024.5/_D5D1767.jpg,data/xmp/result-2024/raw/2024.5/2024-09-17 Lake Tahow Birding/_D5D1767.xmp
True,no keywords,2024,2024.5,2024-09-17 Lake Tahow Birding,_D5D1775,ok,data/jpg/2024.5/_D5D1775.jpg,data/xmp/result-2024/raw/2024.5/2024-09-17 Lake Tahow Birding/_D5D1775.xmp
True,no keywords,2024,2024.5,2024-09-17 Lake Tahow Birding,_D5D1806,ok,data/jpg/2024.5/_D5D1806.jpg,data/xmp/result-2024/raw/2024.5/2024-09-17 Lake Tahow Birding/_D5D1806.xmp
True,no keywords,2024,2024.5,2024-09-17 Lake Tahow Birding,_D5D1933,ok,data/jpg/2024.5/_D5D1933.jpg,data/xmp/result-2024/raw/2024.5/2024-09-17 Lake Tahow Birding/_D5D1933.xmp
True,no keywords,2024,2024.5,2024-09-17 Lake Tahow Birding,_D5D1976,ok,data/jpg/2024.5/_D5D1976.jpg,data/xmp/result-2024/raw/2024.5/2024-09-17 Lake Tahow Birding/_D5D1976.xmp
True,no keywords,2024,2024.5,2024-09-17 Lake Tahow Birding,_Z9C1106,ok,data/jpg/2024.5/_Z9C1106.jpg,data/xmp/result-2024/raw/2024.5/2024-09-17 Lake Tahow Birding/_Z9C1106.xmp
True,no keywords,2024,2024.5,2024-09-17 Lake Tahow Birding,_Z9C1372,ok,data/jpg/2024.5/_Z9C1372.jpg,data/xmp/result-2024/raw/2024.5/2024-09-17 Lake Tahow Birding/_Z9C1372.xmp
True,no keywords,2024,2024.5,2024-09-17 Lake Tahow Birding,_Z9C1945,ok,data/jpg/2024.5/_Z9C1945.jpg,data/xmp/result-2024/raw/2024.5/2024-09-17 Lake Tahow Birding/_Z9C1945.xmp
True,no keywords,2024,2024.5,2024-09-27 Yellowstone South,_D5D2548,ok,data/jpg/2024.5/_D5D2548.jpg,data/xmp/result-2024/raw/2024.5/2024-09-27 Yellowstone South/_D5D2548.xmp
True,no keywords,2024,2024.5,2024-09-27 Yellowstone South,_D5D2596,ok,data/jpg/2024.5/_D5D2596.jpg,data/xmp/result-2024/raw/2024.5/2024-09-27 Yellowstone South/_D5D2596.xmp
True,no keywords,2024,2024.5,2024-09-27 Yellowstone South,_D5D2661,ok,data/jpg/2024.5/_D5D2661.jpg,data/xmp/result-2024/raw/2024.5/2024-09-27 Yellowstone South/_D5D2661.xmp
True,no keywords,2024,2024.5,2024-09-27 Yellowstone South,_D5D2665,ok,data/jpg/2024.5/_D5D2665.jpg,data/xmp/result-2024/raw/2024.5/2024-09-27 Yellowstone South/_D5D2665.xmp
True,no keywords,2024,2024.5,2024-09-28 Tent's Tour,_Z9C2142,ok,data/jpg/2024.5/_Z9C2142.jpg,data/xmp/result-2024/raw/2024.5/2024-09-28 Tent's Tour/_Z9C2142.xmp
True,no keywords,2024,2024.5,2024-09-28 Tent's Tour,_Z9C2204,ok,data/jpg/2024.5/_Z9C2204.jpg,data/xmp/result-2024/raw/2024.5/2024-09-28 Tent's Tour/_Z9C2204.xmp
True,no keywords,2024,2024.5,2024-09-28 Tent's Tour,_Z9C2241,ok,data/jpg/2024.5/_Z9C2241.jpg,data/xmp/result-2024/raw/2024.5/2024-09-28 Tent's Tour/_Z9C2241.xmp
True,no keywords,2024,2024.5,2024-09-28 Tent's Tour,_Z9C2261,ok,data/jpg/2024.5/_Z9C2261.jpg,data/xmp/result-2024/raw/2024.5/2024-09-28 Tent's Tour/_Z9C2261.xmp
True,missing JPEG in CSV,2024,2024.5,2024-09-29 Grand Teton,_D5D2848,ok,data/jpg/2024.5/_D5D2848.jpg,data/xmp/result-2024/raw/2024.5/2024-09-29 Grand Teton/_D5D2848.xmp
True,no keywords,2024,2024.5,2024-09-29 Grand Teton,_D5D2888,ok,data/jpg/2024.5/_D5D2888.jpg,data/xmp/result-2024/raw/2024.5/2024-09-29 Grand Teton/_D5D2888.xmp
True,no keywords,2024,2024.5,2024-09-29 Grand Teton,_D5D3118,ok,data/jpg/2024.5/_D5D3118.jpg,data/xmp/result-2024/raw/2024.5/2024-09-29 Grand Teton/_D5D3118.xmp
True,no keywords,2024,2024.5,2024-09-29 Grand Teton,_D5D3141,ok,data/jpg/2024.5/_D5D3141.jpg,data/xmp/result-2024/raw/2024.5/2024-09-29 Grand Teton/_D5D3141.xmp
True,no keywords,2024,2024.5,2024-09-30 Yellowstone West,_D5D3134,ok,data/jpg/2024.5/_D5D3134.jpg,data/xmp/result-2024/raw/2024.5/2024-09-30 Yellowstone West/_D5D3134.xmp
True,no keywords,2024,2024.5,2024-09-30 Yellowstone West,_D5D3402,ok,data/jpg/2024.5/_D5D3402.jpg,data/xmp/result-2024/raw/2024.5/2024-09-30 Yellowstone West/_D5D3402.xmp
True,no keywords,2024,2024.5,2024-09-30 Yellowstone West,_Z9C2618,ok,data/jpg/2024.5/_Z9C2618.jpg,data/xmp/result-2024/raw/2024.5/2024-09-30 Yellowstone West/_Z9C2618.xmp
True,no keywords,2024,2024.5,2024-09-30 Yellowstone West,_Z9C2623,ok,data/jpg/2024.5/_Z9C2623.jpg,data/xmp/result-2024/raw/2024.5/2024-09-30 Yellowstone West/_Z9C2623.xmp
True,no keywords,2024,2024.5,2024-10-11 Balcony Birds,_Z9C2953,ok,data/jpg/2024.5/_Z9C2953.jpg,data/xmp/result-2024/raw/2024.5/2024-10-11 Balcony Birds/_Z9C2953.xmp
True,no keywords + missing JPEG in CSV,2024,2024.5,2024-10-21 Natales,_Z9C3208,ok,data/jpg/2024.5/_Z9C3208.jpg,data/xmp/result-2024/raw/2024.5/2024-10-21 Natales/_Z9C3208.xmp
True,no keywords,2024,2024.5,2024-10-23 Paine National Park,_Z9C3343,ok,data/jpg/2024.5/_Z9C3343.jpg,data/xmp/result-2024/raw/2024.5/2024-10-23 Paine National Park/_Z9C3343.xmp
True,no keywords,2024,2024.5,2024-10-23 Paine National Park,_Z9C3369,ok,data/jpg/2024.5/_Z9C3369.jpg,data/xmp/result-2024/raw/2024.5/2024-10-23 Paine National Park/_Z9C3369.xmp
True,no keywords,2024,2024.5,2024-10-23 Paine National Park,_Z9C3428,ok,data/jpg/2024.5/_Z9C3428.jpg,data/xmp/result-2024/raw/2024.5/2024-10-23 Paine National Park/_Z9C3428.xmp
True,no keywords,2024,2024.5,2024-10-23 Paine National Park,_Z9C3444,ok,data/jpg/2024.5/_Z9C3444.jpg,data/xmp/result-2024/raw/2024.5/2024-10-23 Paine National Park/_Z9C3444.xmp
True,no keywords,2024,2024.5,2024-10-23 Paine National Park,_Z9C3457,ok,data/jpg/2024.5/_Z9C3457.jpg,data/xmp/result-2024/raw/2024.5/2024-10-23 Paine National Park/_Z9C3457.xmp
True,no keywords,2024,2024.5,2024-10-23 Paine National Park,_Z9C3482,ok,data/jpg/2024.5/_Z9C3482.jpg,data/xmp/result-2024/raw/2024.5/2024-10-23 Paine National Park/_Z9C3482.xmp
True,no keywords,2024,2024.5,2024-10-26 Iguazu Fall,_Z9C4039,ok,data/jpg/2024.5/_Z9C4039.jpg,data/xmp/result-2024/raw/2024.5/2024-10-26 Iguazu Fall/_Z9C4039.xmp
True,no keywords,2024,2024.5,2024-10-26 Iguazu Fall,_Z9C4062,ok,data/jpg/2024.5/_Z9C4062.jpg,data/xmp/result-2024/raw/2024.5/2024-10-26 Iguazu Fall/_Z9C4062.xmp
True,no keywords,2024,2024.5,2024-10-28 Mercure and Brazil Bird Park,_Z9C4291,ok,data/jpg/2024.5/_Z9C4291.jpg,data/xmp/result-2024/raw/2024.5/2024-10-28 Mercure and Brazil Bird Park/_Z9C4291.xmp
True,no keywords,2024,2024.5,2024-10-28 Mercure and Brazil Bird Park,_Z9C4747,ok,data/jpg/2024.5/_Z9C4747.jpg,data/xmp/result-2024/raw/2024.5/2024-10-28 Mercure and Brazil Bird Park/_Z9C4747.xmp
True,no keywords,2024,2024.5,2024-10-28 Mercure and Brazil Bird Park,_Z9C5140,ok,data/jpg/2024.5/_Z9C5140.jpg,data/xmp/result-2024/raw/2024.5/2024-10-28 Mercure and Brazil Bird Park/_Z9C5140.xmp
True,no keywords,2024,2024.5,2024-10-28 Mercure and Brazil Bird Park,_Z9C5161,ok,data/jpg/2024.5/_Z9C5161.jpg,data/xmp/result-2024/raw/2024.5/2024-10-28 Mercure and Brazil Bird Park/_Z9C5161.xmp
True,no keywords,2024,2024.5,2024-11-01 Ushuaia,_Z9C5450,ok,data/jpg/2024.5/_Z9C5450.jpg,data/xmp/result-2024/raw/2024.5/2024-11-01 Ushuaia/_Z9C5450.xmp
True,no keywords,2024,2024.6,2024-11-03 to South Georgia Island,_Z9C5726,ok,data/jpg/2024.6/_Z9C5726.jpg,data/xmp/result-2024/raw/2024.6/2024-11-03 to South Georgia Island/_Z9C5726.xmp
True,no keywords,2024,2024.6,2024-11-03 to South Georgia Island,_Z9C5744,ok,data/jpg/2024.6/_Z9C5744.jpg,data/xmp/result-2024/raw/2024.6/2024-11-03 to South Georgia Island/_Z9C5744.xmp
True,no keywords,2024,2024.6,2024-11-10 Penguin Island (Chin Strap Penguins) and Helicopter Ride,_Z9C6768,ok,data/jpg/2024.6/_Z9C6768.jpg,data/xmp/result-2024/raw/2024.6/2024-11-10 Penguin Island (Chin Strap Penguins) and Helicopter Ride/_Z9C6768.xmp
True,no keywords,2024,2024.6,2024-11-12 Niko Bay (Gentoo),_Z9C7979,ok,data/jpg/2024.6/_Z9C7979.jpg,data/xmp/result-2024/raw/2024.6/2024-11-12 Niko Bay (Gentoo)/_Z9C7979.xmp
True,no keywords,2024,2024.7,2024-11-13 Helicopter,_Z9C8402,ok,data/jpg/2024.7/_Z9C8402.jpg,data/xmp/result-2024/raw/2024.7/2024-11-13 Helicopter/_Z9C8402.xmp
True,no keywords,2024,2024.7,2024-11-13 Helicopter,_Z9C8403,ok,data/jpg/2024.7/_Z9C8403.jpg,data/xmp/result-2024/raw/2024.7/2024-11-13 Helicopter/_Z9C8403.xmp
True,no keywords,2024,2024.7,2024-11-13 Helicopter,_Z9C8441,ok,data/jpg/2024.7/_Z9C8441.jpg,data/xmp/result-2024/raw/2024.7/2024-11-13 Helicopter/_Z9C8441.xmp
True,no keywords,2024,2024.7,2024-11-13 Helicopter,_Z9C8447,ok,data/jpg/2024.7/_Z9C8447.jpg,data/xmp/result-2024/raw/2024.7/2024-11-13 Helicopter/_Z9C8447.xmp
True,no keywords,2024,2024.7,2024-11-13 Helicopter,_Z9C8470,ok,data/jpg/2024.7/_Z9C8470.jpg,data/xmp/result-2024/raw/2024.7/2024-11-13 Helicopter/_Z9C8470.xmp
True,no keywords,2024,2024.7,2024-11-13 Helicopter,_Z9C8528,ok,data/jpg/2024.7/_Z9C8528.jpg,data/xmp/result-2024/raw/2024.7/2024-11-13 Helicopter/_Z9C8528.xmp
True,no keywords,2024,2024.7,2024-11-14 Great Wall Station,_Z9C8635,ok,data/jpg/2024.7/_Z9C8635.jpg,data/xmp/result-2024/raw/2024.7/2024-11-14 Great Wall Station/_Z9C8635.xmp
True,no keywords,2024,2024.7,2024-11-18 Buenos Aires,_Z9C8879,ok,data/jpg/2024.7/_Z9C8879.jpg,data/xmp/result-2024/raw/2024.7/2024-11-18 Buenos Aires/_Z9C8879.xmp
True,no keywords,2024,2024.7,2024-11-21.3 Aranwa Birds,_Z9C9328,ok,data/jpg/2024.7/_Z9C9328.jpg,data/xmp/result-2024/raw/2024.7/2024-11-21.3 Aranwa Birds/_Z9C9328.xmp
True,no keywords,2024,2024.7,2024-11-21.3 Aranwa Birds,_Z9C9402,ok,data/jpg/2024.7/_Z9C9402.jpg,data/xmp/result-2024/raw/2024.7/2024-11-21.3 Aranwa Birds/_Z9C9402.xmp
True,no keywords,2024,2024.7,2024-11-22 Ballestas Islands,_Z9C0047,ok,data/jpg/2024.7/_Z9C0047.jpg,data/xmp/result-2024/raw/2024.7/2024-11-22 Ballestas Islands/_Z9C0047.xmp
True,no keywords,2024,2024.7,2024-11-22 Ballestas Islands,_Z9C9786,ok,data/jpg/2024.7/_Z9C9786.jpg,data/xmp/result-2024/raw/2024.7/2024-11-22 Ballestas Islands/_Z9C9786.xmp
True,no keywords,2024,2024.7,2024-11-22 Ballestas Islands,_Z9C9882,ok,data/jpg/2024.7/_Z9C9882.jpg,data/xmp/result-2024/raw/2024.7/2024-11-22 Ballestas Islands/_Z9C9882.xmp
True,no keywords,2024,2024.8,2024-11-25 Machu Picchu,_Z9C2779,ok,data/jpg/2024.8/_Z9C2779.jpg,data/xmp/result-2024/raw/2024.8/2024-11-25 Machu Picchu/_Z9C2779.xmp
True,missing JPEG in CSV,2025,2025.1,2025-04-25.1 Birding Birds,_Z9C1157,ok,data/jpg/2025.1/_Z9C1157.jpg,data/xmp/result-2025/raw/2025.1/2025-04-25.1 Birding Birds/_Z9C1157.xmp
True,missing JPEG in CSV,2025,2025.1,2025-04-25.2 Victoria Fall,_Z9C1021,ok,data/jpg/2025.1/_Z9C1021.jpg,data/xmp/result-2025/raw/2025.1/2025-04-25.2 Victoria Fall/_Z9C1021.xmp
True,missing JPEG in CSV,2025,2025.1,2025-04-25.2 Victoria Fall,_Z9C1072,ok,data/jpg/2025.1/_Z9C1072.jpg,data/xmp/result-2025/raw/2025.1/2025-04-25.2 Victoria Fall/_Z9C1072.xmp
True,missing JPEG in CSV,2025,2025.1,2025-04-25.2 Victoria Fall,_Z9C1101,ok,data/jpg/2025.1/_Z9C1101.jpg,data/xmp/result-2025/raw/2025.1/2025-04-25.2 Victoria Fall/_Z9C1101.xmp
True,missing JPEG in CSV,2025,2025.1,2025-04-25.3 Cuando River,_Z9C1157,ok,data/jpg/2025.1/_Z9C1157.jpg,data/xmp/result-2025/raw/2025.1/2025-04-25.3 Cuando River/_Z9C1157.xmp
True,missing JPEG in CSV,2025,2025.1,2025-04-29 Safari Safari & Resort,_D5C6718,ok,data/jpg/2025.1/_D5C6718.jpg,data/xmp/result-2025/raw/2025.1/2025-04-29 Safari Safari & Resort/_D5C6718.xmp
True,missing JPEG in CSV,2025,2025.2,2025-06-11 Sunrise in Sahara Desert,_D5C6718,ok,data/jpg/2025.2/_D5C6718.jpg,data/xmp/result-2025/raw/2025.2/2025-06-11 Sunrise in Sahara Desert/_D5C6718.xmp
True,missing JPEG in CSV,2025,2025.2,2025-06-26 Sagrada Familia,_Z9C0794,ok,data/jpg/2025.2/_Z9C0794.jpg,data/xmp/result-2025/raw/2025.2/2025-06-26 Sagrada Familia/_Z9C0794.xmp
True,missing JPEG in CSV,2025,2025.2,2025-06-26 Sagrada Familia,_Z9C0795,ok,data/jpg/2025.2/_Z9C0795.jpg,data/xmp/result-2025/raw/2025.2/2025-06-26 Sagrada Familia/_Z9C0795.xmp
True,missing JPEG in CSV,2025,2025.2,2025-06-26 Sagrada Familia,_Z9C0995,ok,data/jpg/2025.2/_Z9C0995.jpg,data/xmp/result-2025/raw/2025.2/2025-06-26 Sagrada Familia/_Z9C0995.xmp
True,missing JPEG in CSV,2025,2025.2,2025-06-28 Helsinki,_Z9C1056,ok,data/jpg/2025.2/_Z9C1056.jpg,data/xmp/result-2025/raw/2025.2/2025-06-28 Helsinki/_Z9C1056.xmp
True,missing JPEG in CSV,2025,2025.2,2025-06-28 Helsinki,_Z9C1081,ok,data/jpg/2025.2/_Z9C1081.jpg,data/xmp/result-2025/raw/2025.2/2025-06-28 Helsinki/_Z9C1081.xmp
True,missing JPEG in CSV,2025,2025.2,2025-06-28 Helsinki,_Z9C1106,ok,data/jpg/2025.2/_Z9C1106.jpg,data/xmp/result-2025/raw/2025.2/2025-06-28 Helsinki/_Z9C1106.xmp
False,no keywords + missing JPEG in CSV,2019,2019.1,2019-01-13 山公园,20190113-_D8S0025_Miless-iMac-Pro.local_Mar-12-220036-2019_Conflict,no_jpg,,data/xmp/result-2019/raw/2019.1/2019-01-13 山公园/20190113-_D8S0025_Miless-iMac-Pro.local_Mar-12-220036-2019_Conflict.xmp
False,no keywords + missing JPEG in CSV,2019,2019.1,2019-01-13 山公园,20190113-_D8S0026_Miless-iMac-Pro.local_Mar-12-220036-2019_Conflict,no_jpg,,data/xmp/result-2019/raw/2019.1/2019-01-13 山公园/20190113-_D8S0026_Miless-iMac-Pro.local_Mar-12-220036-2019_Conflict.xmp
False,no keywords + missing JPEG in CSV,2019,2019.1,2019-01-13 山公园,20190113-_D8S9550_Miless-iMac-Pro.local_Mar-12-220042-2019_Conflict,no_jpg,,data/xmp/result-2019/raw/2019.1/2019-01-13 山公园/20190113-_D8S9550_Miless-iMac-Pro.local_Mar-12-220042-2019_Conflict.xmp
False,no keywords + missing JPEG in CSV,2019,2019.1,2019-01-13 山公园,20190113-_D8S9561_Miless-iMac-Pro.local_Mar-12-220043-2019_Conflict,no_jpg,,data/xmp/result-2019/raw/2019.1/2019-01-13 山公园/20190113-_D8S9561_Miless-iMac-Pro.local_Mar-12-220043-2019_Conflict.xmp
False,no keywords + missing JPEG in CSV,2019,2019.1,2019-01-13 山公园,20190113-_D8S9567_Miless-iMac-Pro.local_Mar-12-220043-2019_Conflict,no_jpg,,data/xmp/result-2019/raw/2019.1/2019-01-13 山公园/20190113-_D8S9567_Miless-iMac-Pro.local_Mar-12-220043-2019_Conflict.xmp
False,no keywords + missing JPEG in CSV,2019,2019.1,2019-01-13 山公园,20190113-_D8S9568_Miless-iMac-Pro.local_Mar-12-220044-2019_Conflict,no_jpg,,data/xmp/result-2019/raw/2019.1/2019-01-13 山公园/20190113-_D8S9568_Miless-iMac-Pro.local_Mar-12-220044-2019_Conflict.xmp
False,no keywords + missing JPEG in CSV,2019,2019.1,2019-01-13 山公园,20190113-_D8S9581_Miless-iMac-Pro.local_Mar-12-220044-2019_Conflict,no_jpg,,data/xmp/result-2019/raw/2019.1/2019-01-13 山公园/20190113-_D8S9581_Miless-iMac-Pro.local_Mar-12-220044-2019_Conflict.xmp
False,no keywords + missing JPEG in CSV,2019,2019.1,2019-01-13 山公园,20190113-_D8S9583_Miless-iMac-Pro.local_Mar-12-220044-2019_Conflict,no_jpg,,data/xmp/result-2019/raw/2019.1/2019-01-13 山公园/20190113-_D8S9583_Miless-iMac-Pro.local_Mar-12-220044-2019_Conflict.xmp
False,no keywords + missing JPEG in CSV,2019,2019.1,2019-01-13 山公园,20190113-_D8S9607_Miless-iMac-Pro.local_Mar-12-220045-2019_Conflict,no_jpg,,data/xmp/result-2019/raw/2019.1/2019-01-13 山公园/20190113-_D8S9607_Miless-iMac-Pro.local_Mar-12-220045-2019_Conflict.xmp
False,no keywords + missing JPEG in CSV,2019,2019.1,2019-01-13 山公园,20190113-_D8S9619_Miless-iMac-Pro.local_Mar-12-220046-2019_Conflict,no_jpg,,data/xmp/result-2019/raw/2019.1/2019-01-13 山公园/20190113-_D8S9619_Miless-iMac-Pro.local_Mar-12-220046-2019_Conflict.xmp
False,no keywords + missing JPEG in CSV,2019,2019.1,2019-01-13 山公园,20190113-_D8S9623_Miless-iMac-Pro.local_Mar-12-220046-2019_Conflict,no_jpg,,data/xmp/result-2019/raw/2019.1/2019-01-13 山公园/20190113-_D8S9623_Miless-iMac-Pro.local_Mar-12-220046-2019_Conflict.xmp
False,no keywords + missing JPEG in CSV,2019,2019.1,2019-01-13 山公园,20190113-_D8S9628_Miless-iMac-Pro.local_Mar-12-220047-2019_Conflict,no_jpg,,data/xmp/result-2019/raw/2019.1/2019-01-13 山公园/20190113-_D8S9628_Miless-iMac-Pro.local_Mar-12-220047-2019_Conflict.xmp
False,no keywords + missing JPEG in CSV,2019,2019.1,2019-01-13 山公园,20190113-_D8S9643_Miless-iMac-Pro.local_Mar-12-220047-2019_Conflict,no_jpg,,data/xmp/result-2019/raw/2019.1/2019-01-13 山公园/20190113-_D8S9643_Miless-iMac-Pro.local_Mar-12-220047-2019_Conflict.xmp
False,no keywords + missing JPEG in CSV,2019,2019.1,2019-01-13 山公园,20190113-_D8S9654_Miless-iMac-Pro.local_Mar-12-220048-2019_Conflict,no_jpg,,data/xmp/result-2019/raw/2019.1/2019-01-13 山公园/20190113-_D8S9654_Miless-iMac-Pro.local_Mar-12-220048-2019_Conflict.xmp
False,no keywords + missing JPEG in CSV,2019,2019.1,2019-01-13 山公园,20190113-_D8S9657_Miless-iMac-Pro.local_Mar-12-220048-2019_Conflict,no_jpg,,data/xmp/result-2019/raw/2019.1/2019-01-13 山公园/20190113-_D8S9657_Miless-iMac-Pro.local_Mar-12-220048-2019_Conflict.xmp
False,no keywords + missing JPEG in CSV,2019,2019.1,2019-01-13 山公园,20190113-_D8S9662_Miless-iMac-Pro.local_Mar-12-220049-2019_Conflict,no_jpg,,data/xmp/result-2019/raw/2019.1/2019-01-13 山公园/20190113-_D8S9662_Miless-iMac-Pro.local_Mar-12-220049-2019_Conflict.xmp
False,no keywords + missing JPEG in CSV,2019,2019.1,2019-01-13 山公园,20190113-_D8S9693_Miless-iMac-Pro.local_Mar-12-220049-2019_Conflict,no_jpg,,data/xmp/result-2019/raw/2019.1/2019-01-13 山公园/20190113-_D8S9693_Miless-iMac-Pro.local_Mar-12-220049-2019_Conflict.xmp
False,no keywords + missing JPEG in CSV,2019,2019.1,2019-01-13 山公园,20190113-_D8S9699_Miless-iMac-Pro.local_Mar-12-220050-2019_Conflict,no_jpg,,data/xmp/result-2019/raw/2019.1/2019-01-13 山公园/20190113-_D8S9699_Miless-iMac-Pro.local_Mar-12-220050-2019_Conflict.xmp
False,no keywords + missing JPEG in CSV,2019,2019.1,2019-01-13 山公园,20190113-_D8S9702_Miless-iMac-Pro.local_Mar-12-220050-2019_Conflict,no_jpg,,data/xmp/result-2019/raw/2019.1/2019-01-13 山公园/20190113-_D8S9702_Miless-iMac-Pro.local_Mar-12-220050-2019_Conflict.xmp
False,no keywords + missing JPEG in CSV,2019,2019.1,2019-01-13 山公园,20190113-_D8S9704_Miless-iMac-Pro.local_Mar-12-220051-2019_Conflict,no_jpg,,data/xmp/result-2019/raw/2019.1/2019-01-13 山公园/20190113-_D8S9704_Miless-iMac-Pro.local_Mar-12-220051-2019_Conflict.xmp
False,no keywords + missing JPEG in CSV,2019,2019.1,2019-01-13 山公园,20190113-_D8S9750_Miless-iMac-Pro.local_Mar-12-220051-2019_Conflict,no_jpg,,data/xmp/result-2019/raw/2019.1/2019-01-13 山公园/20190113-_D8S9750_Miless-iMac-Pro.local_Mar-12-220051-2019_Conflict.xmp
False,no keywords + missing JPEG in CSV,2019,2019.1,2019-01-13 山公园,20190113-_D8S9753_Miless-iMac-Pro.local_Mar-12-220052-2019_Conflict,no_jpg,,data/xmp/result-2019/raw/2019.1/2019-01-13 山公园/20190113-_D8S9753_Miless-iMac-Pro.local_Mar-12-220052-2019_Conflict.xmp
False,no keywords + missing JPEG in CSV,2019,2019.1,2019-01-13 山公园,20190113-_D8S9761_Miless-iMac-Pro.local_Mar-12-220052-2019_Conflict,no_jpg,,data/xmp/result-2019/raw/2019.1/2019-01-13 山公园/20190113-_D8S9761_Miless-iMac-Pro.local_Mar-12-220052-2019_Conflict.xmp
False,no keywords + missing JPEG in CSV,2019,2019.1,2019-01-13 山公园,20190113-_D8S9824_Miless-iMac-Pro.local_Mar-12-220052-2019_Conflict,no_jpg,,data/xmp/result-2019/raw/2019.1/2019-01-13 山公园/20190113-_D8S9824_Miless-iMac-Pro.local_Mar-12-220052-2019_Conflict.xmp
False,no keywords + missing JPEG in CSV,2019,2019.1,2019-01-13 山公园,20190113-_D8S9833_Miless-iMac-Pro.local_Mar-12-220053-2019_Conflict,no_jpg,,data/xmp/result-2019/raw/2019.1/2019-01-13 山公园/20190113-_D8S9833_Miless-iMac-Pro.local_Mar-12-220053-2019_Conflict.xmp
False,no keywords + missing JPEG in CSV,2019,2019.1,2019-01-13 山公园,20190113-_D8S9837_Miless-iMac-Pro.local_Mar-12-220054-2019_Conflict,no_jpg,,data/xmp/result-2019/raw/2019.1/2019-01-13 山公园/20190113-_D8S9837_Miless-iMac-Pro.local_Mar-12-220054-2019_Conflict.xmp
False,no keywords + missing JPEG in CSV,2019,2019.1,2019-01-13 山公园,20190113-_D8S9863_Miless-iMac-Pro.local_Mar-12-220054-2019_Conflict,no_jpg,,data/xmp/result-2019/raw/2019.1/2019-01-13 山公园/20190113-_D8S9863_Miless-iMac-Pro.local_Mar-12-220054-2019_Conflict.xmp
False,no keywords + missing JPEG in CSV,2019,2019.1,2019-01-13 山公园,20190113-_D8S9871_Miless-iMac-Pro.local_Mar-12-220055-2019_Conflict,no_jpg,,data/xmp/result-2019/raw/2019.1/2019-01-13 山公园/20190113-_D8S9871_Miless-iMac-Pro.local_Mar-12-220055-2019_Conflict.xmp
False,no keywords + missing JPEG in CSV,2019,2019.1,2019-01-13 山公园,20190113-_D8S9909_Miless-iMac-Pro.local_Mar-12-220055-2019_Conflict,no_jpg,,data/xmp/result-2019/raw/2019.1/2019-01-13 山公园/20190113-_D8S9909_Miless-iMac-Pro.local_Mar-12-220055-2019_Conflict.xmp
False,no keywords + missing JPEG in CSV,2019,2019.1,2019-01-13 山公园,20190113-_D8S9911_Miless-iMac-Pro.local_Mar-12-220056-2019_Conflict,no_jpg,,data/xmp/result-2019/raw/2019.1/2019-01-13 山公园/20190113-_D8S9911_Miless-iMac-Pro.local_Mar-12-220056-2019_Conflict.xmp
False,no keywords + missing JPEG in CSV,2019,2019.1,2019-01-13 山公园,20190113-_D8S9914_Miless-iMac-Pro.local_Mar-12-220056-2019_Conflict,no_jpg,,data/xmp/result-2019/raw/2019.1/2019-01-13 山公园/20190113-_D8S9914_Miless-iMac-Pro.local_Mar-12-220056-2019_Conflict.xmp
False,no keywords + missing JPEG in CSV,2019,2019.1,2019-01-13 山公园,20190113-_D8S9915_Miless-iMac-Pro.local_Mar-12-220057-2019_Conflict,no_jpg,,data/xmp/result-2019/raw/2019.1/2019-01-13 山公园/20190113-_D8S9915_Miless-iMac-Pro.local_Mar-12-220057-2019_Conflict.xmp
False,no keywords + missing JPEG in CSV,2019,2019.1,2019-01-13 山公园,20190113-_D8S9916_Miless-iMac-Pro.local_Mar-12-220057-2019_Conflict,no_jpg,,data/xmp/result-2019/raw/2019.1/2019-01-13 山公园/20190113-_D8S9916_Miless-iMac-Pro.local_Mar-12-220057-2019_Conflict.xmp
False,no keywords + missing JPEG in CSV,2019,2019.1,2019-01-13 山公园,20190113-_D8S9917_Miless-iMac-Pro.local_Mar-12-220058-2019_Conflict,no_jpg,,data/xmp/result-2019/raw/2019.1/2019-01-13 山公园/20190113-_D8S9917_Miless-iMac-Pro.local_Mar-12-220058-2019_Conflict.xmp
False,no keywords + missing JPEG in CSV,2019,2019.1,2019-01-13 山公园,20190113-_D8S9918_Miless-iMac-Pro.local_Mar-12-220058-2019_Conflict,no_jpg,,data/xmp/result-2019/raw/2019.1/2019-01-13 山公园/20190113-_D8S9918_Miless-iMac-Pro.local_Mar-12-220058-2019_Conflict.xmp
False,no keywords + missing JPEG in CSV,2019,2019.1,2019-01-13 山公园,20190113-_D8S9919_Miless-iMac-Pro.local_Mar-12-220059-2019_Conflict,no_jpg,,data/xmp/result-2019/raw/2019.1/2019-01-13 山公园/20190113-_D8S9919_Miless-iMac-Pro.local_Mar-12-220059-2019_Conflict.xmp
False,no keywords + missing JPEG in CSV,2019,2019.1,2019-01-13 山公园,20190113-_D8S9920_Miless-iMac-Pro.local_Mar-12-220059-2019_Conflict,no_jpg,,data/xmp/result-2019/raw/2019.1/2019-01-13 山公园/20190113-_D8S9920_Miless-iMac-Pro.local_Mar-12-220059-2019_Conflict.xmp
False,no keywords + missing JPEG in CSV,2019,2019.1,2019-01-13 山公园,20190113-_D8S9924_Miless-iMac-Pro.local_Mar-12-220100-2019_Conflict,no_jpg,,data/xmp/result-2019/raw/2019.1/2019-01-13 山公园/20190113-_D8S9924_Miless-iMac-Pro.local_Mar-12-220100-2019_Conflict.xmp
False,no keywords + missing JPEG in CSV,2019,2019.1,2019-01-13 山公园,20190113-_D8S9925_Miless-iMac-Pro.local_Mar-12-220100-2019_Conflict,no_jpg,,data/xmp/result-2019/raw/2019.1/2019-01-13 山公园/20190113-_D8S9925_Miless-iMac-Pro.local_Mar-12-220100-2019_Conflict.xmp
False,no keywords + missing JPEG in CSV,2019,2019.1,2019-01-13 山公园,20190113-_D8S9948_Miless-iMac-Pro.local_Mar-12-220101-2019_Conflict,no_jpg,,data/xmp/result-2019/raw/2019.1/2019-01-13 山公园/20190113-_D8S9948_Miless-iMac-Pro.local_Mar-12-220101-2019_Conflict.xmp
False,no keywords + missing JPEG in CSV,2019,2019.1,2019-01-13 山公园,20190113-_D8S9958_Miless-iMac-Pro.local_Mar-12-220101-2019_Conflict,no_jpg,,data/xmp/result-2019/raw/2019.1/2019-01-13 山公园/20190113-_D8S9958_Miless-iMac-Pro.local_Mar-12-220101-2019_Conflict.xmp
False,no keywords + missing JPEG in CSV,2019,2019.1,2019-01-13 山公园,20190113-_D8S9962_Miless-iMac-Pro.local_Mar-12-220102-2019_Conflict,no_jpg,,data/xmp/result-2019/raw/2019.1/2019-01-13 山公园/20190113-_D8S9962_Miless-iMac-Pro.local_Mar-12-220102-2019_Conflict.xmp
False,no keywords + missing JPEG in CSV,2019,2019.1,2019-01-13 山公园,20190113-_D8S9969_Miless-iMac-Pro.local_Mar-12-220103-2019_Conflict,no_jpg,,data/xmp/result-2019/raw/2019.1/2019-01-13 山公园/20190113-_D8S9969_Miless-iMac-Pro.local_Mar-12-220103-2019_Conflict.xmp
False,no keywords + missing JPEG in CSV,2019,2019.1,2019-01-13 山公园,20190113-_D8S9983_Miless-iMac-Pro.local_Mar-12-220103-2019_Conflict,no_jpg,,data/xmp/result-2019/raw/2019.1/2019-01-13 山公园/20190113-_D8S9983_Miless-iMac-Pro.local_Mar-12-220103-2019_Conflict.xmp
False,no keywords + missing JPEG in CSV,2019,2019.1,2019-01-13 山公园,20190113-_D8S9999_Miless-iMac-Pro.local_Mar-12-220104-2019_Conflict,no_jpg,,data/xmp/result-2019/raw/2019.1/2019-01-13 山公园/20190113-_D8S9999_Miless-iMac-Pro.local_Mar-12-220104-2019_Conflict.xmp
False,no keywords + missing JPEG in CSV,2019,2019.1,2019-01-27 南北湖,_D5C0912_Miless-iMac-Pro.local_Mar-12-220231-2019_Conflict,no_jpg,,data/xmp/result-2019/raw/2019.1/2019-01-27 南北湖/_D5C0912_Miless-iMac-Pro.local_Mar-12-220231-2019_Conflict.xmp
False,no keywords + missing JPEG in CSV,2019,2019.1,2019-01-27 南北湖,_D5C0916_Miless-iMac-Pro.local_Mar-12-220231-2019_Conflict,no_jpg,,data/xmp/result-2019/raw/2019.1/2019-01-27 南北湖/_D5C0916_Miless-iMac-Pro.local_Mar-12-220231-2019_Conflict.xmp
False,no keywords + missing JPEG in CSV,2019,2019.1,2019-01-27 南北湖,_D5C0937_Miless-iMac-Pro.local_Mar-12-220231-2019_Conflict,no_jpg,,data/xmp/result-2019/raw/2019.1/2019-01-27 南北湖/_D5C0937_Miless-iMac-Pro.local_Mar-12-220231-2019_Conflict.xmp
False,no keywords + missing JPEG in CSV,2019,2019.1,2019-01-27 南北湖,_D5C0960_Miless-iMac-Pro.local_Mar-12-220232-2019_Conflict,no_jpg,,data/xmp/result-2019/raw/2019.1/2019-01-27 南北湖/_D5C0960_Miless-iMac-Pro.local_Mar-12-220232-2019_Conflict.xmp
False,no keywords + missing JPEG in CSV,2019,2019.1,2019-01-27 南北湖,_D5C0971_Miless-iMac-Pro.local_Mar-12-220233-2019_Conflict,no_jpg,,data/xmp/result-2019/raw/2019.1/2019-01-27 南北湖/_D5C0971_Miless-iMac-Pro.local_Mar-12-220233-2019_Conflict.xmp
False,no keywords + missing JPEG in CSV,2019,2019.1,2019-01-27 南北湖,_D5C0984_Miless-iMac-Pro.local_Mar-12-220233-2019_Conflict,no_jpg,,data/xmp/result-2019/raw/2019.1/2019-01-27 南北湖/_D5C0984_Miless-iMac-Pro.local_Mar-12-220233-2019_Conflict.xmp
False,no keywords + missing JPEG in CSV,2019,2019.1,2019-01-27 南北湖,_D5C0991_Miless-iMac-Pro.local_Mar-12-220234-2019_Conflict,no_jpg,,data/xmp/result-2019/raw/2019.1/2019-01-27 南北湖/_D5C0991_Miless-iMac-Pro.local_Mar-12-220234-2019_Conflict.xmp
False,no keywords + missing JPEG in CSV,2019,2019.1,2019-01-27 南北湖,_D5C0997_Miless-iMac-Pro.local_Mar-12-220234-2019_Conflict,no_jpg,,data/xmp/result-2019/raw/2019.1/2019-01-27 南北湖/_D5C0997_Miless-iMac-Pro.local_Mar-12-220234-2019_Conflict.xmp
False,no keywords + missing JPEG in CSV,2019,2019.1,2019-01-27 南北湖,_D5C1017_Miless-iMac-Pro.local_Mar-12-220235-2019_Conflict,no_jpg,,data/xmp/result-2019/raw/2019.1/2019-01-27 南北湖/_D5C1017_Miless-iMac-Pro.local_Mar-12-220235-2019_Conflict.xmp
False,no keywords + missing JPEG in CSV,2019,2019.1,2019-01-27 南北湖,_D5C1047_Miless-iMac-Pro.local_Mar-12-220235-2019_Conflict,no_jpg,,data/xmp/result-2019/raw/2019.1/2019-01-27 南北湖/_D5C1047_Miless-iMac-Pro.local_Mar-12-220235-2019_Conflict.xmp
False,no keywords + missing JPEG in CSV,2019,2019.1,2019-01-27 南北湖,_D5C1048_Miless-iMac-Pro.local_Mar-12-220236-2019_Conflict,no_jpg,,data/xmp/result-2019/raw/2019.1/2019-01-27 南北湖/_D5C1048_Miless-iMac-Pro.local_Mar-12-220236-2019_Conflict.xmp
False,no keywords + missing JPEG in CSV,2019,2019.1,2019-01-27 南北湖,_D5C1109_Miless-iMac-Pro.local_Mar-12-220236-2019_Conflict,no_jpg,,data/xmp/result-2019/raw/2019.1/2019-01-27 南北湖/_D5C1109_Miless-iMac-Pro.local_Mar-12-220236-2019_Conflict.xmp
False,no keywords + missing JPEG in CSV,2019,2019.1,2019-01-27 南北湖,_D5C1128_Miless-iMac-Pro.local_Mar-12-220237-2019_Conflict,no_jpg,,data/xmp/result-2019/raw/2019.1/2019-01-27 南北湖/_D5C1128_Miless-iMac-Pro.local_Mar-12-220237-2019_Conflict.xmp
False,no keywords + missing JPEG in CSV,2019,2019.1,2019-01-27 南北湖,_D5C1129_Miless-iMac-Pro.local_Mar-12-220237-2019_Conflict,no_jpg,,data/xmp/result-2019/raw/2019.1/2019-01-27 南北湖/_D5C1129_Miless-iMac-Pro.local_Mar-12-220237-2019_Conflict.xmp
False,no keywords + missing JPEG in CSV,2019,2019.1,2019-01-27 南北湖,_D5C1131_Miless-iMac-Pro.local_Mar-12-220238-2019_Conflict,no_jpg,,data/xmp/result-2019/raw/2019.1/2019-01-27 南北湖/_D5C1131_Miless-iMac-Pro.local_Mar-12-220238-2019_Conflict.xmp
False,no keywords + missing JPEG in CSV,2019,2019.1,2019-01-27 南北湖,_D5C1132_Miless-iMac-Pro.local_Mar-12-220238-2019_Conflict,no_jpg,,data/xmp/result-2019/raw/2019.1/2019-01-27 南北湖/_D5C1132_Miless-iMac-Pro.local_Mar-12-220238-2019_Conflict.xmp
False,no keywords + missing JPEG in CSV,2019,2019.1,2019-01-27 南北湖,_D5C1133_Miless-iMac-Pro.local_Mar-12-220239-2019_Conflict,no_jpg,,data/xmp/result-2019/raw/2019.1/2019-01-27 南北湖/_D5C1133_Miless-iMac-Pro.local_Mar-12-220239-2019_Conflict.xmp
False,no keywords + missing JPEG in CSV,2019,2019.1,2019-01-27 南北湖,_D5C1139_Miless-iMac-Pro.local_Mar-12-220239-2019_Conflict,no_jpg,,data/xmp/result-2019/raw/2019.1/2019-01-27 南北湖/_D5C1139_Miless-iMac-Pro.local_Mar-12-220239-2019_Conflict.xmp
False,no keywords + missing JPEG in CSV,2019,2019.1,2019-01-27 南北湖,_D5C1140_Miless-iMac-Pro.local_Mar-12-220240-2019_Conflict,no_jpg,,data/xmp/result-2019/raw/2019.1/2019-01-27 南北湖/_D5C1140_Miless-iMac-Pro.local_Mar-12-220240-2019_Conflict.xmp
False,no keywords + missing JPEG in CSV,2019,2019.1,2019-01-27 南北湖,_D5C1142_Miless-iMac-Pro.local_Mar-12-220240-2019_Conflict,no_jpg,,data/xmp/result-2019/raw/2019.1/2019-01-27 南北湖/_D5C1142_Miless-iMac-Pro.local_Mar-12-220240-2019_Conflict.xmp
False,no keywords + missing JPEG in CSV,2019,2019.1,2019-01-27 南北湖,_D5C1143_Miless-iMac-Pro.local_Mar-12-220241-2019_Conflict,no_jpg,,data/xmp/result-2019/raw/2019.1/2019-01-27 南北湖/_D5C1143_Miless-iMac-Pro.local_Mar-12-220241-2019_Conflict.xmp
False,no keywords + missing JPEG in CSV,2020,2020,2020-11-11 泰顺,_V9A7484,no_jpg,,data/xmp/result-2020/raw/2020/2020-11-11 泰顺/_V9A7484.xmp
False,no keywords + missing JPEG in CSV,2020,2020,2020-12-30 莫干山 郡安里,_D8S2869,no_jpg,,data/xmp/result-2020/raw/2020/2020-12-30 莫干山 郡安里/_D8S2869.xmp
False,no keywords + missing JPEG in CSV,2021,2021.7,2021-11-28 逸浦荟,_V9A5033,no_jpg,,data/xmp/result-2021/raw/2021.7/2021-11-28 逸浦荟/_V9A5033.xmp
False,no keywords + missing JPEG in CSV,2023,2023.1,2023-03-06 西溪花间堂,_Z9C5624,no_jpg,,data/xmp/result-2023/raw/2023.1/2023-03-06 西溪花间堂/_Z9C5624.xmp
False,no keywords + missing JPEG in CSV,2023,2023.1,2023-03-06 西溪花间堂,_Z9C5644,no_jpg,,data/xmp/result-2023/raw/2023.1/2023-03-06 西溪花间堂/_Z9C5644.xmp
False,no keywords + missing JPEG in CSV,2023,2023.1,2023-03-06 西溪花间堂,_Z9C5645,no_jpg,,data/xmp/result-2023/raw/2023.1/2023-03-06 西溪花间堂/_Z9C5645.xmp
False,no keywords + missing JPEG in CSV,2023,2023.1,2023-03-06 西溪花间堂,_Z9C5651,no_jpg,,data/xmp/result-2023/raw/2023.1/2023-03-06 西溪花间堂/_Z9C5651.xmp
False,no keywords + missing JPEG in CSV,2023,2023.1,2023-03-06 西溪花间堂,_Z9C5663,no_jpg,,data/xmp/result-2023/raw/2023.1/2023-03-06 西溪花间堂/_Z9C5663.xmp
False,no keywords + missing JPEG in CSV,2023,2023.1,2023-03-06 西溪花间堂,_Z9C5699,no_jpg,,data/xmp/result-2023/raw/2023.1/2023-03-06 西溪花间堂/_Z9C5699.xmp
False,no keywords + missing JPEG in CSV,2023,2023.1,2023-03-07 西溪花间堂,_Z9C5708,ambiguous,,data/xmp/result-2023/raw/2023.1/2023-03-07 西溪花间堂/_Z9C5708.xmp
False,no keywords + missing JPEG in CSV,2023,2023.1,2023-03-07 西溪花间堂,_Z9C5710,no_jpg,,data/xmp/result-2023/raw/2023.1/2023-03-07 西溪花间堂/_Z9C5710.xmp
False,no keywords + missing JPEG in CSV,2023,2023.1,2023-03-07 西溪花间堂,_Z9C5718,no_jpg,,data/xmp/result-2023/raw/2023.1/2023-03-07 西溪花间堂/_Z9C5718.xmp
False,no keywords + missing JPEG in CSV,2023,2023.1,2023-03-07 西溪花间堂,_Z9C5722,no_jpg,,data/xmp/result-2023/raw/2023.1/2023-03-07 西溪花间堂/_Z9C5722.xmp
False,no keywords + missing JPEG in CSV,2023,2023.1,2023-03-07 西溪花间堂,_Z9C5742,no_jpg,,data/xmp/result-2023/raw/2023.1/2023-03-07 西溪花间堂/_Z9C5742.xmp
False,no keywords + missing JPEG in CSV,2023,2023.1,2023-03-07 西溪花间堂,_Z9C5744,ambiguous,,data/xmp/result-2023/raw/2023.1/2023-03-07 西溪花间堂/_Z9C5744.xmp
False,no keywords + missing JPEG in CSV,2023,2023.1,2023-03-07 西溪花间堂,_Z9C5745,no_jpg,,data/xmp/result-2023/raw/2023.1/2023-03-07 西溪花间堂/_Z9C5745.xmp
False,no keywords + missing JPEG in CSV,2023,2023.1,2023-03-07 西溪花间堂,_Z9C5749,ambiguous,,data/xmp/result-2023/raw/2023.1/2023-03-07 西溪花间堂/_Z9C5749.xmp
False,no keywords + missing JPEG in CSV,2023,2023.1,2023-03-07 西溪花间堂,_Z9C5767,ambiguous,,data/xmp/result-2023/raw/2023.1/2023-03-07 西溪花间堂/_Z9C5767.xmp
False,no keywords + missing JPEG in CSV,2023,2023.1,2023-03-07 西溪花间堂,_Z9C5774,no_jpg,,data/xmp/result-2023/raw/2023.1/2023-03-07 西溪花间堂/_Z9C5774.xmp
False,no keywords + missing JPEG in CSV,2023,2023.1,2023-03-07 西溪花间堂,_Z9C5776,no_jpg,,data/xmp/result-2023/raw/2023.1/2023-03-07 西溪花间堂/_Z9C5776.xmp
False,no keywords + missing JPEG in CSV,2023,2023.1,2023-03-07 西溪花间堂,_Z9C5781,no_jpg,,data/xmp/result-2023/raw/2023.1/2023-03-07 西溪花间堂/_Z9C5781.xmp
False,no keywords + missing JPEG in CSV,2023,2023.1,2023-03-07 西溪花间堂,_Z9C5782,no_jpg,,data/xmp/result-2023/raw/2023.1/2023-03-07 西溪花间堂/_Z9C5782.xmp
False,no keywords + missing JPEG in CSV,2023,2023.1,2023-03-07 西溪花间堂,_Z9C5793,no_jpg,,data/xmp/result-2023/raw/2023.1/2023-03-07 西溪花间堂/_Z9C5793.xmp
False,no keywords + missing JPEG in CSV,2023,2023.1,2023-03-07 西溪花间堂,_Z9C5810,no_jpg,,data/xmp/result-2023/raw/2023.1/2023-03-07 西溪花间堂/_Z9C5810.xmp
False,no keywords + missing JPEG in CSV,2023,2023.1,2023-03-07 西溪花间堂,_Z9C5813,ambiguous,,data/xmp/result-2023/raw/2023.1/2023-03-07 西溪花间堂/_Z9C5813.xmp
False,no keywords + missing JPEG in CSV,2023,2023.1,2023-03-07 西溪花间堂,_Z9C5814,no_jpg,,data/xmp/result-2023/raw/2023.1/2023-03-07 西溪花间堂/_Z9C5814.xmp
False,no keywords + missing JPEG in CSV,2023,2023.1,2023-03-07 西溪花间堂,_Z9C5818,no_jpg,,data/xmp/result-2023/raw/2023.1/2023-03-07 西溪花间堂/_Z9C5818.xmp
False,no keywords + missing JPEG in CSV,2023,2023.1,2023-03-07 西溪花间堂,_Z9C5822,no_jpg,,data/xmp/result-2023/raw/2023.1/2023-03-07 西溪花间堂/_Z9C5822.xmp
False,no keywords + missing JPEG in CSV,2023,2023.1,2023-03-07 西溪花间堂,_Z9C5824,no_jpg,,data/xmp/result-2023/raw/2023.1/2023-03-07 西溪花间堂/_Z9C5824.xmp
False,no keywords + missing JPEG in CSV,2023,2023.1,2023-03-07 西溪花间堂,_Z9C5827,no_jpg,,data/xmp/result-2023/raw/2023.1/2023-03-07 西溪花间堂/_Z9C5827.xmp
False,no keywords + missing JPEG in CSV,2023,2023.1,2023-03-07 西溪花间堂,_Z9C5834,no_jpg,,data/xmp/result-2023/raw/2023.1/2023-03-07 西溪花间堂/_Z9C5834.xmp
False,no keywords + missing JPEG in CSV,2023,2023.1,2023-03-07 西溪花间堂,_Z9C5837,no_jpg,,data/xmp/result-2023/raw/2023.1/2023-03-07 西溪花间堂/_Z9C5837.xmp
False,no keywords + missing JPEG in CSV,2023,2023.1,2023-03-07 西溪花间堂,_Z9C5844,no_jpg,,data/xmp/result-2023/raw/2023.1/2023-03-07 西溪花间堂/_Z9C5844.xmp
False,no keywords + missing JPEG in CSV,2023,2023.1,2023-03-07 西溪花间堂,_Z9C5850,no_jpg,,data/xmp/result-2023/raw/2023.1/2023-03-07 西溪花间堂/_Z9C5850.xmp
False,no keywords + missing JPEG in CSV,2023,2023.1,2023-03-07 西溪花间堂,_Z9C5857,ambiguous,,data/xmp/result-2023/raw/2023.1/2023-03-07 西溪花间堂/_Z9C5857.xmp
False,no keywords + missing JPEG in CSV,2023,2023.1,2023-03-07 西溪花间堂,_Z9C5870,no_jpg,,data/xmp/result-2023/raw/2023.1/2023-03-07 西溪花间堂/_Z9C5870.xmp
False,no keywords + missing JPEG in CSV,2023,2023.1,2023-03-07 西溪花间堂,_Z9C5879,no_jpg,,data/xmp/result-2023/raw/2023.1/2023-03-07 西溪花间堂/_Z9C5879.xmp
False,no keywords + missing JPEG in CSV,2023,2023.1,2023-03-07 西溪花间堂,_Z9C5882,no_jpg,,data/xmp/result-2023/raw/2023.1/2023-03-07 西溪花间堂/_Z9C5882.xmp
False,no keywords + missing JPEG in CSV,2023,2023.1,2023-03-07 西溪花间堂,_Z9C5886,no_jpg,,data/xmp/result-2023/raw/2023.1/2023-03-07 西溪花间堂/_Z9C5886.xmp
False,no keywords + missing JPEG in CSV,2023,2023.1,2023-03-07 西溪花间堂,_Z9C5894,no_jpg,,data/xmp/result-2023/raw/2023.1/2023-03-07 西溪花间堂/_Z9C5894.xmp
False,no keywords + missing JPEG in CSV,2023,2023.1,2023-03-07 西溪花间堂,_Z9C5898,no_jpg,,data/xmp/result-2023/raw/2023.1/2023-03-07 西溪花间堂/_Z9C5898.xmp
False,no keywords + missing JPEG in CSV,2023,2023.1,2023-03-07 西溪花间堂,_Z9C5920,no_jpg,,data/xmp/result-2023/raw/2023.1/2023-03-07 西溪花间堂/_Z9C5920.xmp
False,no keywords + missing JPEG in CSV,2023,2023.1,2023-03-07 西溪花间堂,_Z9C5928,no_jpg,,data/xmp/result-2023/raw/2023.1/2023-03-07 西溪花间堂/_Z9C5928.xmp
False,no keywords + missing JPEG in CSV,2023,2023.1,2023-03-07 西溪花间堂,_Z9C5932,ambiguous,,data/xmp/result-2023/raw/2023.1/2023-03-07 西溪花间堂/_Z9C5932.xmp
False,no keywords + missing JPEG in CSV,2023,2023.1,2023-03-07 西溪花间堂,_Z9C5954,no_jpg,,data/xmp/result-2023/raw/2023.1/2023-03-07 西溪花间堂/_Z9C5954.xmp
False,no keywords + missing JPEG in CSV,2023,2023.1,2023-03-07 西溪花间堂,_Z9C5957,no_jpg,,data/xmp/result-2023/raw/2023.1/2023-03-07 西溪花间堂/_Z9C5957.xmp
False,no keywords + missing JPEG in CSV,2023,2023.1,2023-03-07 西溪花间堂,_Z9C5976,no_jpg,,data/xmp/result-2023/raw/2023.1/2023-03-07 西溪花间堂/_Z9C5976.xmp
False,no keywords + missing JPEG in CSV,2023,2023.1,2023-03-07 西溪花间堂,_Z9C5995,no_jpg,,data/xmp/result-2023/raw/2023.1/2023-03-07 西溪花间堂/_Z9C5995.xmp
False,no keywords + missing JPEG in CSV,2023,2023.1,2023-03-07 西溪花间堂,_Z9C5998,ambiguous,,data/xmp/result-2023/raw/2023.1/2023-03-07 西溪花间堂/_Z9C5998.xmp
False,no keywords + missing JPEG in CSV,2023,2023.1,2023-03-07 西溪花间堂,_Z9C6012,no_jpg,,data/xmp/result-2023/raw/2023.1/2023-03-07 西溪花间堂/_Z9C6012.xmp
False,no keywords + missing JPEG in CSV,2023,2023.1,2023-03-07 西溪花间堂,_Z9C6016,no_jpg,,data/xmp/result-2023/raw/2023.1/2023-03-07 西溪花间堂/_Z9C6016.xmp
False,no keywords + missing JPEG in CSV,2023,2023.1,2023-03-07 西溪花间堂,_Z9C6061,no_jpg,,data/xmp/result-2023/raw/2023.1/2023-03-07 西溪花间堂/_Z9C6061.xmp
False,no keywords + missing JPEG in CSV,2023,2023.1,2023-03-07 西溪花间堂,_Z9C6068,no_jpg,,data/xmp/result-2023/raw/2023.1/2023-03-07 西溪花间堂/_Z9C6068.xmp
False,no keywords + missing JPEG in CSV,2023,2023.1,2023-03-07 西溪花间堂,_Z9C6071,ambiguous,,data/xmp/result-2023/raw/2023.1/2023-03-07 西溪花间堂/_Z9C6071.xmp
False,no keywords + missing JPEG in CSV,2023,2023.1,2023-03-07 西溪花间堂,_Z9C6072,no_jpg,,data/xmp/result-2023/raw/2023.1/2023-03-07 西溪花间堂/_Z9C6072.xmp
False,no keywords + missing JPEG in CSV,2023,2023.1,2023-03-07 西溪花间堂,_Z9C6074,no_jpg,,data/xmp/result-2023/raw/2023.1/2023-03-07 西溪花间堂/_Z9C6074.xmp
False,no keywords + missing JPEG in CSV,2023,2023.1,2023-03-09 西湖国宾馆,_D5D6417,ambiguous,,data/xmp/result-2023/raw/2023.1/2023-03-09 西湖国宾馆/_D5D6417.xmp
False,no keywords + missing JPEG in CSV,2023,2023.1,2023-03-09 西湖国宾馆,_D5D6426,no_jpg,,data/xmp/result-2023/raw/2023.1/2023-03-09 西湖国宾馆/_D5D6426.xmp
False,no keywords + missing JPEG in CSV,2023,2023.1,2023-03-09 西湖国宾馆,_D5D6514,off_folder_cross_year,,data/xmp/result-2023/raw/2023.1/2023-03-09 西湖国宾馆/_D5D6514.xmp
False,no keywords + missing JPEG in CSV,2023,2023.1,2023-03-09 西湖国宾馆,_D5D6523,no_jpg,,data/xmp/result-2023/raw/2023.1/2023-03-09 西湖国宾馆/_D5D6523.xmp
False,no keywords + missing JPEG in CSV,2023,2023.1,2023-03-09 西湖国宾馆,_D5D6524,off_folder_cross_year,,data/xmp/result-2023/raw/2023.1/2023-03-09 西湖国宾馆/_D5D6524.xmp
False,no keywords + missing JPEG in CSV,2023,2023.1,2023-03-09 西湖国宾馆,_D5D6536,no_jpg,,data/xmp/result-2023/raw/2023.1/2023-03-09 西湖国宾馆/_D5D6536.xmp
False,no keywords + missing JPEG in CSV,2023,2023.1,2023-03-09 西湖国宾馆,_D5D6539,off_folder_cross_year,,data/xmp/result-2023/raw/2023.1/2023-03-09 西湖国宾馆/_D5D6539.xmp
False,no keywords + missing JPEG in CSV,2023,2023.1,2023-03-09 西湖国宾馆,_D5D6581,no_jpg,,data/xmp/result-2023/raw/2023.1/2023-03-09 西湖国宾馆/_D5D6581.xmp
False,no keywords + missing JPEG in CSV,2023,2023.1,2023-03-09 西湖国宾馆,_D5D6601,off_folder_cross_year,,data/xmp/result-2023/raw/2023.1/2023-03-09 西湖国宾馆/_D5D6601.xmp
False,no keywords + missing JPEG in CSV,2023,2023.1,2023-03-09 西湖国宾馆,_D5D6619,no_jpg,,data/xmp/result-2023/raw/2023.1/2023-03-09 西湖国宾馆/_D5D6619.xmp
False,no keywords + missing JPEG in CSV,2023,2023.1,2023-03-09 西湖国宾馆,_D5D6636,ambiguous,,data/xmp/result-2023/raw/2023.1/2023-03-09 西湖国宾馆/_D5D6636.xmp
False,no keywords + missing JPEG in CSV,2023,2023.1,2023-03-09 西湖国宾馆,_Z9C6219,no_jpg,,data/xmp/result-2023/raw/2023.1/2023-03-09 西湖国宾馆/_Z9C6219.xmp
False,no keywords + missing JPEG in CSV,2023,2023.1,2023-03-09 西湖国宾馆,_Z9C6228,no_jpg,,data/xmp/result-2023/raw/2023.1/2023-03-09 西湖国宾馆/_Z9C6228.xmp
False,no keywords + missing JPEG in CSV,2023,2023.1,2023-03-09 西湖国宾馆,_Z9C6231,no_jpg,,data/xmp/result-2023/raw/2023.1/2023-03-09 西湖国宾馆/_Z9C6231.xmp
False,no keywords + missing JPEG in CSV,2023,2023.1,2023-03-09 西湖国宾馆,_Z9C6235,no_jpg,,data/xmp/result-2023/raw/2023.1/2023-03-09 西湖国宾馆/_Z9C6235.xmp
False,no keywords + missing JPEG in CSV,2023,2023.1,2023-03-09 西湖国宾馆,_Z9C6236,no_jpg,,data/xmp/result-2023/raw/2023.1/2023-03-09 西湖国宾馆/_Z9C6236.xmp
False,no keywords + missing JPEG in CSV,2023,2023.1,2023-03-09 西湖国宾馆,_Z9C6237,no_jpg,,data/xmp/result-2023/raw/2023.1/2023-03-09 西湖国宾馆/_Z9C6237.xmp
False,no keywords + missing JPEG in CSV,2023,2023.1,2023-03-09 西湖国宾馆,_Z9C6238,no_jpg,,data/xmp/result-2023/raw/2023.1/2023-03-09 西湖国宾馆/_Z9C6238.xmp
False,no keywords + missing JPEG in CSV,2023,2023.1,2023-03-09 西湖国宾馆,_Z9C6243,no_jpg,,data/xmp/result-2023/raw/2023.1/2023-03-09 西湖国宾馆/_Z9C6243.xmp
False,no keywords + missing JPEG in CSV,2023,2023.1,2023-03-09 西湖国宾馆,_Z9C6246,no_jpg,,data/xmp/result-2023/raw/2023.1/2023-03-09 西湖国宾馆/_Z9C6246.xmp
False,no keywords + missing JPEG in CSV,2023,2023.1,2023-03-09 西湖国宾馆,_Z9C6249,no_jpg,,data/xmp/result-2023/raw/2023.1/2023-03-09 西湖国宾馆/_Z9C6249.xmp
False,no keywords + missing JPEG in CSV,2023,2023.1,2023-03-09 西湖国宾馆,_Z9C6254,no_jpg,,data/xmp/result-2023/raw/2023.1/2023-03-09 西湖国宾馆/_Z9C6254.xmp
False,no keywords + missing JPEG in CSV,2023,2023.1,2023-03-09 西湖国宾馆,_Z9C6258,no_jpg,,data/xmp/result-2023/raw/2023.1/2023-03-09 西湖国宾馆/_Z9C6258.xmp
False,no keywords + missing JPEG in CSV,2023,2023.1,2023-03-09 西湖国宾馆,_Z9C6259,no_jpg,,data/xmp/result-2023/raw/2023.1/2023-03-09 西湖国宾馆/_Z9C6259.xmp
False,no keywords + missing JPEG in CSV,2023,2023.1,2023-03-09 西湖国宾馆,_Z9C6265,no_jpg,,data/xmp/result-2023/raw/2023.1/2023-03-09 西湖国宾馆/_Z9C6265.xmp
False,no keywords + missing JPEG in CSV,2023,2023.1,2023-03-09 西湖国宾馆,_Z9C6267,no_jpg,,data/xmp/result-2023/raw/2023.1/2023-03-09 西湖国宾馆/_Z9C6267.xmp
False,no keywords + missing JPEG in CSV,2023,2023.1,2023-03-09 西湖国宾馆,_Z9C6269,no_jpg,,data/xmp/result-2023/raw/2023.1/2023-03-09 西湖国宾馆/_Z9C6269.xmp
False,no keywords + missing JPEG in CSV,2023,2023.1,2023-03-09 西湖国宾馆,_Z9C6270,no_jpg,,data/xmp/result-2023/raw/2023.1/2023-03-09 西湖国宾馆/_Z9C6270.xmp
False,no keywords + missing JPEG in CSV,2023,2023.1,2023-03-09 西湖国宾馆,_Z9C6272,no_jpg,,data/xmp/result-2023/raw/2023.1/2023-03-09 西湖国宾馆/_Z9C6272.xmp
False,no keywords + missing JPEG in CSV,2023,2023.1,2023-03-09 西湖国宾馆,_Z9C6273,no_jpg,,data/xmp/result-2023/raw/2023.1/2023-03-09 西湖国宾馆/_Z9C6273.xmp
False,no keywords + missing JPEG in CSV,2023,2023.1,2023-03-09 西湖国宾馆,_Z9C6274,no_jpg,,data/xmp/result-2023/raw/2023.1/2023-03-09 西湖国宾馆/_Z9C6274.xmp
False,no keywords + missing JPEG in CSV,2023,2023.1,2023-03-09 西湖国宾馆,_Z9C6275,no_jpg,,data/xmp/result-2023/raw/2023.1/2023-03-09 西湖国宾馆/_Z9C6275.xmp
False,no keywords + missing JPEG in CSV,2023,2023.1,2023-03-09 西湖国宾馆,_Z9C6278,no_jpg,,data/xmp/result-2023/raw/2023.1/2023-03-09 西湖国宾馆/_Z9C6278.xmp
False,no keywords + missing JPEG in CSV,2023,2023.1,2023-03-09 西湖国宾馆,_Z9C6285,no_jpg,,data/xmp/result-2023/raw/2023.1/2023-03-09 西湖国宾馆/_Z9C6285.xmp
False,no keywords + missing JPEG in CSV,2023,2023.1,2023-03-09 西湖国宾馆,_Z9C6291,no_jpg,,data/xmp/result-2023/raw/2023.1/2023-03-09 西湖国宾馆/_Z9C6291.xmp
False,no keywords + missing JPEG in CSV,2023,2023.1,2023-03-09 西湖国宾馆,_Z9C6295,no_jpg,,data/xmp/result-2023/raw/2023.1/2023-03-09 西湖国宾馆/_Z9C6295.xmp
False,no keywords + missing JPEG in CSV,2023,2023.1,2023-03-09 西湖国宾馆,_Z9C6298,ambiguous,,data/xmp/result-2023/raw/2023.1/2023-03-09 西湖国宾馆/_Z9C6298.xmp
False,no keywords + missing JPEG in CSV,2023,2023.1,2023-03-09 西湖国宾馆,_Z9C6299,no_jpg,,data/xmp/result-2023/raw/2023.1/2023-03-09 西湖国宾馆/_Z9C6299.xmp
False,no keywords + missing JPEG in CSV,2023,2023.1,2023-03-09 西湖国宾馆,_Z9C6303,no_jpg,,data/xmp/result-2023/raw/2023.1/2023-03-09 西湖国宾馆/_Z9C6303.xmp
False,no keywords + missing JPEG in CSV,2023,2023.1,2023-03-09 西湖国宾馆,_Z9C6308,no_jpg,,data/xmp/result-2023/raw/2023.1/2023-03-09 西湖国宾馆/_Z9C6308.xmp
False,no keywords + missing JPEG in CSV,2023,2023.1,2023-03-09 西湖国宾馆,_Z9C6319,no_jpg,,data/xmp/result-2023/raw/2023.1/2023-03-09 西湖国宾馆/_Z9C6319.xmp
False,no keywords + missing JPEG in CSV,2023,2023.1,2023-03-09 西湖国宾馆,_Z9C6320,ambiguous,,data/xmp/result-2023/raw/2023.1/2023-03-09 西湖国宾馆/_Z9C6320.xmp
False,no keywords + missing JPEG in CSV,2023,2023.1,2023-03-09 西湖国宾馆,_Z9C6330,no_jpg,,data/xmp/result-2023/raw/2023.1/2023-03-09 西湖国宾馆/_Z9C6330.xmp
False,no keywords + missing JPEG in CSV,2023,2023.1,2023-03-09 西湖国宾馆,_Z9C6333,no_jpg,,data/xmp/result-2023/raw/2023.1/2023-03-09 西湖国宾馆/_Z9C6333.xmp
False,no keywords + missing JPEG in CSV,2023,2023.1,2023-03-09 西湖国宾馆,_Z9C6441,no_jpg,,data/xmp/result-2023/raw/2023.1/2023-03-09 西湖国宾馆/_Z9C6441.xmp
False,no keywords + missing JPEG in CSV,2023,2023.1,2023-03-10 西湖国宾馆,_D5D6681,no_jpg,,data/xmp/result-2023/raw/2023.1/2023-03-10 西湖国宾馆/_D5D6681.xmp
False,no keywords + missing JPEG in CSV,2023,2023.1,2023-03-10 西湖国宾馆,_D5D6717,no_jpg,,data/xmp/result-2023/raw/2023.1/2023-03-10 西湖国宾馆/_D5D6717.xmp
False,no keywords + missing JPEG in CSV,2023,2023.1,2023-03-10 西湖国宾馆,_D5D6750,no_jpg,,data/xmp/result-2023/raw/2023.1/2023-03-10 西湖国宾馆/_D5D6750.xmp
False,no keywords + missing JPEG in CSV,2023,2023.1,2023-03-10 西湖国宾馆,_D5D6762,off_folder_cross_year,,data/xmp/result-2023/raw/2023.1/2023-03-10 西湖国宾馆/_D5D6762.xmp
False,no keywords + missing JPEG in CSV,2023,2023.1,2023-03-10 西湖国宾馆,_Z9C6517,no_jpg,,data/xmp/result-2023/raw/2023.1/2023-03-10 西湖国宾馆/_Z9C6517.xmp
False,no keywords + missing JPEG in CSV,2023,2023.1,2023-03-10 西湖国宾馆,_Z9C6538,no_jpg,,data/xmp/result-2023/raw/2023.1/2023-03-10 西湖国宾馆/_Z9C6538.xmp
False,no keywords + missing JPEG in CSV,2023,2023.1,2023-03-10 西湖国宾馆,_Z9C6558,no_jpg,,data/xmp/result-2023/raw/2023.1/2023-03-10 西湖国宾馆/_Z9C6558.xmp
False,no keywords + missing JPEG in CSV,2023,2023.1,2023-03-10 西湖国宾馆,_Z9C6561,no_jpg,,data/xmp/result-2023/raw/2023.1/2023-03-10 西湖国宾馆/_Z9C6561.xmp
False,no keywords + missing JPEG in CSV,2023,2023.1,2023-03-13 瓯飞集团,_D5D6773,no_jpg,,data/xmp/result-2023/raw/2023.1/2023-03-13 瓯飞集团/_D5D6773.xmp
False,no keywords + missing JPEG in CSV,2023,2023.1,2023-03-13 瓯飞集团,_D5D6898,no_jpg,,data/xmp/result-2023/raw/2023.1/2023-03-13 瓯飞集团/_D5D6898.xmp
False,no keywords + missing JPEG in CSV,2023,2023.1,2023-03-13 瓯飞集团,_D5D6913,no_jpg,,data/xmp/result-2023/raw/2023.1/2023-03-13 瓯飞集团/_D5D6913.xmp
False,no keywords + missing JPEG in CSV,2023,2023.1,2023-03-13 瓯飞集团,_D5D6940,no_jpg,,data/xmp/result-2023/raw/2023.1/2023-03-13 瓯飞集团/_D5D6940.xmp
False,no keywords + missing JPEG in CSV,2023,2023.1,2023-03-13 瓯飞集团,_D5D7103,no_jpg,,data/xmp/result-2023/raw/2023.1/2023-03-13 瓯飞集团/_D5D7103.xmp
False,no keywords + missing JPEG in CSV,2023,2023.1,2023-03-13 瓯飞集团,_D5D7142,no_jpg,,data/xmp/result-2023/raw/2023.1/2023-03-13 瓯飞集团/_D5D7142.xmp
False,no keywords + missing JPEG in CSV,2023,2023.1,2023-03-13 瓯飞集团,_D5D7151,no_jpg,,data/xmp/result-2023/raw/2023.1/2023-03-13 瓯飞集团/_D5D7151.xmp
False,no keywords + missing JPEG in CSV,2023,2023.1,2023-03-13 瓯飞集团,_D5D7164,no_jpg,,data/xmp/result-2023/raw/2023.1/2023-03-13 瓯飞集团/_D5D7164.xmp
False,no keywords + missing JPEG in CSV,2023,2023.1,2023-03-13 瓯飞集团,_D5D7232,no_jpg,,data/xmp/result-2023/raw/2023.1/2023-03-13 瓯飞集团/_D5D7232.xmp
False,no keywords + missing JPEG in CSV,2023,2023.1,2023-03-13 瓯飞集团,_D5D7255,no_jpg,,data/xmp/result-2023/raw/2023.1/2023-03-13 瓯飞集团/_D5D7255.xmp
False,no keywords + missing JPEG in CSV,2023,2023.1,2023-03-13 瓯飞集团,_D5D7257,no_jpg,,data/xmp/result-2023/raw/2023.1/2023-03-13 瓯飞集团/_D5D7257.xmp
False,no keywords + missing JPEG in CSV,2023,2023.1,2023-03-13 瓯飞集团,_D5D7311,no_jpg,,data/xmp/result-2023/raw/2023.1/2023-03-13 瓯飞集团/_D5D7311.xmp
False,no keywords + missing JPEG in CSV,2023,2023.1,2023-03-13 瓯飞集团,_D5D7315,ambiguous,,data/xmp/result-2023/raw/2023.1/2023-03-13 瓯飞集团/_D5D7315.xmp
False,no keywords + missing JPEG in CSV,2023,2023.1,2023-03-13 瓯飞集团,_D5D7350,no_jpg,,data/xmp/result-2023/raw/2023.1/2023-03-13 瓯飞集团/_D5D7350.xmp
False,no keywords + missing JPEG in CSV,2023,2023.1,2023-03-13 瓯飞集团,_D5D7391,no_jpg,,data/xmp/result-2023/raw/2023.1/2023-03-13 瓯飞集团/_D5D7391.xmp
False,no keywords + missing JPEG in CSV,2023,2023.1,2023-03-13 瓯飞集团,_D5D7436,no_jpg,,data/xmp/result-2023/raw/2023.1/2023-03-13 瓯飞集团/_D5D7436.xmp
False,no keywords + missing JPEG in CSV,2023,2023.1,2023-03-13 瓯飞集团,_Z9C6591,no_jpg,,data/xmp/result-2023/raw/2023.1/2023-03-13 瓯飞集团/_Z9C6591.xmp
False,no keywords + missing JPEG in CSV,2023,2023.1,2023-03-13 瓯飞集团,_Z9C6627,no_jpg,,data/xmp/result-2023/raw/2023.1/2023-03-13 瓯飞集团/_Z9C6627.xmp
False,no keywords + missing JPEG in CSV,2023,2023.1,2023-03-13 瓯飞集团,_Z9C6636,no_jpg,,data/xmp/result-2023/raw/2023.1/2023-03-13 瓯飞集团/_Z9C6636.xmp
False,no keywords + missing JPEG in CSV,2023,2023.1,2023-03-13 瓯飞集团,_Z9C6647,no_jpg,,data/xmp/result-2023/raw/2023.1/2023-03-13 瓯飞集团/_Z9C6647.xmp
False,no keywords + missing JPEG in CSV,2023,2023.1,2023-03-13 瓯飞集团,_Z9C6654,no_jpg,,data/xmp/result-2023/raw/2023.1/2023-03-13 瓯飞集团/_Z9C6654.xmp
False,no keywords + missing JPEG in CSV,2023,2023.1,2023-03-13 瓯飞集团,_Z9C6716,no_jpg,,data/xmp/result-2023/raw/2023.1/2023-03-13 瓯飞集团/_Z9C6716.xmp
False,no keywords + missing JPEG in CSV,2023,2023.1,2023-03-13 瓯飞集团,_Z9C6736,no_jpg,,data/xmp/result-2023/raw/2023.1/2023-03-13 瓯飞集团/_Z9C6736.xmp
False,no keywords + missing JPEG in CSV,2023,2023.1,2023-03-13 瓯飞集团,_Z9C6744,no_jpg,,data/xmp/result-2023/raw/2023.1/2023-03-13 瓯飞集团/_Z9C6744.xmp
False,no keywords + missing JPEG in CSV,2023,2023.1,2023-03-13 瓯飞集团,_Z9C6755,no_jpg,,data/xmp/result-2023/raw/2023.1/2023-03-13 瓯飞集团/_Z9C6755.xmp
False,no keywords + missing JPEG in CSV,2023,2023.1,2023-03-13 瓯飞集团,_Z9C6862,no_jpg,,data/xmp/result-2023/raw/2023.1/2023-03-13 瓯飞集团/_Z9C6862.xmp
False,no keywords + missing JPEG in CSV,2023,2023.1,2023-03-26 锦江&花园饭店,_Z9C7128,no_jpg,,data/xmp/result-2023/raw/2023.1/2023-03-26 锦江&花园饭店/_Z9C7128.xmp
False,no keywords + missing JPEG in CSV,2023,2023.1,2023-03-26 锦江&花园饭店,_Z9C7134,no_jpg,,data/xmp/result-2023/raw/2023.1/2023-03-26 锦江&花园饭店/_Z9C7134.xmp
False,no keywords + missing JPEG in CSV,2023,2023.1,2023-03-26 锦江&花园饭店,_Z9C7145,no_jpg,,data/xmp/result-2023/raw/2023.1/2023-03-26 锦江&花园饭店/_Z9C7145.xmp
False,no keywords + missing JPEG in CSV,2023,2023.1,2023-03-26 锦江&花园饭店,_Z9C7150,no_jpg,,data/xmp/result-2023/raw/2023.1/2023-03-26 锦江&花园饭店/_Z9C7150.xmp
False,no keywords + missing JPEG in CSV,2023,2023.1,2023-03-26 锦江&花园饭店,_Z9C7160,no_jpg,,data/xmp/result-2023/raw/2023.1/2023-03-26 锦江&花园饭店/_Z9C7160.xmp
False,no keywords + missing JPEG in CSV,2023,2023.1,2023-03-26 锦江&花园饭店,_Z9C7161,ambiguous,,data/xmp/result-2023/raw/2023.1/2023-03-26 锦江&花园饭店/_Z9C7161.xmp
False,no keywords + missing JPEG in CSV,2023,2023.1,2023-03-26 锦江&花园饭店,_Z9C7171,no_jpg,,data/xmp/result-2023/raw/2023.1/2023-03-26 锦江&花园饭店/_Z9C7171.xmp
False,no keywords + missing JPEG in CSV,2023,2023.1,2023-03-26 锦江&花园饭店,_Z9C7175,no_jpg,,data/xmp/result-2023/raw/2023.1/2023-03-26 锦江&花园饭店/_Z9C7175.xmp
False,no keywords + missing JPEG in CSV,2023,2023.1,2023-03-26 锦江&花园饭店,_Z9C7177,no_jpg,,data/xmp/result-2023/raw/2023.1/2023-03-26 锦江&花园饭店/_Z9C7177.xmp
False,no keywords + missing JPEG in CSV,2023,2023.1,2023-03-26 锦江&花园饭店,_Z9C7178,no_jpg,,data/xmp/result-2023/raw/2023.1/2023-03-26 锦江&花园饭店/_Z9C7178.xmp
False,no keywords + missing JPEG in CSV,2023,2023.1,2023-03-27 美术馆&前滩,_Z9C7181,no_jpg,,data/xmp/result-2023/raw/2023.1/2023-03-27 美术馆&前滩/_Z9C7181.xmp
False,no keywords + missing JPEG in CSV,2023,2023.1,2023-03-27 美术馆&前滩,_Z9C7185,no_jpg,,data/xmp/result-2023/raw/2023.1/2023-03-27 美术馆&前滩/_Z9C7185.xmp
False,no keywords + missing JPEG in CSV,2023,2023.1,2023-03-27 美术馆&前滩,_Z9C7186,no_jpg,,data/xmp/result-2023/raw/2023.1/2023-03-27 美术馆&前滩/_Z9C7186.xmp
False,no keywords + missing JPEG in CSV,2023,2023.1,2023-03-27 美术馆&前滩,_Z9C7187,no_jpg,,data/xmp/result-2023/raw/2023.1/2023-03-27 美术馆&前滩/_Z9C7187.xmp
False,no keywords + missing JPEG in CSV,2023,2023.1,2023-03-27 美术馆&前滩,_Z9C7190,no_jpg,,data/xmp/result-2023/raw/2023.1/2023-03-27 美术馆&前滩/_Z9C7190.xmp
False,no keywords + missing JPEG in CSV,2023,2023.1,2023-03-27 美术馆&前滩,_Z9C7211,no_jpg,,data/xmp/result-2023/raw/2023.1/2023-03-27 美术馆&前滩/_Z9C7211.xmp
False,no keywords + missing JPEG in CSV,2023,2023.1,2023-03-27 美术馆&前滩,_Z9C7213,no_jpg,,data/xmp/result-2023/raw/2023.1/2023-03-27 美术馆&前滩/_Z9C7213.xmp
False,no keywords + missing JPEG in CSV,2023,2023.1,2023-03-27 美术馆&前滩,_Z9C7275,no_jpg,,data/xmp/result-2023/raw/2023.1/2023-03-27 美术馆&前滩/_Z9C7275.xmp
False,no keywords + missing JPEG in CSV,2023,2023.1,2023-03-27 美术馆&前滩,_Z9C7282,no_jpg,,data/xmp/result-2023/raw/2023.1/2023-03-27 美术馆&前滩/_Z9C7282.xmp
False,no keywords + missing JPEG in CSV,2023,2023.1,2023-03-27 美术馆&前滩,_Z9C7287,ambiguous,,data/xmp/result-2023/raw/2023.1/2023-03-27 美术馆&前滩/_Z9C7287.xmp
False,no keywords + missing JPEG in CSV,2023,2023.1,2023-03-27 美术馆&前滩,_Z9C7291,ambiguous,,data/xmp/result-2023/raw/2023.1/2023-03-27 美术馆&前滩/_Z9C7291.xmp
False,no keywords + missing JPEG in CSV,2023,2023.1,2023-03-27 美术馆&前滩,_Z9C7294,no_jpg,,data/xmp/result-2023/raw/2023.1/2023-03-27 美术馆&前滩/_Z9C7294.xmp
False,no keywords + missing JPEG in CSV,2023,2023.1,2023-03-27 美术馆&前滩,_Z9C7295,no_jpg,,data/xmp/result-2023/raw/2023.1/2023-03-27 美术馆&前滩/_Z9C7295.xmp
False,no keywords + missing JPEG in CSV,2023,2023.1,2023-03-27 美术馆&前滩,_Z9C7307,no_jpg,,data/xmp/result-2023/raw/2023.1/2023-03-27 美术馆&前滩/_Z9C7307.xmp
False,no keywords + missing JPEG in CSV,2023,2023.1,2023-03-27 美术馆&前滩,_Z9C7313,no_jpg,,data/xmp/result-2023/raw/2023.1/2023-03-27 美术馆&前滩/_Z9C7313.xmp
False,no keywords + missing JPEG in CSV,2023,2023.1,2023-03-27 美术馆&前滩,_Z9C7316,no_jpg,,data/xmp/result-2023/raw/2023.1/2023-03-27 美术馆&前滩/_Z9C7316.xmp
False,no keywords + missing JPEG in CSV,2023,2023.1,2023-03-27 美术馆&前滩,_Z9C7318,ambiguous,,data/xmp/result-2023/raw/2023.1/2023-03-27 美术馆&前滩/_Z9C7318.xmp
False,no keywords + missing JPEG in CSV,2023,2023.1,2023-03-27 美术馆&前滩,_Z9C7323,no_jpg,,data/xmp/result-2023/raw/2023.1/2023-03-27 美术馆&前滩/_Z9C7323.xmp
False,no keywords + missing JPEG in CSV,2023,2023.1,2023-03-27 美术馆&前滩,_Z9C7324,ambiguous,,data/xmp/result-2023/raw/2023.1/2023-03-27 美术馆&前滩/_Z9C7324.xmp
False,no keywords + missing JPEG in CSV,2023,2023.1,2023-03-27 美术馆&前滩,_Z9C7327,no_jpg,,data/xmp/result-2023/raw/2023.1/2023-03-27 美术馆&前滩/_Z9C7327.xmp
False,no keywords + missing JPEG in CSV,2023,2023.1,2023-03-27 美术馆&前滩,_Z9C7331,no_jpg,,data/xmp/result-2023/raw/2023.1/2023-03-27 美术馆&前滩/_Z9C7331.xmp
False,no keywords + missing JPEG in CSV,2023,2023.1,2023-03-27 美术馆&前滩,_Z9C7333,ambiguous,,data/xmp/result-2023/raw/2023.1/2023-03-27 美术馆&前滩/_Z9C7333.xmp
False,no keywords + missing JPEG in CSV,2023,2023.1,2023-03-27 美术馆&前滩,_Z9C7336,ambiguous,,data/xmp/result-2023/raw/2023.1/2023-03-27 美术馆&前滩/_Z9C7336.xmp
False,no keywords + missing JPEG in CSV,2023,2023.1,2023-03-27 美术馆&前滩,_Z9C7337,ambiguous,,data/xmp/result-2023/raw/2023.1/2023-03-27 美术馆&前滩/_Z9C7337.xmp
False,no keywords + missing JPEG in CSV,2023,2023.1,2023-03-27 美术馆&前滩,_Z9C7338,ambiguous,,data/xmp/result-2023/raw/2023.1/2023-03-27 美术馆&前滩/_Z9C7338.xmp
False,no keywords + missing JPEG in CSV,2023,2023.1,2023-03-27 美术馆&前滩,_Z9C7339,ambiguous,,data/xmp/result-2023/raw/2023.1/2023-03-27 美术馆&前滩/_Z9C7339.xmp
False,no keywords + missing JPEG in CSV,2023,2023.1,2023-03-27 美术馆&前滩,_Z9C7341,no_jpg,,data/xmp/result-2023/raw/2023.1/2023-03-27 美术馆&前滩/_Z9C7341.xmp
False,no keywords + missing JPEG in CSV,2023,2023.1,2023-03-27 美术馆&前滩,_Z9C7343,ambiguous,,data/xmp/result-2023/raw/2023.1/2023-03-27 美术馆&前滩/_Z9C7343.xmp
False,no keywords + missing JPEG in CSV,2023,2023.1,2023-03-27 美术馆&前滩,_Z9C7347,ambiguous,,data/xmp/result-2023/raw/2023.1/2023-03-27 美术馆&前滩/_Z9C7347.xmp
False,no keywords + missing JPEG in CSV,2023,2023.1,2023-03-27 美术馆&前滩,_Z9C7348,ambiguous,,data/xmp/result-2023/raw/2023.1/2023-03-27 美术馆&前滩/_Z9C7348.xmp
False,no keywords + missing JPEG in CSV,2023,2023.1,2023-03-27 美术馆&前滩,_Z9C7353,ambiguous,,data/xmp/result-2023/raw/2023.1/2023-03-27 美术馆&前滩/_Z9C7353.xmp
False,no keywords + missing JPEG in CSV,2023,2023.1,2023-03-27 美术馆&前滩,_Z9C7355,no_jpg,,data/xmp/result-2023/raw/2023.1/2023-03-27 美术馆&前滩/_Z9C7355.xmp
False,no keywords + missing JPEG in CSV,2023,2023.1,2023-03-27 美术馆&前滩,_Z9C7370,no_jpg,,data/xmp/result-2023/raw/2023.1/2023-03-27 美术馆&前滩/_Z9C7370.xmp
False,no keywords + missing JPEG in CSV,2023,2023.1,2023-03-27 美术馆&前滩,_Z9C7373,ambiguous,,data/xmp/result-2023/raw/2023.1/2023-03-27 美术馆&前滩/_Z9C7373.xmp
False,no keywords + missing JPEG in CSV,2023,2023.1,2023-03-27 美术馆&前滩,_Z9C7384,no_jpg,,data/xmp/result-2023/raw/2023.1/2023-03-27 美术馆&前滩/_Z9C7384.xmp
False,no keywords + missing JPEG in CSV,2023,2023.1,2023-03-27 美术馆&前滩,_Z9C7387,no_jpg,,data/xmp/result-2023/raw/2023.1/2023-03-27 美术馆&前滩/_Z9C7387.xmp
False,no keywords + missing JPEG in CSV,2023,2023.1,2023-03-27 美术馆&前滩,_Z9C7395,no_jpg,,data/xmp/result-2023/raw/2023.1/2023-03-27 美术馆&前滩/_Z9C7395.xmp
False,no keywords + missing JPEG in CSV,2023,2023.1,2023-03-27 美术馆&前滩,_Z9C7399,no_jpg,,data/xmp/result-2023/raw/2023.1/2023-03-27 美术馆&前滩/_Z9C7399.xmp
False,no keywords + missing JPEG in CSV,2023,2023.1,2023-04-10 奉贤,_D5D7551,no_jpg,,data/xmp/result-2023/raw/2023.1/2023-04-10 奉贤/_D5D7551.xmp
False,no keywords + missing JPEG in CSV,2023,2023.1,2023-04-10 奉贤,_D5D7694,no_jpg,,data/xmp/result-2023/raw/2023.1/2023-04-10 奉贤/_D5D7694.xmp
False,no keywords + missing JPEG in CSV,2023,2023.1,2023-04-10 奉贤,_D5D7860,ambiguous,,data/xmp/result-2023/raw/2023.1/2023-04-10 奉贤/_D5D7860.xmp
False,no keywords + missing JPEG in CSV,2023,2023.1,2023-04-10 奉贤,_D5D7871,no_jpg,,data/xmp/result-2023/raw/2023.1/2023-04-10 奉贤/_D5D7871.xmp
False,no keywords + missing JPEG in CSV,2023,2023.1,2023-04-10 奉贤,_D5D7872,no_jpg,,data/xmp/result-2023/raw/2023.1/2023-04-10 奉贤/_D5D7872.xmp
False,no keywords + missing JPEG in CSV,2023,2023.1,2023-04-10 奉贤,_D5D7979,no_jpg,,data/xmp/result-2023/raw/2023.1/2023-04-10 奉贤/_D5D7979.xmp
False,no keywords + missing JPEG in CSV,2023,2023.1,2023-04-10 青溪古镇,_Z9C7446,no_jpg,,data/xmp/result-2023/raw/2023.1/2023-04-10 青溪古镇/_Z9C7446.xmp
False,no keywords + missing JPEG in CSV,2023,2023.1,2023-04-10 青溪古镇,_Z9C7451,ambiguous,,data/xmp/result-2023/raw/2023.1/2023-04-10 青溪古镇/_Z9C7451.xmp
False,no keywords + missing JPEG in CSV,2023,2023.1,2023-04-10 青溪古镇,_Z9C7458,ambiguous,,data/xmp/result-2023/raw/2023.1/2023-04-10 青溪古镇/_Z9C7458.xmp
False,no keywords + missing JPEG in CSV,2023,2023.1,2023-04-10 青溪古镇,_Z9C7459,ambiguous,,data/xmp/result-2023/raw/2023.1/2023-04-10 青溪古镇/_Z9C7459.xmp
False,no keywords + missing JPEG in CSV,2023,2023.1,2023-04-10 青溪古镇,_Z9C7498,no_jpg,,data/xmp/result-2023/raw/2023.1/2023-04-10 青溪古镇/_Z9C7498.xmp
False,no keywords + missing JPEG in CSV,2023,2023.1,2023-04-10 青溪古镇,_Z9C7508,no_jpg,,data/xmp/result-2023/raw/2023.1/2023-04-10 青溪古镇/_Z9C7508.xmp
False,no keywords + missing JPEG in CSV,2023,2023.1,2023-04-10 青溪古镇,_Z9C7509,no_jpg,,data/xmp/result-2023/raw/2023.1/2023-04-10 青溪古镇/_Z9C7509.xmp
False,no keywords + missing JPEG in CSV,2023,2023.1,2023-04-10 青溪古镇,_Z9C7516,no_jpg,,data/xmp/result-2023/raw/2023.1/2023-04-10 青溪古镇/_Z9C7516.xmp
False,no keywords + missing JPEG in CSV,2023,2023.1,2023-04-10 青溪古镇,_Z9C7517,ambiguous,,data/xmp/result-2023/raw/2023.1/2023-04-10 青溪古镇/_Z9C7517.xmp
False,no keywords + missing JPEG in CSV,2023,2023.1,2023-04-10 青溪古镇,_Z9C7602,no_jpg,,data/xmp/result-2023/raw/2023.1/2023-04-10 青溪古镇/_Z9C7602.xmp
False,no keywords + missing JPEG in CSV,2023,2023.1,2023-04-10 青溪古镇,_Z9C7656,no_jpg,,data/xmp/result-2023/raw/2023.1/2023-04-10 青溪古镇/_Z9C7656.xmp
False,no keywords + missing JPEG in CSV,2023,2023.1,2023-05-09 富春山居,_V9A0980,no_jpg,,data/xmp/result-2023/raw/2023.1/2023-05-09 富春山居/_V9A0980.xmp
False,no keywords + missing JPEG in CSV,2023,2023.1,2023-05-09 富春山居,_V9A0986,no_jpg,,data/xmp/result-2023/raw/2023.1/2023-05-09 富春山居/_V9A0986.xmp
False,no keywords + missing JPEG in CSV,2023,2023.1,2023-05-09 富春山居,_V9A0994,no_jpg,,data/xmp/result-2023/raw/2023.1/2023-05-09 富春山居/_V9A0994.xmp
False,no keywords + missing JPEG in CSV,2023,2023.1,2023-05-09 富春山居,_V9A0996,no_jpg,,data/xmp/result-2023/raw/2023.1/2023-05-09 富春山居/_V9A0996.xmp
False,no keywords + missing JPEG in CSV,2023,2023.1,2023-05-09 富春山居,_V9A1014,no_jpg,,data/xmp/result-2023/raw/2023.1/2023-05-09 富春山居/_V9A1014.xmp
False,no keywords + missing JPEG in CSV,2023,2023.1,2023-05-09 富春山居,_V9A1015,no_jpg,,data/xmp/result-2023/raw/2023.1/2023-05-09 富春山居/_V9A1015.xmp
False,no keywords + missing JPEG in CSV,2023,2023.1,2023-05-09 富春山居,_V9A1026,no_jpg,,data/xmp/result-2023/raw/2023.1/2023-05-09 富春山居/_V9A1026.xmp
False,no keywords + missing JPEG in CSV,2023,2023.1,2023-05-09 富春山居,_V9A1027,no_jpg,,data/xmp/result-2023/raw/2023.1/2023-05-09 富春山居/_V9A1027.xmp
False,no keywords + missing JPEG in CSV,2023,2023.1,2023-05-09 富春山居,_Z9C7660,ambiguous,,data/xmp/result-2023/raw/2023.1/2023-05-09 富春山居/_Z9C7660.xmp
False,no keywords + missing JPEG in CSV,2023,2023.1,2023-05-09 富春山居,_Z9C7680,no_jpg,,data/xmp/result-2023/raw/2023.1/2023-05-09 富春山居/_Z9C7680.xmp
False,no keywords + missing JPEG in CSV,2023,2023.1,2023-05-09 富春山居,_Z9C7681,no_jpg,,data/xmp/result-2023/raw/2023.1/2023-05-09 富春山居/_Z9C7681.xmp
False,no keywords + missing JPEG in CSV,2023,2023.1,2023-05-09 富春山居,_Z9C7682,ambiguous,,data/xmp/result-2023/raw/2023.1/2023-05-09 富春山居/_Z9C7682.xmp
False,no keywords + missing JPEG in CSV,2023,2023.1,2023-05-09 富春山居,_Z9C7683,ambiguous,,data/xmp/result-2023/raw/2023.1/2023-05-09 富春山居/_Z9C7683.xmp
False,no keywords + missing JPEG in CSV,2023,2023.1,2023-05-09 富春山居,_Z9C7684,no_jpg,,data/xmp/result-2023/raw/2023.1/2023-05-09 富春山居/_Z9C7684.xmp
False,no keywords + missing JPEG in CSV,2023,2023.1,2023-05-09 富春山居,_Z9C7685,ambiguous,,data/xmp/result-2023/raw/2023.1/2023-05-09 富春山居/_Z9C7685.xmp
False,no keywords + missing JPEG in CSV,2023,2023.1,2023-05-09 富春山居,_Z9C7686,no_jpg,,data/xmp/result-2023/raw/2023.1/2023-05-09 富春山居/_Z9C7686.xmp
False,no keywords + missing JPEG in CSV,2023,2023.1,2023-05-09 富春山居,_Z9C7694,no_jpg,,data/xmp/result-2023/raw/2023.1/2023-05-09 富春山居/_Z9C7694.xmp
False,no keywords + missing JPEG in CSV,2023,2023.1,2023-05-09 富春山居,_Z9C7695,ambiguous,,data/xmp/result-2023/raw/2023.1/2023-05-09 富春山居/_Z9C7695.xmp
False,no keywords + missing JPEG in CSV,2023,2023.1,2023-05-09 富春山居,_Z9C7699,no_jpg,,data/xmp/result-2023/raw/2023.1/2023-05-09 富春山居/_Z9C7699.xmp
False,no keywords + missing JPEG in CSV,2023,2023.1,2023-05-09 富春山居,_Z9C7706,ambiguous,,data/xmp/result-2023/raw/2023.1/2023-05-09 富春山居/_Z9C7706.xmp
False,no keywords + missing JPEG in CSV,2023,2023.1,2023-05-09 富春山居,_Z9C7707,ambiguous,,data/xmp/result-2023/raw/2023.1/2023-05-09 富春山居/_Z9C7707.xmp
False,no keywords + missing JPEG in CSV,2023,2023.1,2023-05-09 富春山居,_Z9C7709,no_jpg,,data/xmp/result-2023/raw/2023.1/2023-05-09 富春山居/_Z9C7709.xmp
False,no keywords + missing JPEG in CSV,2023,2023.1,2023-05-09 富春山居,_Z9C7711,no_jpg,,data/xmp/result-2023/raw/2023.1/2023-05-09 富春山居/_Z9C7711.xmp
False,no keywords + missing JPEG in CSV,2023,2023.1,2023-05-09 富春山居,_Z9C7712,no_jpg,,data/xmp/result-2023/raw/2023.1/2023-05-09 富春山居/_Z9C7712.xmp
False,no keywords + missing JPEG in CSV,2023,2023.1,2023-05-09 富春山居,_Z9C7716,no_jpg,,data/xmp/result-2023/raw/2023.1/2023-05-09 富春山居/_Z9C7716.xmp
False,no keywords + missing JPEG in CSV,2023,2023.1,2023-05-09 富春山居,_Z9C7718,no_jpg,,data/xmp/result-2023/raw/2023.1/2023-05-09 富春山居/_Z9C7718.xmp
False,no keywords + missing JPEG in CSV,2023,2023.1,2023-05-09 富春山居,_Z9C7723,no_jpg,,data/xmp/result-2023/raw/2023.1/2023-05-09 富春山居/_Z9C7723.xmp
False,no keywords + missing JPEG in CSV,2023,2023.1,2023-05-09 富春山居,_Z9C7724,no_jpg,,data/xmp/result-2023/raw/2023.1/2023-05-09 富春山居/_Z9C7724.xmp
False,no keywords + missing JPEG in CSV,2023,2023.1,2023-05-09 富春山居,_Z9C7725,no_jpg,,data/xmp/result-2023/raw/2023.1/2023-05-09 富春山居/_Z9C7725.xmp
False,no keywords + missing JPEG in CSV,2023,2023.1,2023-05-09 富春山居,_Z9C7726,no_jpg,,data/xmp/result-2023/raw/2023.1/2023-05-09 富春山居/_Z9C7726.xmp
False,no keywords + missing JPEG in CSV,2023,2023.1,2023-05-09 富春山居,_Z9C7727,no_jpg,,data/xmp/result-2023/raw/2023.1/2023-05-09 富春山居/_Z9C7727.xmp
False,no keywords + missing JPEG in CSV,2023,2023.1,2023-05-09 富春山居,_Z9C7728,no_jpg,,data/xmp/result-2023/raw/2023.1/2023-05-09 富春山居/_Z9C7728.xmp
False,no keywords + missing JPEG in CSV,2023,2023.1,2023-05-09 富春山居,_Z9C7731,no_jpg,,data/xmp/result-2023/raw/2023.1/2023-05-09 富春山居/_Z9C7731.xmp
False,no keywords + missing JPEG in CSV,2023,2023.1,2023-05-09 富春山居,_Z9C7736,ambiguous,,data/xmp/result-2023/raw/2023.1/2023-05-09 富春山居/_Z9C7736.xmp
False,no keywords + missing JPEG in CSV,2023,2023.1,2023-05-09 富春山居,_Z9C7739,ambiguous,,data/xmp/result-2023/raw/2023.1/2023-05-09 富春山居/_Z9C7739.xmp
False,no keywords + missing JPEG in CSV,2023,2023.1,2023-05-09 富春山居,_Z9C7744,no_jpg,,data/xmp/result-2023/raw/2023.1/2023-05-09 富春山居/_Z9C7744.xmp
False,no keywords + missing JPEG in CSV,2023,2023.1,2023-05-09 富春山居,_Z9C7746,no_jpg,,data/xmp/result-2023/raw/2023.1/2023-05-09 富春山居/_Z9C7746.xmp
False,no keywords + missing JPEG in CSV,2023,2023.1,2023-05-09 富春山居,_Z9C7747,ambiguous,,data/xmp/result-2023/raw/2023.1/2023-05-09 富春山居/_Z9C7747.xmp
False,no keywords + missing JPEG in CSV,2023,2023.1,2023-05-09 富春山居,_Z9C7748,ambiguous,,data/xmp/result-2023/raw/2023.1/2023-05-09 富春山居/_Z9C7748.xmp
False,no keywords + missing JPEG in CSV,2023,2023.1,2023-05-09 富春山居,_Z9C7752,no_jpg,,data/xmp/result-2023/raw/2023.1/2023-05-09 富春山居/_Z9C7752.xmp
False,no keywords + missing JPEG in CSV,2023,2023.1,2023-05-09 富春山居,_Z9C7756,ambiguous,,data/xmp/result-2023/raw/2023.1/2023-05-09 富春山居/_Z9C7756.xmp
False,no keywords + missing JPEG in CSV,2023,2023.1,2023-05-09 富春山居,_Z9C7762,ambiguous,,data/xmp/result-2023/raw/2023.1/2023-05-09 富春山居/_Z9C7762.xmp
False,no keywords + missing JPEG in CSV,2023,2023.1,2023-05-09 富春山居,_Z9C7764,no_jpg,,data/xmp/result-2023/raw/2023.1/2023-05-09 富春山居/_Z9C7764.xmp
False,no keywords + missing JPEG in CSV,2023,2023.1,2023-05-09 富春山居,_Z9C7766,no_jpg,,data/xmp/result-2023/raw/2023.1/2023-05-09 富春山居/_Z9C7766.xmp
False,no keywords + missing JPEG in CSV,2023,2023.1,2023-05-09 富春山居,_Z9C7770,no_jpg,,data/xmp/result-2023/raw/2023.1/2023-05-09 富春山居/_Z9C7770.xmp
False,no keywords + missing JPEG in CSV,2023,2023.1,2023-05-09 富春山居,_Z9C7771,no_jpg,,data/xmp/result-2023/raw/2023.1/2023-05-09 富春山居/_Z9C7771.xmp
False,no keywords + missing JPEG in CSV,2023,2023.1,2023-05-09 富春山居,_Z9C7772,no_jpg,,data/xmp/result-2023/raw/2023.1/2023-05-09 富春山居/_Z9C7772.xmp
False,no keywords + missing JPEG in CSV,2023,2023.1,2023-05-09 富春山居,_Z9C7776,no_jpg,,data/xmp/result-2023/raw/2023.1/2023-05-09 富春山居/_Z9C7776.xmp
False,no keywords + missing JPEG in CSV,2023,2023.1,2023-05-09 富春山居,_Z9C7779,no_jpg,,data/xmp/result-2023/raw/2023.1/2023-05-09 富春山居/_Z9C7779.xmp
False,no keywords + missing JPEG in CSV,2023,2023.1,2023-05-09 富春山居,_Z9C7783,ambiguous,,data/xmp/result-2023/raw/2023.1/2023-05-09 富春山居/_Z9C7783.xmp
False,no keywords + missing JPEG in CSV,2023,2023.1,2023-05-09 富春山居,_Z9C7785,no_jpg,,data/xmp/result-2023/raw/2023.1/2023-05-09 富春山居/_Z9C7785.xmp
False,no keywords + missing JPEG in CSV,2023,2023.1,2023-05-09 富春山居,_Z9C7787,no_jpg,,data/xmp/result-2023/raw/2023.1/2023-05-09 富春山居/_Z9C7787.xmp
False,no keywords + missing JPEG in CSV,2023,2023.1,2023-05-09 富春山居,_Z9C7788,ambiguous,,data/xmp/result-2023/raw/2023.1/2023-05-09 富春山居/_Z9C7788.xmp
False,no keywords + missing JPEG in CSV,2023,2023.1,2023-05-09 富春山居,_Z9C7789,no_jpg,,data/xmp/result-2023/raw/2023.1/2023-05-09 富春山居/_Z9C7789.xmp
False,no keywords + missing JPEG in CSV,2023,2023.1,2023-05-09 富春山居,_Z9C7792,no_jpg,,data/xmp/result-2023/raw/2023.1/2023-05-09 富春山居/_Z9C7792.xmp
False,no keywords + missing JPEG in CSV,2023,2023.1,2023-05-09 富春山居,_Z9C7795,no_jpg,,data/xmp/result-2023/raw/2023.1/2023-05-09 富春山居/_Z9C7795.xmp
False,no keywords + missing JPEG in CSV,2023,2023.1,2023-05-09 富春山居,_Z9C7796,no_jpg,,data/xmp/result-2023/raw/2023.1/2023-05-09 富春山居/_Z9C7796.xmp
False,no keywords + missing JPEG in CSV,2023,2023.1,2023-05-09 富春山居 旅拍,IMG_3230,no_jpg,,data/xmp/result-2023/raw/2023.1/2023-05-09 富春山居 旅拍/IMG_3230.xmp
False,no keywords + missing JPEG in CSV,2023,2023.1,2023-05-09 富春山居 旅拍,IMG_3238,no_jpg,,data/xmp/result-2023/raw/2023.1/2023-05-09 富春山居 旅拍/IMG_3238.xmp
False,no keywords + missing JPEG in CSV,2023,2023.1,2023-05-09 富春山居 旅拍,IMG_3241,no_jpg,,data/xmp/result-2023/raw/2023.1/2023-05-09 富春山居 旅拍/IMG_3241.xmp
False,no keywords + missing JPEG in CSV,2023,2023.1,2023-05-09 富春山居 旅拍,IMG_3245,no_jpg,,data/xmp/result-2023/raw/2023.1/2023-05-09 富春山居 旅拍/IMG_3245.xmp
False,no keywords + missing JPEG in CSV,2023,2023.1,2023-05-09 富春山居 旅拍,IMG_3252,no_jpg,,data/xmp/result-2023/raw/2023.1/2023-05-09 富春山居 旅拍/IMG_3252.xmp
False,no keywords + missing JPEG in CSV,2023,2023.1,2023-05-09 富春山居 旅拍,IMG_3253,no_jpg,,data/xmp/result-2023/raw/2023.1/2023-05-09 富春山居 旅拍/IMG_3253.xmp
False,no keywords + missing JPEG in CSV,2023,2023.1,2023-05-09 富春山居 旅拍,IMG_3313,ambiguous,,data/xmp/result-2023/raw/2023.1/2023-05-09 富春山居 旅拍/IMG_3313.xmp
False,no keywords + missing JPEG in CSV,2023,2023.1,2023-05-13 苏州 平江路,_V9A1042,no_jpg,,data/xmp/result-2023/raw/2023.1/2023-05-13 苏州 平江路/_V9A1042.xmp
False,no keywords + missing JPEG in CSV,2023,2023.1,2023-05-13 苏州 平江路,_V9A1043,no_jpg,,data/xmp/result-2023/raw/2023.1/2023-05-13 苏州 平江路/_V9A1043.xmp
False,no keywords + missing JPEG in CSV,2023,2023.1,2023-05-13 苏州 平江路,_V9A1045,no_jpg,,data/xmp/result-2023/raw/2023.1/2023-05-13 苏州 平江路/_V9A1045.xmp
False,no keywords + missing JPEG in CSV,2023,2023.1,2023-05-13 苏州 平江路,_V9A1046,no_jpg,,data/xmp/result-2023/raw/2023.1/2023-05-13 苏州 平江路/_V9A1046.xmp
False,no keywords + missing JPEG in CSV,2023,2023.1,2023-05-13 苏州 平江路,_V9A1047,no_jpg,,data/xmp/result-2023/raw/2023.1/2023-05-13 苏州 平江路/_V9A1047.xmp
False,no keywords + missing JPEG in CSV,2023,2023.1,2023-05-13 苏州 平江路,_V9A1049,no_jpg,,data/xmp/result-2023/raw/2023.1/2023-05-13 苏州 平江路/_V9A1049.xmp
False,no keywords + missing JPEG in CSV,2023,2023.1,2023-05-13 苏州 平江路,_V9A1052,no_jpg,,data/xmp/result-2023/raw/2023.1/2023-05-13 苏州 平江路/_V9A1052.xmp
False,no keywords + missing JPEG in CSV,2023,2023.1,2023-05-13 苏州 平江路,_V9A1054,no_jpg,,data/xmp/result-2023/raw/2023.1/2023-05-13 苏州 平江路/_V9A1054.xmp
False,no keywords + missing JPEG in CSV,2023,2023.1,2023-05-13 苏州 平江路,_V9A1055,no_jpg,,data/xmp/result-2023/raw/2023.1/2023-05-13 苏州 平江路/_V9A1055.xmp
False,no keywords + missing JPEG in CSV,2023,2023.1,2023-05-13 苏州 平江路,_V9A1056,no_jpg,,data/xmp/result-2023/raw/2023.1/2023-05-13 苏州 平江路/_V9A1056.xmp
False,no keywords + missing JPEG in CSV,2023,2023.1,2023-05-13 苏州 平江路,_V9A1058,no_jpg,,data/xmp/result-2023/raw/2023.1/2023-05-13 苏州 平江路/_V9A1058.xmp
False,no keywords + missing JPEG in CSV,2023,2023.1,2023-05-13 苏州 平江路,_V9A1061,no_jpg,,data/xmp/result-2023/raw/2023.1/2023-05-13 苏州 平江路/_V9A1061.xmp
False,no keywords + missing JPEG in CSV,2023,2023.1,2023-05-13 苏州 平江路,_V9A1063,no_jpg,,data/xmp/result-2023/raw/2023.1/2023-05-13 苏州 平江路/_V9A1063.xmp
False,no keywords + missing JPEG in CSV,2023,2023.1,2023-05-13 苏州 平江路,_V9A1064,no_jpg,,data/xmp/result-2023/raw/2023.1/2023-05-13 苏州 平江路/_V9A1064.xmp
False,no keywords + missing JPEG in CSV,2023,2023.1,2023-05-13 苏州 平江路,_V9A1066,no_jpg,,data/xmp/result-2023/raw/2023.1/2023-05-13 苏州 平江路/_V9A1066.xmp
False,no keywords + missing JPEG in CSV,2023,2023.1,2023-05-13 苏州 平江路,_V9A1069,no_jpg,,data/xmp/result-2023/raw/2023.1/2023-05-13 苏州 平江路/_V9A1069.xmp
False,no keywords + missing JPEG in CSV,2023,2023.1,2023-05-13 苏州 平江路,_V9A1073,no_jpg,,data/xmp/result-2023/raw/2023.1/2023-05-13 苏州 平江路/_V9A1073.xmp
False,no keywords + missing JPEG in CSV,2023,2023.1,2023-05-13 苏州 平江路,_V9A1076,no_jpg,,data/xmp/result-2023/raw/2023.1/2023-05-13 苏州 平江路/_V9A1076.xmp
False,no keywords + missing JPEG in CSV,2023,2023.1,2023-05-13 苏州 平江路,_V9A1078,no_jpg,,data/xmp/result-2023/raw/2023.1/2023-05-13 苏州 平江路/_V9A1078.xmp
False,no keywords + missing JPEG in CSV,2023,2023.1,2023-05-13 苏州 平江路,_V9A1081,no_jpg,,data/xmp/result-2023/raw/2023.1/2023-05-13 苏州 平江路/_V9A1081.xmp
False,no keywords + missing JPEG in CSV,2023,2023.1,2023-05-13 苏州 平江路,_V9A1082,no_jpg,,data/xmp/result-2023/raw/2023.1/2023-05-13 苏州 平江路/_V9A1082.xmp
False,no keywords + missing JPEG in CSV,2023,2023.1,2023-05-13 苏州 平江路,_V9A1085,no_jpg,,data/xmp/result-2023/raw/2023.1/2023-05-13 苏州 平江路/_V9A1085.xmp
False,no keywords + missing JPEG in CSV,2023,2023.1,2023-05-13 苏州 平江路,_V9A1092,no_jpg,,data/xmp/result-2023/raw/2023.1/2023-05-13 苏州 平江路/_V9A1092.xmp
False,no keywords + missing JPEG in CSV,2023,2023.1,2023-05-13 苏州 平江路,_V9A1094,no_jpg,,data/xmp/result-2023/raw/2023.1/2023-05-13 苏州 平江路/_V9A1094.xmp
False,no keywords + missing JPEG in CSV,2023,2023.1,2023-05-13 苏州 平江路,_V9A1096,no_jpg,,data/xmp/result-2023/raw/2023.1/2023-05-13 苏州 平江路/_V9A1096.xmp
False,no keywords + missing JPEG in CSV,2023,2023.1,2023-05-13 苏州 平江路,_V9A1099,no_jpg,,data/xmp/result-2023/raw/2023.1/2023-05-13 苏州 平江路/_V9A1099.xmp
False,no keywords + missing JPEG in CSV,2023,2023.1,2023-05-13 苏州 平江路,_V9A1101,no_jpg,,data/xmp/result-2023/raw/2023.1/2023-05-13 苏州 平江路/_V9A1101.xmp
False,no keywords + missing JPEG in CSV,2023,2023.1,2023-05-13 苏州 平江路,_V9A1105,no_jpg,,data/xmp/result-2023/raw/2023.1/2023-05-13 苏州 平江路/_V9A1105.xmp
False,no keywords + missing JPEG in CSV,2023,2023.1,2023-05-13 苏州 平江路,_V9A1108,no_jpg,,data/xmp/result-2023/raw/2023.1/2023-05-13 苏州 平江路/_V9A1108.xmp
False,no keywords + missing JPEG in CSV,2023,2023.1,2023-05-13 苏州 平江路,_V9A1109,no_jpg,,data/xmp/result-2023/raw/2023.1/2023-05-13 苏州 平江路/_V9A1109.xmp
False,no keywords + missing JPEG in CSV,2023,2023.1,2023-05-13 苏州 平江路,_V9A1114,no_jpg,,data/xmp/result-2023/raw/2023.1/2023-05-13 苏州 平江路/_V9A1114.xmp
False,no keywords + missing JPEG in CSV,2023,2023.1,2023-05-13 苏州 平江路,_V9A1116,no_jpg,,data/xmp/result-2023/raw/2023.1/2023-05-13 苏州 平江路/_V9A1116.xmp
False,no keywords + missing JPEG in CSV,2023,2023.1,2023-05-13 苏州 平江路,_V9A1118,no_jpg,,data/xmp/result-2023/raw/2023.1/2023-05-13 苏州 平江路/_V9A1118.xmp
False,no keywords + missing JPEG in CSV,2023,2023.1,2023-05-13 苏州 平江路,_V9A1120,no_jpg,,data/xmp/result-2023/raw/2023.1/2023-05-13 苏州 平江路/_V9A1120.xmp
False,no keywords + missing JPEG in CSV,2023,2023.1,2023-05-13 苏州 平江路,_V9A1121,no_jpg,,data/xmp/result-2023/raw/2023.1/2023-05-13 苏州 平江路/_V9A1121.xmp
False,no keywords + missing JPEG in CSV,2023,2023.1,2023-05-13 苏州 平江路,_V9A1122,no_jpg,,data/xmp/result-2023/raw/2023.1/2023-05-13 苏州 平江路/_V9A1122.xmp
False,no keywords + missing JPEG in CSV,2023,2023.1,2023-05-21 自行车赛,_Z9C8013,no_jpg,,data/xmp/result-2023/raw/2023.1/2023-05-21 自行车赛/_Z9C8013.xmp
False,no keywords + missing JPEG in CSV,2023,2023.1,2023-05-21 自行车赛,_Z9C8070,no_jpg,,data/xmp/result-2023/raw/2023.1/2023-05-21 自行车赛/_Z9C8070.xmp
False,no keywords + missing JPEG in CSV,2023,2023.1,2023-05-21 自行车赛,_Z9C8261,no_jpg,,data/xmp/result-2023/raw/2023.1/2023-05-21 自行车赛/_Z9C8261.xmp
False,no keywords + missing JPEG in CSV,2023,2023.1,2023-05-21 自行车赛,_Z9C8315,no_jpg,,data/xmp/result-2023/raw/2023.1/2023-05-21 自行车赛/_Z9C8315.xmp
False,no keywords + missing JPEG in CSV,2023,2023.1,2023-05-21 自行车赛,_Z9C8609,ambiguous,,data/xmp/result-2023/raw/2023.1/2023-05-21 自行车赛/_Z9C8609.xmp
False,no keywords + missing JPEG in CSV,2023,2023.1,2023-05-21 自行车赛,_Z9C8635,ambiguous,,data/xmp/result-2023/raw/2023.1/2023-05-21 自行车赛/_Z9C8635.xmp
False,no keywords + missing JPEG in CSV,2023,2023.1,2023-05-21 自行车赛,_Z9C8713,ambiguous,,data/xmp/result-2023/raw/2023.1/2023-05-21 自行车赛/_Z9C8713.xmp
False,no keywords + missing JPEG in CSV,2023,2023.1,2023-05-21 自行车赛,_Z9C8739,no_jpg,,data/xmp/result-2023/raw/2023.1/2023-05-21 自行车赛/_Z9C8739.xmp
False,no keywords + missing JPEG in CSV,2023,2023.1,2023-05-21 自行车赛,_Z9C8750,ambiguous,,data/xmp/result-2023/raw/2023.1/2023-05-21 自行车赛/_Z9C8750.xmp
False,no keywords + missing JPEG in CSV,2023,2023.1,2023-05-21 自行车赛,_Z9C8769,no_jpg,,data/xmp/result-2023/raw/2023.1/2023-05-21 自行车赛/_Z9C8769.xmp
False,no keywords + missing JPEG in CSV,2023,2023.1,2023-05-21 自行车赛,_Z9C8770,ambiguous,,data/xmp/result-2023/raw/2023.1/2023-05-21 自行车赛/_Z9C8770.xmp
False,no keywords + missing JPEG in CSV,2023,2023.1,2023-05-21 自行车赛,_Z9C8788,no_jpg,,data/xmp/result-2023/raw/2023.1/2023-05-21 自行车赛/_Z9C8788.xmp
False,no keywords + missing JPEG in CSV,2023,2023.1,2023-05-21 自行车赛,_Z9C8827,no_jpg,,data/xmp/result-2023/raw/2023.1/2023-05-21 自行车赛/_Z9C8827.xmp
False,no keywords + missing JPEG in CSV,2023,2023.1,2023-05-21 自行车赛,_Z9C8833,ambiguous,,data/xmp/result-2023/raw/2023.1/2023-05-21 自行车赛/_Z9C8833.xmp
False,no keywords + missing JPEG in CSV,2023,2023.1,2023-05-21 自行车赛,_Z9C8880,ambiguous,,data/xmp/result-2023/raw/2023.1/2023-05-21 自行车赛/_Z9C8880.xmp
False,no keywords + missing JPEG in CSV,2023,2023.1,2023-05-21 自行车赛,_Z9C8906,no_jpg,,data/xmp/result-2023/raw/2023.1/2023-05-21 自行车赛/_Z9C8906.xmp
False,no keywords + missing JPEG in CSV,2023,2023.1,2023-05-21 自行车赛,_Z9C8924,ambiguous,,data/xmp/result-2023/raw/2023.1/2023-05-21 自行车赛/_Z9C8924.xmp
False,no keywords + missing JPEG in CSV,2023,2023.1,2023-06-06 一尺花园,_Z9C9062,no_jpg,,data/xmp/result-2023/raw/2023.1/2023-06-06 一尺花园/_Z9C9062.xmp
False,no keywords + missing JPEG in CSV,2023,2023.1,2023-06-06 一尺花园,_Z9C9064,ambiguous,,data/xmp/result-2023/raw/2023.1/2023-06-06 一尺花园/_Z9C9064.xmp
False,no keywords + missing JPEG in CSV,2023,2023.1,2023-06-06 一尺花园,_Z9C9066,ambiguous,,data/xmp/result-2023/raw/2023.1/2023-06-06 一尺花园/_Z9C9066.xmp
False,no keywords + missing JPEG in CSV,2023,2023.1,2023-06-06 一尺花园,_Z9C9069,no_jpg,,data/xmp/result-2023/raw/2023.1/2023-06-06 一尺花园/_Z9C9069.xmp
False,no keywords + missing JPEG in CSV,2023,2023.1,2023-06-06 一尺花园,_Z9C9071,no_jpg,,data/xmp/result-2023/raw/2023.1/2023-06-06 一尺花园/_Z9C9071.xmp
False,no keywords + missing JPEG in CSV,2023,2023.1,2023-06-06 一尺花园,_Z9C9075,ambiguous,,data/xmp/result-2023/raw/2023.1/2023-06-06 一尺花园/_Z9C9075.xmp
False,no keywords + missing JPEG in CSV,2023,2023.1,2023-06-06 一尺花园,_Z9C9086,no_jpg,,data/xmp/result-2023/raw/2023.1/2023-06-06 一尺花园/_Z9C9086.xmp
False,no keywords + missing JPEG in CSV,2023,2023.1,2023-06-06 一尺花园,_Z9C9089,no_jpg,,data/xmp/result-2023/raw/2023.1/2023-06-06 一尺花园/_Z9C9089.xmp
False,no keywords + missing JPEG in CSV,2023,2023.1,2023-06-06 一尺花园,_Z9C9104,no_jpg,,data/xmp/result-2023/raw/2023.1/2023-06-06 一尺花园/_Z9C9104.xmp
False,no keywords + missing JPEG in CSV,2023,2023.1,2023-06-06 一尺花园,_Z9C9129,no_jpg,,data/xmp/result-2023/raw/2023.1/2023-06-06 一尺花园/_Z9C9129.xmp
False,no keywords + missing JPEG in CSV,2023,2023.1,2023-06-06 一尺花园,_Z9C9132,no_jpg,,data/xmp/result-2023/raw/2023.1/2023-06-06 一尺花园/_Z9C9132.xmp
False,no keywords + missing JPEG in CSV,2023,2023.1,2023-06-06 一尺花园,_Z9C9139,no_jpg,,data/xmp/result-2023/raw/2023.1/2023-06-06 一尺花园/_Z9C9139.xmp
False,no keywords + missing JPEG in CSV,2023,2023.1,2023-06-06 一尺花园,_Z9C9142,no_jpg,,data/xmp/result-2023/raw/2023.1/2023-06-06 一尺花园/_Z9C9142.xmp
False,no keywords + missing JPEG in CSV,2023,2023.1,2023-06-06 一尺花园,_Z9C9147,no_jpg,,data/xmp/result-2023/raw/2023.1/2023-06-06 一尺花园/_Z9C9147.xmp
False,no keywords + missing JPEG in CSV,2023,2023.1,2023-06-06 一尺花园,_Z9C9149,no_jpg,,data/xmp/result-2023/raw/2023.1/2023-06-06 一尺花园/_Z9C9149.xmp
False,no keywords + missing JPEG in CSV,2023,2023.1,2023-06-06 一尺花园,_Z9C9150,no_jpg,,data/xmp/result-2023/raw/2023.1/2023-06-06 一尺花园/_Z9C9150.xmp
False,no keywords + missing JPEG in CSV,2023,2023.1,2023-06-06 一尺花园,_Z9C9157,no_jpg,,data/xmp/result-2023/raw/2023.1/2023-06-06 一尺花园/_Z9C9157.xmp
False,no keywords + missing JPEG in CSV,2023,2023.1,2023-06-06 一尺花园,_Z9C9160,no_jpg,,data/xmp/result-2023/raw/2023.1/2023-06-06 一尺花园/_Z9C9160.xmp
False,no keywords + missing JPEG in CSV,2023,2023.1,2023-06-06 一尺花园,_Z9C9173,no_jpg,,data/xmp/result-2023/raw/2023.1/2023-06-06 一尺花园/_Z9C9173.xmp
False,no keywords + missing JPEG in CSV,2023,2023.1,2023-06-06 一尺花园,_Z9C9181,no_jpg,,data/xmp/result-2023/raw/2023.1/2023-06-06 一尺花园/_Z9C9181.xmp
False,no keywords + missing JPEG in CSV,2023,2023.1,2023-06-06 一尺花园,_Z9C9182,ambiguous,,data/xmp/result-2023/raw/2023.1/2023-06-06 一尺花园/_Z9C9182.xmp
False,no keywords + missing JPEG in CSV,2023,2023.1,2023-06-06 一尺花园,_Z9C9188,ambiguous,,data/xmp/result-2023/raw/2023.1/2023-06-06 一尺花园/_Z9C9188.xmp
False,no keywords + missing JPEG in CSV,2023,2023.1,2023-06-06 一尺花园,_Z9C9189,no_jpg,,data/xmp/result-2023/raw/2023.1/2023-06-06 一尺花园/_Z9C9189.xmp
False,no keywords + missing JPEG in CSV,2023,2023.1,2023-06-06 一尺花园,_Z9C9190,no_jpg,,data/xmp/result-2023/raw/2023.1/2023-06-06 一尺花园/_Z9C9190.xmp
False,no keywords + missing JPEG in CSV,2023,2023.1,2023-06-10 普陀山,_Z9C9227,no_jpg,,data/xmp/result-2023/raw/2023.1/2023-06-10 普陀山/_Z9C9227.xmp
False,no keywords + missing JPEG in CSV,2023,2023.1,2023-06-10 普陀山,_Z9C9234,no_jpg,,data/xmp/result-2023/raw/2023.1/2023-06-10 普陀山/_Z9C9234.xmp
False,no keywords + missing JPEG in CSV,2023,2023.1,2023-06-10 普陀山,_Z9C9260,ambiguous,,data/xmp/result-2023/raw/2023.1/2023-06-10 普陀山/_Z9C9260.xmp
False,no keywords + missing JPEG in CSV,2023,2023.1,2023-06-10 普陀山,_Z9C9277,ambiguous,,data/xmp/result-2023/raw/2023.1/2023-06-10 普陀山/_Z9C9277.xmp
False,no keywords + missing JPEG in CSV,2023,2023.1,2023-06-10 普陀山,_Z9C9279,no_jpg,,data/xmp/result-2023/raw/2023.1/2023-06-10 普陀山/_Z9C9279.xmp
False,no keywords + missing JPEG in CSV,2023,2023.1,2023-06-10 普陀山,_Z9C9291,no_jpg,,data/xmp/result-2023/raw/2023.1/2023-06-10 普陀山/_Z9C9291.xmp
False,no keywords + missing JPEG in CSV,2023,2023.1,2023-06-10 普陀山,_Z9C9294,ambiguous,,data/xmp/result-2023/raw/2023.1/2023-06-10 普陀山/_Z9C9294.xmp
False,no keywords + missing JPEG in CSV,2023,2023.1,2023-06-10 普陀山,_Z9C9305,no_jpg,,data/xmp/result-2023/raw/2023.1/2023-06-10 普陀山/_Z9C9305.xmp
False,no keywords + missing JPEG in CSV,2023,2023.1,2023-06-10 普陀山,_Z9C9310,no_jpg,,data/xmp/result-2023/raw/2023.1/2023-06-10 普陀山/_Z9C9310.xmp
False,no keywords + missing JPEG in CSV,2023,2023.1,2023-06-10 普陀山,_Z9C9312,no_jpg,,data/xmp/result-2023/raw/2023.1/2023-06-10 普陀山/_Z9C9312.xmp
False,no keywords + missing JPEG in CSV,2023,2023.1,2023-06-10 普陀山,_Z9C9345,no_jpg,,data/xmp/result-2023/raw/2023.1/2023-06-10 普陀山/_Z9C9345.xmp
False,no keywords + missing JPEG in CSV,2023,2023.1,2023-06-10 普陀山,_Z9C9347,ambiguous,,data/xmp/result-2023/raw/2023.1/2023-06-10 普陀山/_Z9C9347.xmp
False,no keywords + missing JPEG in CSV,2023,2023.1,2023-06-10 普陀山,_Z9C9348,no_jpg,,data/xmp/result-2023/raw/2023.1/2023-06-10 普陀山/_Z9C9348.xmp
False,no keywords + missing JPEG in CSV,2023,2023.1,2023-06-10 普陀山,_Z9C9356,ambiguous,,data/xmp/result-2023/raw/2023.1/2023-06-10 普陀山/_Z9C9356.xmp
False,no keywords + missing JPEG in CSV,2023,2023.1,2023-06-10 普陀山,_Z9C9358,no_jpg,,data/xmp/result-2023/raw/2023.1/2023-06-10 普陀山/_Z9C9358.xmp
False,no keywords + missing JPEG in CSV,2023,2023.1,2023-06-10 普陀山,_Z9C9373,no_jpg,,data/xmp/result-2023/raw/2023.1/2023-06-10 普陀山/_Z9C9373.xmp
False,no keywords + missing JPEG in CSV,2023,2023.1,2023-06-10 普陀山,_Z9C9374,no_jpg,,data/xmp/result-2023/raw/2023.1/2023-06-10 普陀山/_Z9C9374.xmp
False,no keywords + missing JPEG in CSV,2023,2023.1,2023-06-10 普陀山,_Z9C9376,no_jpg,,data/xmp/result-2023/raw/2023.1/2023-06-10 普陀山/_Z9C9376.xmp
False,no keywords + missing JPEG in CSV,2023,2023.1,2023-06-10 普陀山,_Z9C9377,no_jpg,,data/xmp/result-2023/raw/2023.1/2023-06-10 普陀山/_Z9C9377.xmp
False,no keywords + missing JPEG in CSV,2023,2023.1,2023-06-10 普陀山,_Z9C9378,no_jpg,,data/xmp/result-2023/raw/2023.1/2023-06-10 普陀山/_Z9C9378.xmp
False,no keywords + missing JPEG in CSV,2023,2023.1,2023-06-10 普陀山,_Z9C9380,no_jpg,,data/xmp/result-2023/raw/2023.1/2023-06-10 普陀山/_Z9C9380.xmp
False,no keywords + missing JPEG in CSV,2023,2023.1,2023-06-10 普陀山,_Z9C9381,no_jpg,,data/xmp/result-2023/raw/2023.1/2023-06-10 普陀山/_Z9C9381.xmp
False,no keywords + missing JPEG in CSV,2023,2023.1,2023-06-10 普陀山,_Z9C9383,no_jpg,,data/xmp/result-2023/raw/2023.1/2023-06-10 普陀山/_Z9C9383.xmp
False,no keywords + missing JPEG in CSV,2023,2023.1,2023-06-10 普陀山,_Z9C9384,no_jpg,,data/xmp/result-2023/raw/2023.1/2023-06-10 普陀山/_Z9C9384.xmp
False,no keywords + missing JPEG in CSV,2023,2023.1,2023-06-10 普陀山,_Z9C9391,no_jpg,,data/xmp/result-2023/raw/2023.1/2023-06-10 普陀山/_Z9C9391.xmp
False,no keywords + missing JPEG in CSV,2023,2023.1,2023-06-10 普陀山,_Z9C9395,no_jpg,,data/xmp/result-2023/raw/2023.1/2023-06-10 普陀山/_Z9C9395.xmp
False,no keywords + missing JPEG in CSV,2023,2023.1,2023-06-10 普陀山,_Z9C9398,no_jpg,,data/xmp/result-2023/raw/2023.1/2023-06-10 普陀山/_Z9C9398.xmp
False,no keywords + missing JPEG in CSV,2023,2023.1,2023-06-10 普陀山,_Z9C9406,no_jpg,,data/xmp/result-2023/raw/2023.1/2023-06-10 普陀山/_Z9C9406.xmp
False,no keywords + missing JPEG in CSV,2023,2023.1,2023-06-10 普陀山,_Z9C9408,no_jpg,,data/xmp/result-2023/raw/2023.1/2023-06-10 普陀山/_Z9C9408.xmp
False,no keywords + missing JPEG in CSV,2023,2023.1,2023-06-10 普陀山,_Z9C9416,no_jpg,,data/xmp/result-2023/raw/2023.1/2023-06-10 普陀山/_Z9C9416.xmp
False,no keywords + missing JPEG in CSV,2023,2023.1,2023-06-10 普陀山,_Z9C9420,no_jpg,,data/xmp/result-2023/raw/2023.1/2023-06-10 普陀山/_Z9C9420.xmp
False,no keywords + missing JPEG in CSV,2023,2023.1,2023-06-10 普陀山,_Z9C9426,no_jpg,,data/xmp/result-2023/raw/2023.1/2023-06-10 普陀山/_Z9C9426.xmp
False,no keywords + missing JPEG in CSV,2023,2023.1,2023-06-10 普陀山,_Z9C9428,no_jpg,,data/xmp/result-2023/raw/2023.1/2023-06-10 普陀山/_Z9C9428.xmp
False,no keywords + missing JPEG in CSV,2023,2023.1,2023-06-10 普陀山,_Z9C9437,no_jpg,,data/xmp/result-2023/raw/2023.1/2023-06-10 普陀山/_Z9C9437.xmp
False,no keywords + missing JPEG in CSV,2023,2023.1,2023-06-11 宁波,_Z9C9443,no_jpg,,data/xmp/result-2023/raw/2023.1/2023-06-11 宁波/_Z9C9443.xmp
False,no keywords + missing JPEG in CSV,2023,2023.1,2023-06-11 宁波,_Z9C9448,no_jpg,,data/xmp/result-2023/raw/2023.1/2023-06-11 宁波/_Z9C9448.xmp
False,no keywords + missing JPEG in CSV,2023,2023.1,2023-06-11 宁波,_Z9C9454,no_jpg,,data/xmp/result-2023/raw/2023.1/2023-06-11 宁波/_Z9C9454.xmp
False,no keywords + missing JPEG in CSV,2023,2023.1,2023-06-11 宁波,_Z9C9455,no_jpg,,data/xmp/result-2023/raw/2023.1/2023-06-11 宁波/_Z9C9455.xmp
False,no keywords + missing JPEG in CSV,2023,2023.1,2023-06-11 宁波,_Z9C9456,no_jpg,,data/xmp/result-2023/raw/2023.1/2023-06-11 宁波/_Z9C9456.xmp
False,no keywords + missing JPEG in CSV,2023,2023.1,2023-06-11 宁波,_Z9C9458,no_jpg,,data/xmp/result-2023/raw/2023.1/2023-06-11 宁波/_Z9C9458.xmp
False,no keywords + missing JPEG in CSV,2023,2023.1,2023-06-11 宁波,_Z9C9459,no_jpg,,data/xmp/result-2023/raw/2023.1/2023-06-11 宁波/_Z9C9459.xmp
False,no keywords + missing JPEG in CSV,2023,2023.1,2023-06-11 宁波,_Z9C9468,ambiguous,,data/xmp/result-2023/raw/2023.1/2023-06-11 宁波/_Z9C9468.xmp
False,no keywords + missing JPEG in CSV,2023,2023.1,2023-06-11 宁波,_Z9C9469,no_jpg,,data/xmp/result-2023/raw/2023.1/2023-06-11 宁波/_Z9C9469.xmp
False,no keywords + missing JPEG in CSV,2023,2023.1,2023-06-11 宁波,_Z9C9472,no_jpg,,data/xmp/result-2023/raw/2023.1/2023-06-11 宁波/_Z9C9472.xmp
False,no keywords + missing JPEG in CSV,2023,2023.1,2023-06-11 宁波,_Z9C9473,no_jpg,,data/xmp/result-2023/raw/2023.1/2023-06-11 宁波/_Z9C9473.xmp
False,no keywords + missing JPEG in CSV,2023,2023.1,2023-06-11 宁波,_Z9C9474,no_jpg,,data/xmp/result-2023/raw/2023.1/2023-06-11 宁波/_Z9C9474.xmp
False,no keywords + missing JPEG in CSV,2023,2023.1,2023-06-11 宁波,_Z9C9475,no_jpg,,data/xmp/result-2023/raw/2023.1/2023-06-11 宁波/_Z9C9475.xmp
False,no keywords + missing JPEG in CSV,2023,2023.1,2023-06-11 宁波,_Z9C9480,ambiguous,,data/xmp/result-2023/raw/2023.1/2023-06-11 宁波/_Z9C9480.xmp
False,no keywords + missing JPEG in CSV,2023,2023.1,2023-06-11 宁波,_Z9C9498,no_jpg,,data/xmp/result-2023/raw/2023.1/2023-06-11 宁波/_Z9C9498.xmp
False,no keywords + missing JPEG in CSV,2023,2023.1,2023-06-11 宁波,_Z9C9504,no_jpg,,data/xmp/result-2023/raw/2023.1/2023-06-11 宁波/_Z9C9504.xmp
False,no keywords + missing JPEG in CSV,2023,2023.1,2023-06-11 宁波,_Z9C9509,ambiguous,,data/xmp/result-2023/raw/2023.1/2023-06-11 宁波/_Z9C9509.xmp
False,no keywords + missing JPEG in CSV,2023,2023.1,2023-06-11 宁波,_Z9C9510,no_jpg,,data/xmp/result-2023/raw/2023.1/2023-06-11 宁波/_Z9C9510.xmp
False,no keywords + missing JPEG in CSV,2023,2023.1,2023-06-11 宁波,_Z9C9512,no_jpg,,data/xmp/result-2023/raw/2023.1/2023-06-11 宁波/_Z9C9512.xmp
False,no keywords + missing JPEG in CSV,2023,2023.1,2023-06-11 宁波,_Z9C9517,no_jpg,,data/xmp/result-2023/raw/2023.1/2023-06-11 宁波/_Z9C9517.xmp
False,no keywords + missing JPEG in CSV,2023,2023.1,2023-06-11 宁波,_Z9C9530,no_jpg,,data/xmp/result-2023/raw/2023.1/2023-06-11 宁波/_Z9C9530.xmp
False,no keywords + missing JPEG in CSV,2023,2023.1,2023-06-11 宁波,_Z9C9532,no_jpg,,data/xmp/result-2023/raw/2023.1/2023-06-11 宁波/_Z9C9532.xmp
False,no keywords + missing JPEG in CSV,2023,2023.1,2023-06-11 月湖夜景,_Z9C9538,no_jpg,,data/xmp/result-2023/raw/2023.1/2023-06-11 月湖夜景/_Z9C9538.xmp
False,no keywords + missing JPEG in CSV,2023,2023.1,2023-06-11 月湖夜景,_Z9C9552,no_jpg,,data/xmp/result-2023/raw/2023.1/2023-06-11 月湖夜景/_Z9C9552.xmp
False,no keywords + missing JPEG in CSV,2023,2023.1,2023-06-11 月湖夜景,_Z9C9553,no_jpg,,data/xmp/result-2023/raw/2023.1/2023-06-11 月湖夜景/_Z9C9553.xmp
False,no keywords + missing JPEG in CSV,2023,2023.1,2023-06-11 月湖夜景,_Z9C9559,no_jpg,,data/xmp/result-2023/raw/2023.1/2023-06-11 月湖夜景/_Z9C9559.xmp
False,no keywords + missing JPEG in CSV,2023,2023.1,2023-06-11 月湖夜景,_Z9C9582,no_jpg,,data/xmp/result-2023/raw/2023.1/2023-06-11 月湖夜景/_Z9C9582.xmp
False,no keywords + missing JPEG in CSV,2023,2023.1,2023-06-11 月湖夜景,_Z9C9601,no_jpg,,data/xmp/result-2023/raw/2023.1/2023-06-11 月湖夜景/_Z9C9601.xmp
False,no keywords + missing JPEG in CSV,2023,2023.1,2023-06-11 月湖夜景,_Z9C9614,no_jpg,,data/xmp/result-2023/raw/2023.1/2023-06-11 月湖夜景/_Z9C9614.xmp
False,no keywords + missing JPEG in CSV,2023,2023.1,2023-06-11 月湖夜景,_Z9C9621,no_jpg,,data/xmp/result-2023/raw/2023.1/2023-06-11 月湖夜景/_Z9C9621.xmp
False,no keywords + missing JPEG in CSV,2023,2023.1,2023-06-11 月湖夜景,_Z9C9622,no_jpg,,data/xmp/result-2023/raw/2023.1/2023-06-11 月湖夜景/_Z9C9622.xmp
False,no keywords + missing JPEG in CSV,2023,2023.1,2023-06-11 月湖夜景,_Z9C9626,no_jpg,,data/xmp/result-2023/raw/2023.1/2023-06-11 月湖夜景/_Z9C9626.xmp
False,no keywords + missing JPEG in CSV,2023,2023.1,2023-06-11 月湖夜景,_Z9C9628,no_jpg,,data/xmp/result-2023/raw/2023.1/2023-06-11 月湖夜景/_Z9C9628.xmp
False,no keywords + missing JPEG in CSV,2023,2023.1,2023-06-11 月湖夜景,_Z9C9631,no_jpg,,data/xmp/result-2023/raw/2023.1/2023-06-11 月湖夜景/_Z9C9631.xmp
False,no keywords + missing JPEG in CSV,2023,2023.1,2023-06-11 月湖夜景,_Z9C9633,no_jpg,,data/xmp/result-2023/raw/2023.1/2023-06-11 月湖夜景/_Z9C9633.xmp
False,no keywords + missing JPEG in CSV,2023,2023.1,2023-06-11 月湖夜景,_Z9C9635,no_jpg,,data/xmp/result-2023/raw/2023.1/2023-06-11 月湖夜景/_Z9C9635.xmp
False,no keywords + missing JPEG in CSV,2023,2023.1,2023-06-11 月湖夜景,_Z9C9641,no_jpg,,data/xmp/result-2023/raw/2023.1/2023-06-11 月湖夜景/_Z9C9641.xmp
False,no keywords + missing JPEG in CSV,2023,2023.1,2023-06-11 月湖夜景,_Z9C9645,no_jpg,,data/xmp/result-2023/raw/2023.1/2023-06-11 月湖夜景/_Z9C9645.xmp
False,no keywords + missing JPEG in CSV,2023,2023.1,2023-06-11 月湖夜景,_Z9C9647,no_jpg,,data/xmp/result-2023/raw/2023.1/2023-06-11 月湖夜景/_Z9C9647.xmp
False,no keywords + missing JPEG in CSV,2023,2023.1,2023-06-11 月湖夜景,_Z9C9648,no_jpg,,data/xmp/result-2023/raw/2023.1/2023-06-11 月湖夜景/_Z9C9648.xmp
False,no keywords + missing JPEG in CSV,2023,2023.1,2023-06-11 月湖夜景,_Z9C9649,no_jpg,,data/xmp/result-2023/raw/2023.1/2023-06-11 月湖夜景/_Z9C9649.xmp
False,no keywords + missing JPEG in CSV,2023,2023.1,2023-06-11 月湖夜景,_Z9C9655,no_jpg,,data/xmp/result-2023/raw/2023.1/2023-06-11 月湖夜景/_Z9C9655.xmp
False,no keywords + missing JPEG in CSV,2023,2023.1,2023-06-11 月湖夜景,_Z9C9659,no_jpg,,data/xmp/result-2023/raw/2023.1/2023-06-11 月湖夜景/_Z9C9659.xmp
False,no keywords + missing JPEG in CSV,2023,2023.1,2023-06-11 月湖夜景,_Z9C9663,no_jpg,,data/xmp/result-2023/raw/2023.1/2023-06-11 月湖夜景/_Z9C9663.xmp
False,no keywords + missing JPEG in CSV,2023,2023.1,2023-06-11 月湖夜景,_Z9C9665,no_jpg,,data/xmp/result-2023/raw/2023.1/2023-06-11 月湖夜景/_Z9C9665.xmp
False,no keywords + missing JPEG in CSV,2023,2023.1,2023-06-11 月湖夜景,_Z9C9666,no_jpg,,data/xmp/result-2023/raw/2023.1/2023-06-11 月湖夜景/_Z9C9666.xmp
False,no keywords + missing JPEG in CSV,2023,2023.1,2023-06-11 月湖夜景,_Z9C9668,ambiguous,,data/xmp/result-2023/raw/2023.1/2023-06-11 月湖夜景/_Z9C9668.xmp
False,no keywords + missing JPEG in CSV,2023,2023.1,2023-06-11 月湖夜景,_Z9C9675,no_jpg,,data/xmp/result-2023/raw/2023.1/2023-06-11 月湖夜景/_Z9C9675.xmp
False,no keywords + missing JPEG in CSV,2023,2023.1,2023-06-11 月湖夜景,_Z9C9680,no_jpg,,data/xmp/result-2023/raw/2023.1/2023-06-11 月湖夜景/_Z9C9680.xmp
False,no keywords + missing JPEG in CSV,2023,2023.1,2023-06-11 月湖夜景,_Z9C9683,no_jpg,,data/xmp/result-2023/raw/2023.1/2023-06-11 月湖夜景/_Z9C9683.xmp
False,no keywords + missing JPEG in CSV,2023,2023.1,2023-06-11 月湖夜景,_Z9C9685,no_jpg,,data/xmp/result-2023/raw/2023.1/2023-06-11 月湖夜景/_Z9C9685.xmp
False,no keywords + missing JPEG in CSV,2023,2023.1,2023-06-11 月湖夜景,_Z9C9697,no_jpg,,data/xmp/result-2023/raw/2023.1/2023-06-11 月湖夜景/_Z9C9697.xmp
False,no keywords + missing JPEG in CSV,2023,2023.1,2023-06-12 月湖,_Z9C9702,no_jpg,,data/xmp/result-2023/raw/2023.1/2023-06-12 月湖/_Z9C9702.xmp
False,no keywords + missing JPEG in CSV,2023,2023.1,2023-06-12 月湖,_Z9C9709,no_jpg,,data/xmp/result-2023/raw/2023.1/2023-06-12 月湖/_Z9C9709.xmp
False,no keywords + missing JPEG in CSV,2023,2023.1,2023-06-12 月湖,_Z9C9714,no_jpg,,data/xmp/result-2023/raw/2023.1/2023-06-12 月湖/_Z9C9714.xmp
False,no keywords + missing JPEG in CSV,2023,2023.1,2023-06-12 月湖,_Z9C9723,no_jpg,,data/xmp/result-2023/raw/2023.1/2023-06-12 月湖/_Z9C9723.xmp
False,no keywords + missing JPEG in CSV,2023,2023.1,2023-08-17 Muir & Sausalito Tour,_Z9C9763,no_jpg,,data/xmp/result-2023/raw/2023.1/2023-08-17 Muir & Sausalito Tour/_Z9C9763.xmp
False,no keywords + missing JPEG in CSV,2023,2023.1,2023-08-17 Muir & Sausalito Tour,_Z9C9768,ambiguous,,data/xmp/result-2023/raw/2023.1/2023-08-17 Muir & Sausalito Tour/_Z9C9768.xmp
False,no keywords + missing JPEG in CSV,2023,2023.1,2023-08-17 Muir & Sausalito Tour,_Z9C9773,no_jpg,,data/xmp/result-2023/raw/2023.1/2023-08-17 Muir & Sausalito Tour/_Z9C9773.xmp
False,no keywords + missing JPEG in CSV,2023,2023.1,2023-08-17 Muir & Sausalito Tour,_Z9C9777,no_jpg,,data/xmp/result-2023/raw/2023.1/2023-08-17 Muir & Sausalito Tour/_Z9C9777.xmp
False,no keywords + missing JPEG in CSV,2023,2023.1,2023-08-17 Muir & Sausalito Tour,_Z9C9782,no_jpg,,data/xmp/result-2023/raw/2023.1/2023-08-17 Muir & Sausalito Tour/_Z9C9782.xmp
False,no keywords + missing JPEG in CSV,2023,2023.1,2023-08-17 Muir & Sausalito Tour,_Z9C9801,no_jpg,,data/xmp/result-2023/raw/2023.1/2023-08-17 Muir & Sausalito Tour/_Z9C9801.xmp
False,no keywords + missing JPEG in CSV,2023,2023.1,2023-08-17 Muir & Sausalito Tour,_Z9C9806,no_jpg,,data/xmp/result-2023/raw/2023.1/2023-08-17 Muir & Sausalito Tour/_Z9C9806.xmp
False,no keywords + missing JPEG in CSV,2023,2023.1,2023-08-17 Muir & Sausalito Tour,_Z9C9807,no_jpg,,data/xmp/result-2023/raw/2023.1/2023-08-17 Muir & Sausalito Tour/_Z9C9807.xmp
False,no keywords + missing JPEG in CSV,2023,2023.1,2023-08-17 Muir & Sausalito Tour,_Z9C9808,no_jpg,,data/xmp/result-2023/raw/2023.1/2023-08-17 Muir & Sausalito Tour/_Z9C9808.xmp
False,no keywords + missing JPEG in CSV,2023,2023.1,2023-08-17 Muir & Sausalito Tour,_Z9C9812,no_jpg,,data/xmp/result-2023/raw/2023.1/2023-08-17 Muir & Sausalito Tour/_Z9C9812.xmp
False,no keywords + missing JPEG in CSV,2023,2023.1,2023-08-17 Muir & Sausalito Tour,_Z9C9813,no_jpg,,data/xmp/result-2023/raw/2023.1/2023-08-17 Muir & Sausalito Tour/_Z9C9813.xmp
False,no keywords + missing JPEG in CSV,2023,2023.1,2023-08-17 Muir & Sausalito Tour,_Z9C9818,ambiguous,,data/xmp/result-2023/raw/2023.1/2023-08-17 Muir & Sausalito Tour/_Z9C9818.xmp
False,no keywords + missing JPEG in CSV,2023,2023.1,2023-08-17 Muir & Sausalito Tour,_Z9C9819,no_jpg,,data/xmp/result-2023/raw/2023.1/2023-08-17 Muir & Sausalito Tour/_Z9C9819.xmp
False,no keywords + missing JPEG in CSV,2023,2023.1,2023-08-17 Muir & Sausalito Tour,_Z9C9820,ambiguous,,data/xmp/result-2023/raw/2023.1/2023-08-17 Muir & Sausalito Tour/_Z9C9820.xmp
False,no keywords + missing JPEG in CSV,2023,2023.1,2023-08-17 Muir & Sausalito Tour,_Z9C9821,no_jpg,,data/xmp/result-2023/raw/2023.1/2023-08-17 Muir & Sausalito Tour/_Z9C9821.xmp
False,no keywords + missing JPEG in CSV,2023,2023.1,2023-08-17 Muir & Sausalito Tour,_Z9C9831,no_jpg,,data/xmp/result-2023/raw/2023.1/2023-08-17 Muir & Sausalito Tour/_Z9C9831.xmp
False,no keywords + missing JPEG in CSV,2023,2023.1,2023-08-17 Muir & Sausalito Tour,_Z9C9837,no_jpg,,data/xmp/result-2023/raw/2023.1/2023-08-17 Muir & Sausalito Tour/_Z9C9837.xmp
False,no keywords + missing JPEG in CSV,2023,2023.1,2023-08-17 Muir & Sausalito Tour,_Z9C9838,no_jpg,,data/xmp/result-2023/raw/2023.1/2023-08-17 Muir & Sausalito Tour/_Z9C9838.xmp
False,no keywords + missing JPEG in CSV,2023,2023.1,2023-08-17 Muir & Sausalito Tour,_Z9C9844,no_jpg,,data/xmp/result-2023/raw/2023.1/2023-08-17 Muir & Sausalito Tour/_Z9C9844.xmp
False,no keywords + missing JPEG in CSV,2023,2023.1,2023-08-17 Muir & Sausalito Tour,_Z9C9847,ambiguous,,data/xmp/result-2023/raw/2023.1/2023-08-17 Muir & Sausalito Tour/_Z9C9847.xmp
False,no keywords + missing JPEG in CSV,2023,2023.1,2023-08-17 Muir & Sausalito Tour,_Z9C9848,no_jpg,,data/xmp/result-2023/raw/2023.1/2023-08-17 Muir & Sausalito Tour/_Z9C9848.xmp
False,no keywords + missing JPEG in CSV,2023,2023.1,2023-08-17 Muir & Sausalito Tour,_Z9C9852,no_jpg,,data/xmp/result-2023/raw/2023.1/2023-08-17 Muir & Sausalito Tour/_Z9C9852.xmp
False,no keywords + missing JPEG in CSV,2023,2023.1,2023-08-17 Muir & Sausalito Tour,_Z9C9857,no_jpg,,data/xmp/result-2023/raw/2023.1/2023-08-17 Muir & Sausalito Tour/_Z9C9857.xmp
False,no keywords + missing JPEG in CSV,2023,2023.1,2023-08-17 Muir & Sausalito Tour,_Z9C9858,no_jpg,,data/xmp/result-2023/raw/2023.1/2023-08-17 Muir & Sausalito Tour/_Z9C9858.xmp
False,no keywords + missing JPEG in CSV,2023,2023.1,2023-08-17 Muir & Sausalito Tour,_Z9C9863,no_jpg,,data/xmp/result-2023/raw/2023.1/2023-08-17 Muir & Sausalito Tour/_Z9C9863.xmp
False,no keywords + missing JPEG in CSV,2023,2023.1,2023-08-17 Muir & Sausalito Tour,_Z9C9864,no_jpg,,data/xmp/result-2023/raw/2023.1/2023-08-17 Muir & Sausalito Tour/_Z9C9864.xmp
False,no keywords + missing JPEG in CSV,2023,2023.1,2023-08-17 Muir & Sausalito Tour,_Z9C9877,no_jpg,,data/xmp/result-2023/raw/2023.1/2023-08-17 Muir & Sausalito Tour/_Z9C9877.xmp
False,no keywords + missing JPEG in CSV,2023,2023.1,2023-08-17 Muir & Sausalito Tour,_Z9C9878,no_jpg,,data/xmp/result-2023/raw/2023.1/2023-08-17 Muir & Sausalito Tour/_Z9C9878.xmp
False,no keywords + missing JPEG in CSV,2023,2023.1,2023-08-17 Muir & Sausalito Tour,_Z9C9882,ambiguous,,data/xmp/result-2023/raw/2023.1/2023-08-17 Muir & Sausalito Tour/_Z9C9882.xmp
False,no keywords + missing JPEG in CSV,2023,2023.1,2023-08-17 Muir & Sausalito Tour,_Z9C9901,ambiguous,,data/xmp/result-2023/raw/2023.1/2023-08-17 Muir & Sausalito Tour/_Z9C9901.xmp
False,no keywords + missing JPEG in CSV,2023,2023.1,2023-08-17 Muir & Sausalito Tour,_Z9C9910,no_jpg,,data/xmp/result-2023/raw/2023.1/2023-08-17 Muir & Sausalito Tour/_Z9C9910.xmp
False,no keywords + missing JPEG in CSV,2023,2023.1,2023-08-17 Muir & Sausalito Tour,_Z9C9913,no_jpg,,data/xmp/result-2023/raw/2023.1/2023-08-17 Muir & Sausalito Tour/_Z9C9913.xmp
False,no keywords + missing JPEG in CSV,2023,2023.1,2023-08-17 Muir & Sausalito Tour,_Z9C9915,no_jpg,,data/xmp/result-2023/raw/2023.1/2023-08-17 Muir & Sausalito Tour/_Z9C9915.xmp
False,no keywords + missing JPEG in CSV,2023,2023.1,2023-08-17 Muir & Sausalito Tour,_Z9C9922,ambiguous,,data/xmp/result-2023/raw/2023.1/2023-08-17 Muir & Sausalito Tour/_Z9C9922.xmp
False,no keywords + missing JPEG in CSV,2023,2023.1,2023-08-17 Muir & Sausalito Tour,_Z9C9932,no_jpg,,data/xmp/result-2023/raw/2023.1/2023-08-17 Muir & Sausalito Tour/_Z9C9932.xmp
False,no keywords + missing JPEG in CSV,2023,2023.1,2023-08-17 Muir & Sausalito Tour,_Z9C9943,no_jpg,,data/xmp/result-2023/raw/2023.1/2023-08-17 Muir & Sausalito Tour/_Z9C9943.xmp
False,no keywords + missing JPEG in CSV,2023,2023.1,2023-08-22 Sophie's Backyard,_D5D8413,no_jpg,,data/xmp/result-2023/raw/2023.1/2023-08-22 Sophie's Backyard/_D5D8413.xmp
False,no keywords + missing JPEG in CSV,2023,2023.1,2023-08-23 Honolulu Birds,_D5D8433,ambiguous,,data/xmp/result-2023/raw/2023.1/2023-08-23 Honolulu Birds/_D5D8433.xmp
False,no keywords + missing JPEG in CSV,2023,2023.1,2023-08-23 Honolulu Birds,_D5D8603,ambiguous,,data/xmp/result-2023/raw/2023.1/2023-08-23 Honolulu Birds/_D5D8603.xmp
False,no keywords + missing JPEG in CSV,2023,2023.1,2023-08-23 Honolulu Birds,_D5D8626,no_jpg,,data/xmp/result-2023/raw/2023.1/2023-08-23 Honolulu Birds/_D5D8626.xmp
False,no keywords + missing JPEG in CSV,2023,2023.1,2023-08-23 Honolulu Birds,_D5D8687,no_jpg,,data/xmp/result-2023/raw/2023.1/2023-08-23 Honolulu Birds/_D5D8687.xmp
False,no keywords + missing JPEG in CSV,2023,2023.1,2023-08-23 Honolulu Birds,_D5D8688,ambiguous,,data/xmp/result-2023/raw/2023.1/2023-08-23 Honolulu Birds/_D5D8688.xmp
False,no keywords + missing JPEG in CSV,2023,2023.1,2023-08-23 Honolulu Birds,_D5D8718,no_jpg,,data/xmp/result-2023/raw/2023.1/2023-08-23 Honolulu Birds/_D5D8718.xmp
False,no keywords + missing JPEG in CSV,2023,2023.1,2023-08-23 Honolulu Birds,_D5D8743,no_jpg,,data/xmp/result-2023/raw/2023.1/2023-08-23 Honolulu Birds/_D5D8743.xmp
False,no keywords + missing JPEG in CSV,2023,2023.1,2023-08-23 Honolulu Birds,_D5D8795,no_jpg,,data/xmp/result-2023/raw/2023.1/2023-08-23 Honolulu Birds/_D5D8795.xmp
False,no keywords + missing JPEG in CSV,2023,2023.1,2023-08-23 Honolulu Birds,_D5D8809,no_jpg,,data/xmp/result-2023/raw/2023.1/2023-08-23 Honolulu Birds/_D5D8809.xmp
False,no keywords + missing JPEG in CSV,2023,2023.1,2023-08-23 Honolulu Birds,_D5D8811,no_jpg,,data/xmp/result-2023/raw/2023.1/2023-08-23 Honolulu Birds/_D5D8811.xmp
False,no keywords + missing JPEG in CSV,2023,2023.1,2023-08-23 Honolulu Birds,_D5D8841,no_jpg,,data/xmp/result-2023/raw/2023.1/2023-08-23 Honolulu Birds/_D5D8841.xmp
False,no keywords + missing JPEG in CSV,2023,2023.1,2023-08-23 Honolulu Birds,_D5D8842,no_jpg,,data/xmp/result-2023/raw/2023.1/2023-08-23 Honolulu Birds/_D5D8842.xmp
False,no keywords + missing JPEG in CSV,2023,2023.1,2023-08-23 Honolulu Birds,_D5D8865,no_jpg,,data/xmp/result-2023/raw/2023.1/2023-08-23 Honolulu Birds/_D5D8865.xmp
False,no keywords + missing JPEG in CSV,2023,2023.1,2023-08-23 Honolulu Birds,_D5D8866,no_jpg,,data/xmp/result-2023/raw/2023.1/2023-08-23 Honolulu Birds/_D5D8866.xmp
False,no keywords + missing JPEG in CSV,2023,2023.1,2023-08-23 Honolulu Birds,_D5D8870,no_jpg,,data/xmp/result-2023/raw/2023.1/2023-08-23 Honolulu Birds/_D5D8870.xmp
False,no keywords + missing JPEG in CSV,2023,2023.1,2023-08-23 Honolulu Birds,_D5D8886,off_folder_cross_year,,data/xmp/result-2023/raw/2023.1/2023-08-23 Honolulu Birds/_D5D8886.xmp
False,no keywords + missing JPEG in CSV,2023,2023.1,2023-08-23 Honolulu Birds,_D5D8887,no_jpg,,data/xmp/result-2023/raw/2023.1/2023-08-23 Honolulu Birds/_D5D8887.xmp
False,no keywords + missing JPEG in CSV,2023,2023.1,2023-08-23 Honolulu Birds,_D5D8892,no_jpg,,data/xmp/result-2023/raw/2023.1/2023-08-23 Honolulu Birds/_D5D8892.xmp
False,no keywords + missing JPEG in CSV,2023,2023.1,2023-08-23 Honolulu Birds,_D5D8893,off_folder_cross_year,,data/xmp/result-2023/raw/2023.1/2023-08-23 Honolulu Birds/_D5D8893.xmp
False,no keywords + missing JPEG in CSV,2023,2023.1,2023-08-23 Honolulu Birds,_D5D8895,no_jpg,,data/xmp/result-2023/raw/2023.1/2023-08-23 Honolulu Birds/_D5D8895.xmp
False,no keywords + missing JPEG in CSV,2023,2023.1,2023-08-23 Honolulu Birds,_D5D8946,no_jpg,,data/xmp/result-2023/raw/2023.1/2023-08-23 Honolulu Birds/_D5D8946.xmp
False,no keywords + missing JPEG in CSV,2023,2023.1,2023-08-23 Honolulu Birds,_D5D8955,no_jpg,,data/xmp/result-2023/raw/2023.1/2023-08-23 Honolulu Birds/_D5D8955.xmp
False,no keywords + missing JPEG in CSV,2023,2023.1,2023-08-23 Honolulu Birds,_D5D8956,no_jpg,,data/xmp/result-2023/raw/2023.1/2023-08-23 Honolulu Birds/_D5D8956.xmp
False,no keywords + missing JPEG in CSV,2023,2023.1,2023-08-23 Honolulu Birds,_D5D8957,no_jpg,,data/xmp/result-2023/raw/2023.1/2023-08-23 Honolulu Birds/_D5D8957.xmp
False,no keywords + missing JPEG in CSV,2023,2023.1,2023-08-23 Honolulu Birds,_D5D8998,no_jpg,,data/xmp/result-2023/raw/2023.1/2023-08-23 Honolulu Birds/_D5D8998.xmp
False,no keywords + missing JPEG in CSV,2023,2023.1,2023-08-23 Honolulu Birds,_D5D9039,no_jpg,,data/xmp/result-2023/raw/2023.1/2023-08-23 Honolulu Birds/_D5D9039.xmp
False,no keywords + missing JPEG in CSV,2023,2023.1,2023-08-23 Honolulu Birds,_D5D9041,no_jpg,,data/xmp/result-2023/raw/2023.1/2023-08-23 Honolulu Birds/_D5D9041.xmp
False,no keywords + missing JPEG in CSV,2023,2023.1,2023-08-23 Honolulu Birds,_D5D9074,no_jpg,,data/xmp/result-2023/raw/2023.1/2023-08-23 Honolulu Birds/_D5D9074.xmp
False,no keywords + missing JPEG in CSV,2023,2023.1,2023-08-23 Honolulu Birds,_D5D9089,no_jpg,,data/xmp/result-2023/raw/2023.1/2023-08-23 Honolulu Birds/_D5D9089.xmp
False,no keywords + missing JPEG in CSV,2023,2023.1,2023-08-23 Honolulu Birds,_D5D9090,no_jpg,,data/xmp/result-2023/raw/2023.1/2023-08-23 Honolulu Birds/_D5D9090.xmp
False,no keywords + missing JPEG in CSV,2023,2023.1,2023-08-23 Honolulu Birds,_D5D9150,no_jpg,,data/xmp/result-2023/raw/2023.1/2023-08-23 Honolulu Birds/_D5D9150.xmp
False,no keywords + missing JPEG in CSV,2023,2023.1,2023-08-23 Honolulu Birds,_D5D9208,no_jpg,,data/xmp/result-2023/raw/2023.1/2023-08-23 Honolulu Birds/_D5D9208.xmp
False,no keywords + missing JPEG in CSV,2023,2023.1,2023-08-23 Honolulu Birds,_D5D9249,no_jpg,,data/xmp/result-2023/raw/2023.1/2023-08-23 Honolulu Birds/_D5D9249.xmp
False,no keywords + missing JPEG in CSV,2023,2023.1,2023-08-23 Honolulu Birds,_D5D9289,off_folder_cross_year,,data/xmp/result-2023/raw/2023.1/2023-08-23 Honolulu Birds/_D5D9289.xmp
False,no keywords + missing JPEG in CSV,2023,2023.1,2023-08-23 Snorkeling,_Z9C0025,no_jpg,,data/xmp/result-2023/raw/2023.1/2023-08-23 Snorkeling/_Z9C0025.xmp
False,no keywords + missing JPEG in CSV,2023,2023.1,2023-08-23 Snorkeling,_Z9C0026,no_jpg,,data/xmp/result-2023/raw/2023.1/2023-08-23 Snorkeling/_Z9C0026.xmp
False,no keywords + missing JPEG in CSV,2023,2023.1,2023-08-23 Snorkeling,_Z9C0027,no_jpg,,data/xmp/result-2023/raw/2023.1/2023-08-23 Snorkeling/_Z9C0027.xmp
False,no keywords + missing JPEG in CSV,2023,2023.1,2023-08-23 Snorkeling,_Z9C0080,ambiguous,,data/xmp/result-2023/raw/2023.1/2023-08-23 Snorkeling/_Z9C0080.xmp
False,no keywords + missing JPEG in CSV,2023,2023.1,2023-08-23 Snorkeling,_Z9C0106,no_jpg,,data/xmp/result-2023/raw/2023.1/2023-08-23 Snorkeling/_Z9C0106.xmp
False,no keywords + missing JPEG in CSV,2023,2023.1,2023-08-23 Snorkeling,_Z9C0112,no_jpg,,data/xmp/result-2023/raw/2023.1/2023-08-23 Snorkeling/_Z9C0112.xmp
False,no keywords + missing JPEG in CSV,2023,2023.1,2023-08-23 Snorkeling,_Z9C0148,no_jpg,,data/xmp/result-2023/raw/2023.1/2023-08-23 Snorkeling/_Z9C0148.xmp
False,no keywords + missing JPEG in CSV,2023,2023.1,2023-08-23 Snorkeling,_Z9C0178,ambiguous,,data/xmp/result-2023/raw/2023.1/2023-08-23 Snorkeling/_Z9C0178.xmp
False,no keywords + missing JPEG in CSV,2023,2023.1,2023-08-23 Snorkeling,_Z9C0180,ambiguous,,data/xmp/result-2023/raw/2023.1/2023-08-23 Snorkeling/_Z9C0180.xmp
False,no keywords + missing JPEG in CSV,2023,2023.1,2023-08-23 Snorkeling,_Z9C0185,ambiguous,,data/xmp/result-2023/raw/2023.1/2023-08-23 Snorkeling/_Z9C0185.xmp
False,no keywords + missing JPEG in CSV,2023,2023.1,2023-08-23 Snorkeling,_Z9C0193,ambiguous,,data/xmp/result-2023/raw/2023.1/2023-08-23 Snorkeling/_Z9C0193.xmp
False,no keywords + missing JPEG in CSV,2023,2023.1,2023-08-23 Snorkeling,_Z9C0201,no_jpg,,data/xmp/result-2023/raw/2023.1/2023-08-23 Snorkeling/_Z9C0201.xmp
False,no keywords + missing JPEG in CSV,2023,2023.1,2023-08-24 Honolulu Birds,_D5D9304,no_jpg,,data/xmp/result-2023/raw/2023.1/2023-08-24 Honolulu Birds/_D5D9304.xmp
False,no keywords + missing JPEG in CSV,2023,2023.1,2023-08-24 Honolulu Birds,_D5D9312,no_jpg,,data/xmp/result-2023/raw/2023.1/2023-08-24 Honolulu Birds/_D5D9312.xmp
False,no keywords + missing JPEG in CSV,2023,2023.1,2023-08-24 Honolulu Birds,_D5D9316,ambiguous,,data/xmp/result-2023/raw/2023.1/2023-08-24 Honolulu Birds/_D5D9316.xmp
False,no keywords + missing JPEG in CSV,2023,2023.1,2023-08-24 Honolulu Birds,_D5D9354,no_jpg,,data/xmp/result-2023/raw/2023.1/2023-08-24 Honolulu Birds/_D5D9354.xmp
False,no keywords + missing JPEG in CSV,2023,2023.1,2023-08-24 Honolulu Birds,_D5D9364,no_jpg,,data/xmp/result-2023/raw/2023.1/2023-08-24 Honolulu Birds/_D5D9364.xmp
False,no keywords + missing JPEG in CSV,2023,2023.1,2023-08-24 Honolulu Birds,_D5D9369,no_jpg,,data/xmp/result-2023/raw/2023.1/2023-08-24 Honolulu Birds/_D5D9369.xmp
False,no keywords + missing JPEG in CSV,2023,2023.1,2023-08-24 Honolulu Birds,_D5D9394,no_jpg,,data/xmp/result-2023/raw/2023.1/2023-08-24 Honolulu Birds/_D5D9394.xmp
False,no keywords + missing JPEG in CSV,2023,2023.1,2023-08-24 Honolulu Birds,_D5D9398,no_jpg,,data/xmp/result-2023/raw/2023.1/2023-08-24 Honolulu Birds/_D5D9398.xmp
False,no keywords + missing JPEG in CSV,2023,2023.1,2023-08-24 Honolulu Birds,_D5D9435,no_jpg,,data/xmp/result-2023/raw/2023.1/2023-08-24 Honolulu Birds/_D5D9435.xmp
False,no keywords + missing JPEG in CSV,2023,2023.1,2023-08-24 Honolulu Birds,_D5D9461,no_jpg,,data/xmp/result-2023/raw/2023.1/2023-08-24 Honolulu Birds/_D5D9461.xmp
False,no keywords + missing JPEG in CSV,2023,2023.1,2023-08-24 Honolulu Birds,_D5D9557,ambiguous,,data/xmp/result-2023/raw/2023.1/2023-08-24 Honolulu Birds/_D5D9557.xmp
False,no keywords + missing JPEG in CSV,2023,2023.1,2023-08-24 Honolulu Birds,_D5D9568,no_jpg,,data/xmp/result-2023/raw/2023.1/2023-08-24 Honolulu Birds/_D5D9568.xmp
False,no keywords + missing JPEG in CSV,2023,2023.1,2023-08-24 Honolulu Birds,_D5D9617,no_jpg,,data/xmp/result-2023/raw/2023.1/2023-08-24 Honolulu Birds/_D5D9617.xmp
False,no keywords + missing JPEG in CSV,2023,2023.1,2023-08-24 Honolulu Birds,_D5D9673,no_jpg,,data/xmp/result-2023/raw/2023.1/2023-08-24 Honolulu Birds/_D5D9673.xmp
False,no keywords + missing JPEG in CSV,2023,2023.1,2023-08-24 Honolulu Birds,_D5D9714,no_jpg,,data/xmp/result-2023/raw/2023.1/2023-08-24 Honolulu Birds/_D5D9714.xmp
False,no keywords + missing JPEG in CSV,2023,2023.1,2023-08-24 Honolulu Sunrise,_Z9C0266,no_jpg,,data/xmp/result-2023/raw/2023.1/2023-08-24 Honolulu Sunrise/_Z9C0266.xmp
False,no keywords + missing JPEG in CSV,2023,2023.1,2023-08-24 Honolulu Sunrise,_Z9C0279,ambiguous,,data/xmp/result-2023/raw/2023.1/2023-08-24 Honolulu Sunrise/_Z9C0279.xmp
False,no keywords + missing JPEG in CSV,2023,2023.1,2023-08-24 Honolulu Sunrise,_Z9C0289,ambiguous,,data/xmp/result-2023/raw/2023.1/2023-08-24 Honolulu Sunrise/_Z9C0289.xmp
False,no keywords + missing JPEG in CSV,2023,2023.1,2023-08-24 Honolulu Sunrise,_Z9C0291,ambiguous,,data/xmp/result-2023/raw/2023.1/2023-08-24 Honolulu Sunrise/_Z9C0291.xmp
False,no keywords + missing JPEG in CSV,2023,2023.1,2023-08-24 North Shore of Honolulu,_D5D9471,no_jpg,,data/xmp/result-2023/raw/2023.1/2023-08-24 North Shore of Honolulu/_D5D9471.xmp
False,no keywords + missing JPEG in CSV,2023,2023.1,2023-08-24 North Shore of Honolulu,_D5D9490,ambiguous,,data/xmp/result-2023/raw/2023.1/2023-08-24 North Shore of Honolulu/_D5D9490.xmp
False,no keywords + missing JPEG in CSV,2023,2023.1,2023-08-24 North Shore of Honolulu,_D5D9493,ambiguous,,data/xmp/result-2023/raw/2023.1/2023-08-24 North Shore of Honolulu/_D5D9493.xmp
False,no keywords + missing JPEG in CSV,2023,2023.1,2023-08-24 North Shore of Honolulu,_D5D9496,no_jpg,,data/xmp/result-2023/raw/2023.1/2023-08-24 North Shore of Honolulu/_D5D9496.xmp
False,no keywords + missing JPEG in CSV,2023,2023.1,2023-08-24 North Shore of Honolulu,_D5D9565,no_jpg,,data/xmp/result-2023/raw/2023.1/2023-08-24 North Shore of Honolulu/_D5D9565.xmp
False,no keywords + missing JPEG in CSV,2023,2023.1,2023-08-24 North Shore of Honolulu,_Z9C0311,no_jpg,,data/xmp/result-2023/raw/2023.1/2023-08-24 North Shore of Honolulu/_Z9C0311.xmp
False,no keywords + missing JPEG in CSV,2023,2023.1,2023-08-24 North Shore of Honolulu,_Z9C0323,no_jpg,,data/xmp/result-2023/raw/2023.1/2023-08-24 North Shore of Honolulu/_Z9C0323.xmp
False,no keywords + missing JPEG in CSV,2023,2023.1,2023-08-24 North Shore of Honolulu,_Z9C0328,no_jpg,,data/xmp/result-2023/raw/2023.1/2023-08-24 North Shore of Honolulu/_Z9C0328.xmp
False,no keywords + missing JPEG in CSV,2023,2023.1,2023-08-24 North Shore of Honolulu,_Z9C0329,no_jpg,,data/xmp/result-2023/raw/2023.1/2023-08-24 North Shore of Honolulu/_Z9C0329.xmp
False,no keywords + missing JPEG in CSV,2023,2023.1,2023-08-24 North Shore of Honolulu,_Z9C0332,no_jpg,,data/xmp/result-2023/raw/2023.1/2023-08-24 North Shore of Honolulu/_Z9C0332.xmp
False,no keywords + missing JPEG in CSV,2023,2023.1,2023-08-24 North Shore of Honolulu,_Z9C0334,no_jpg,,data/xmp/result-2023/raw/2023.1/2023-08-24 North Shore of Honolulu/_Z9C0334.xmp
False,no keywords + missing JPEG in CSV,2023,2023.1,2023-08-24 North Shore of Honolulu,_Z9C0346,no_jpg,,data/xmp/result-2023/raw/2023.1/2023-08-24 North Shore of Honolulu/_Z9C0346.xmp
False,no keywords + missing JPEG in CSV,2023,2023.1,2023-08-24 North Shore of Honolulu,_Z9C0347,ambiguous,,data/xmp/result-2023/raw/2023.1/2023-08-24 North Shore of Honolulu/_Z9C0347.xmp
False,no keywords + missing JPEG in CSV,2023,2023.1,2023-08-24 North Shore of Honolulu,_Z9C0348,no_jpg,,data/xmp/result-2023/raw/2023.1/2023-08-24 North Shore of Honolulu/_Z9C0348.xmp
False,no keywords + missing JPEG in CSV,2023,2023.1,2023-08-24 North Shore of Honolulu,_Z9C0357,no_jpg,,data/xmp/result-2023/raw/2023.1/2023-08-24 North Shore of Honolulu/_Z9C0357.xmp
False,no keywords + missing JPEG in CSV,2023,2023.1,2023-08-24 North Shore of Honolulu,_Z9C0358,no_jpg,,data/xmp/result-2023/raw/2023.1/2023-08-24 North Shore of Honolulu/_Z9C0358.xmp
False,no keywords + missing JPEG in CSV,2023,2023.1,2023-08-24 North Shore of Honolulu,_Z9C0359,no_jpg,,data/xmp/result-2023/raw/2023.1/2023-08-24 North Shore of Honolulu/_Z9C0359.xmp
False,no keywords + missing JPEG in CSV,2023,2023.1,2023-08-24 North Shore of Honolulu,_Z9C0373,no_jpg,,data/xmp/result-2023/raw/2023.1/2023-08-24 North Shore of Honolulu/_Z9C0373.xmp
False,no keywords + missing JPEG in CSV,2023,2023.1,2023-08-24 North Shore of Honolulu,_Z9C0377,no_jpg,,data/xmp/result-2023/raw/2023.1/2023-08-24 North Shore of Honolulu/_Z9C0377.xmp
False,no keywords + missing JPEG in CSV,2023,2023.1,2023-08-24 North Shore of Honolulu,_Z9C0391,no_jpg,,data/xmp/result-2023/raw/2023.1/2023-08-24 North Shore of Honolulu/_Z9C0391.xmp
False,no keywords + missing JPEG in CSV,2023,2023.1,2023-08-24 North Shore of Honolulu,_Z9C0408,no_jpg,,data/xmp/result-2023/raw/2023.1/2023-08-24 North Shore of Honolulu/_Z9C0408.xmp
False,no keywords + missing JPEG in CSV,2023,2023.1,2023-08-24 North Shore of Honolulu,_Z9C0424,no_jpg,,data/xmp/result-2023/raw/2023.1/2023-08-24 North Shore of Honolulu/_Z9C0424.xmp
False,no keywords + missing JPEG in CSV,2023,2023.1,2023-08-24 North Shore of Honolulu,_Z9C0427,no_jpg,,data/xmp/result-2023/raw/2023.1/2023-08-24 North Shore of Honolulu/_Z9C0427.xmp
False,no keywords + missing JPEG in CSV,2023,2023.1,2023-08-24 North Shore of Honolulu,_Z9C0432,no_jpg,,data/xmp/result-2023/raw/2023.1/2023-08-24 North Shore of Honolulu/_Z9C0432.xmp
False,no keywords + missing JPEG in CSV,2023,2023.1,2023-08-24 North Shore of Honolulu,_Z9C0444,ambiguous,,data/xmp/result-2023/raw/2023.1/2023-08-24 North Shore of Honolulu/_Z9C0444.xmp
False,no keywords + missing JPEG in CSV,2023,2023.1,2023-08-24 North Shore of Honolulu,_Z9C0447,no_jpg,,data/xmp/result-2023/raw/2023.1/2023-08-24 North Shore of Honolulu/_Z9C0447.xmp
False,no keywords + missing JPEG in CSV,2023,2023.1,2023-08-24 North Shore of Honolulu,_Z9C0448,no_jpg,,data/xmp/result-2023/raw/2023.1/2023-08-24 North Shore of Honolulu/_Z9C0448.xmp
False,no keywords + missing JPEG in CSV,2023,2023.1,2023-08-24 North Shore of Honolulu,_Z9C0449,no_jpg,,data/xmp/result-2023/raw/2023.1/2023-08-24 North Shore of Honolulu/_Z9C0449.xmp
False,no keywords + missing JPEG in CSV,2023,2023.1,2023-08-24 North Shore of Honolulu,_Z9C0454,no_jpg,,data/xmp/result-2023/raw/2023.1/2023-08-24 North Shore of Honolulu/_Z9C0454.xmp
False,no keywords + missing JPEG in CSV,2023,2023.1,2023-08-24 North Shore of Honolulu,_Z9C0475,no_jpg,,data/xmp/result-2023/raw/2023.1/2023-08-24 North Shore of Honolulu/_Z9C0475.xmp
False,no keywords + missing JPEG in CSV,2023,2023.1,2023-08-24 North Shore of Honolulu,_Z9C0476,no_jpg,,data/xmp/result-2023/raw/2023.1/2023-08-24 North Shore of Honolulu/_Z9C0476.xmp
False,no keywords + missing JPEG in CSV,2023,2023.1,2023-08-24 North Shore of Honolulu,_Z9C0494,no_jpg,,data/xmp/result-2023/raw/2023.1/2023-08-24 North Shore of Honolulu/_Z9C0494.xmp
False,no keywords + missing JPEG in CSV,2023,2023.1,2023-08-24 North Shore of Honolulu,_Z9C0498,no_jpg,,data/xmp/result-2023/raw/2023.1/2023-08-24 North Shore of Honolulu/_Z9C0498.xmp
False,no keywords + missing JPEG in CSV,2023,2023.1,2023-08-24 North Shore of Honolulu,_Z9C0499,no_jpg,,data/xmp/result-2023/raw/2023.1/2023-08-24 North Shore of Honolulu/_Z9C0499.xmp
False,no keywords + missing JPEG in CSV,2023,2023.1,2023-08-24 North Shore of Honolulu,_Z9C0500,no_jpg,,data/xmp/result-2023/raw/2023.1/2023-08-24 North Shore of Honolulu/_Z9C0500.xmp
False,no keywords + missing JPEG in CSV,2023,2023.1,2023-08-24 North Shore of Honolulu,_Z9C0504,no_jpg,,data/xmp/result-2023/raw/2023.1/2023-08-24 North Shore of Honolulu/_Z9C0504.xmp
False,no keywords + missing JPEG in CSV,2023,2023.1,2023-08-24 North Shore of Honolulu,_Z9C0507,no_jpg,,data/xmp/result-2023/raw/2023.1/2023-08-24 North Shore of Honolulu/_Z9C0507.xmp
False,no keywords + missing JPEG in CSV,2023,2023.1,2023-08-24 North Shore of Honolulu,_Z9C0514,no_jpg,,data/xmp/result-2023/raw/2023.1/2023-08-24 North Shore of Honolulu/_Z9C0514.xmp
False,no keywords + missing JPEG in CSV,2023,2023.1,2023-08-24 North Shore of Honolulu,_Z9C0518,no_jpg,,data/xmp/result-2023/raw/2023.1/2023-08-24 North Shore of Honolulu/_Z9C0518.xmp
False,no keywords + missing JPEG in CSV,2023,2023.1,2023-08-24 North Shore of Honolulu,_Z9C0519,no_jpg,,data/xmp/result-2023/raw/2023.1/2023-08-24 North Shore of Honolulu/_Z9C0519.xmp
False,no keywords + missing JPEG in CSV,2023,2023.1,2023-08-25 Birds,_D5D9769,no_jpg,,data/xmp/result-2023/raw/2023.1/2023-08-25 Birds/_D5D9769.xmp
False,no keywords + missing JPEG in CSV,2023,2023.1,2023-08-25 Birds,_D5D9775,no_jpg,,data/xmp/result-2023/raw/2023.1/2023-08-25 Birds/_D5D9775.xmp
False,no keywords + missing JPEG in CSV,2023,2023.1,2023-08-25 Birds,_D5D9790,ambiguous,,data/xmp/result-2023/raw/2023.1/2023-08-25 Birds/_D5D9790.xmp
False,no keywords + missing JPEG in CSV,2023,2023.1,2023-08-25 Birds,_D5D9818,off_folder_cross_year,,data/xmp/result-2023/raw/2023.1/2023-08-25 Birds/_D5D9818.xmp
False,no keywords + missing JPEG in CSV,2023,2023.1,2023-08-25 Birds,_D5D9835,no_jpg,,data/xmp/result-2023/raw/2023.1/2023-08-25 Birds/_D5D9835.xmp
False,no keywords + missing JPEG in CSV,2023,2023.1,2023-08-25 Ho’omaluhia Botanic Garden,_Z9C0531,no_jpg,,data/xmp/result-2023/raw/2023.1/2023-08-25 Ho’omaluhia Botanic Garden/_Z9C0531.xmp
False,no keywords + missing JPEG in CSV,2023,2023.1,2023-08-25 Ho’omaluhia Botanic Garden,_Z9C0551,no_jpg,,data/xmp/result-2023/raw/2023.1/2023-08-25 Ho’omaluhia Botanic Garden/_Z9C0551.xmp
False,no keywords + missing JPEG in CSV,2023,2023.1,2023-08-25 Ho’omaluhia Botanic Garden,_Z9C0552,no_jpg,,data/xmp/result-2023/raw/2023.1/2023-08-25 Ho’omaluhia Botanic Garden/_Z9C0552.xmp
False,no keywords + missing JPEG in CSV,2023,2023.1,2023-08-25 Ho’omaluhia Botanic Garden,_Z9C0556,no_jpg,,data/xmp/result-2023/raw/2023.1/2023-08-25 Ho’omaluhia Botanic Garden/_Z9C0556.xmp
False,no keywords + missing JPEG in CSV,2023,2023.1,2023-08-25 Ho’omaluhia Botanic Garden,_Z9C0574,no_jpg,,data/xmp/result-2023/raw/2023.1/2023-08-25 Ho’omaluhia Botanic Garden/_Z9C0574.xmp
False,no keywords + missing JPEG in CSV,2023,2023.1,2023-08-25 Ho’omaluhia Botanic Garden,_Z9C0575,no_jpg,,data/xmp/result-2023/raw/2023.1/2023-08-25 Ho’omaluhia Botanic Garden/_Z9C0575.xmp
False,no keywords + missing JPEG in CSV,2023,2023.1,2023-08-25 Ho’omaluhia Botanic Garden,_Z9C0577,no_jpg,,data/xmp/result-2023/raw/2023.1/2023-08-25 Ho’omaluhia Botanic Garden/_Z9C0577.xmp
False,no keywords + missing JPEG in CSV,2023,2023.1,2023-08-25 Ho’omaluhia Botanic Garden,_Z9C0578,no_jpg,,data/xmp/result-2023/raw/2023.1/2023-08-25 Ho’omaluhia Botanic Garden/_Z9C0578.xmp
False,no keywords + missing JPEG in CSV,2023,2023.1,2023-08-25 Ho’omaluhia Botanic Garden,_Z9C0579,no_jpg,,data/xmp/result-2023/raw/2023.1/2023-08-25 Ho’omaluhia Botanic Garden/_Z9C0579.xmp
False,no keywords + missing JPEG in CSV,2023,2023.1,2023-08-25 Ho’omaluhia Botanic Garden,_Z9C0581,no_jpg,,data/xmp/result-2023/raw/2023.1/2023-08-25 Ho’omaluhia Botanic Garden/_Z9C0581.xmp
False,no keywords + missing JPEG in CSV,2023,2023.1,2023-08-25 Ho’omaluhia Botanic Garden,_Z9C0583,no_jpg,,data/xmp/result-2023/raw/2023.1/2023-08-25 Ho’omaluhia Botanic Garden/_Z9C0583.xmp
False,no keywords + missing JPEG in CSV,2023,2023.1,2023-08-25 Ho’omaluhia Botanic Garden,_Z9C0587,no_jpg,,data/xmp/result-2023/raw/2023.1/2023-08-25 Ho’omaluhia Botanic Garden/_Z9C0587.xmp
False,no keywords + missing JPEG in CSV,2023,2023.1,2023-08-25 Ho’omaluhia Botanic Garden,_Z9C0588,no_jpg,,data/xmp/result-2023/raw/2023.1/2023-08-25 Ho’omaluhia Botanic Garden/_Z9C0588.xmp
False,no keywords + missing JPEG in CSV,2023,2023.1,2023-08-25 Ho’omaluhia Botanic Garden,_Z9C0591,no_jpg,,data/xmp/result-2023/raw/2023.1/2023-08-25 Ho’omaluhia Botanic Garden/_Z9C0591.xmp
False,no keywords + missing JPEG in CSV,2023,2023.1,2023-08-25 Ho’omaluhia Botanic Garden,_Z9C0597,ambiguous,,data/xmp/result-2023/raw/2023.1/2023-08-25 Ho’omaluhia Botanic Garden/_Z9C0597.xmp
False,no keywords + missing JPEG in CSV,2023,2023.1,2023-08-25 Ho’omaluhia Botanic Garden,_Z9C0599,no_jpg,,data/xmp/result-2023/raw/2023.1/2023-08-25 Ho’omaluhia Botanic Garden/_Z9C0599.xmp
False,no keywords + missing JPEG in CSV,2023,2023.1,2023-08-25 Ho’omaluhia Botanic Garden,_Z9C0605,no_jpg,,data/xmp/result-2023/raw/2023.1/2023-08-25 Ho’omaluhia Botanic Garden/_Z9C0605.xmp
False,no keywords + missing JPEG in CSV,2023,2023.1,2023-08-25 Ho’omaluhia Botanic Garden,_Z9C0611,no_jpg,,data/xmp/result-2023/raw/2023.1/2023-08-25 Ho’omaluhia Botanic Garden/_Z9C0611.xmp
False,no keywords + missing JPEG in CSV,2023,2023.1,2023-08-25 Ho’omaluhia Botanic Garden,_Z9C0613,no_jpg,,data/xmp/result-2023/raw/2023.1/2023-08-25 Ho’omaluhia Botanic Garden/_Z9C0613.xmp
False,no keywords + missing JPEG in CSV,2023,2023.1,2023-08-25 Ho’omaluhia Botanic Garden,_Z9C0617,no_jpg,,data/xmp/result-2023/raw/2023.1/2023-08-25 Ho’omaluhia Botanic Garden/_Z9C0617.xmp
False,no keywords + missing JPEG in CSV,2023,2023.1,2023-08-25 Ho’omaluhia Botanic Garden,_Z9C0623,no_jpg,,data/xmp/result-2023/raw/2023.1/2023-08-25 Ho’omaluhia Botanic Garden/_Z9C0623.xmp
False,no keywords + missing JPEG in CSV,2023,2023.1,2023-08-25 Ho’omaluhia Botanic Garden,_Z9C0629,no_jpg,,data/xmp/result-2023/raw/2023.1/2023-08-25 Ho’omaluhia Botanic Garden/_Z9C0629.xmp
False,no keywords + missing JPEG in CSV,2023,2023.1,2023-08-25 Ho’omaluhia Botanic Garden,_Z9C0633,no_jpg,,data/xmp/result-2023/raw/2023.1/2023-08-25 Ho’omaluhia Botanic Garden/_Z9C0633.xmp
False,no keywords + missing JPEG in CSV,2023,2023.1,2023-08-25 Ho’omaluhia Botanic Garden,_Z9C0634,no_jpg,,data/xmp/result-2023/raw/2023.1/2023-08-25 Ho’omaluhia Botanic Garden/_Z9C0634.xmp
False,no keywords + missing JPEG in CSV,2023,2023.1,2023-08-25 Ho’omaluhia Botanic Garden,_Z9C0640,ambiguous,,data/xmp/result-2023/raw/2023.1/2023-08-25 Ho’omaluhia Botanic Garden/_Z9C0640.xmp
False,no keywords + missing JPEG in CSV,2023,2023.1,2023-08-25 Ho’omaluhia Botanic Garden,_Z9C0641,no_jpg,,data/xmp/result-2023/raw/2023.1/2023-08-25 Ho’omaluhia Botanic Garden/_Z9C0641.xmp
False,no keywords + missing JPEG in CSV,2023,2023.1,2023-08-25 Ho’omaluhia Botanic Garden,_Z9C0642,no_jpg,,data/xmp/result-2023/raw/2023.1/2023-08-25 Ho’omaluhia Botanic Garden/_Z9C0642.xmp
False,no keywords + missing JPEG in CSV,2023,2023.1,2023-08-25 Ho’omaluhia Botanic Garden,_Z9C0669,no_jpg,,data/xmp/result-2023/raw/2023.1/2023-08-25 Ho’omaluhia Botanic Garden/_Z9C0669.xmp
False,no keywords + missing JPEG in CSV,2023,2023.1,2023-08-25 Ho’omaluhia Botanic Garden,_Z9C0670,no_jpg,,data/xmp/result-2023/raw/2023.1/2023-08-25 Ho’omaluhia Botanic Garden/_Z9C0670.xmp
False,no keywords + missing JPEG in CSV,2023,2023.1,2023-08-25 Ho’omaluhia Botanic Garden,_Z9C0671,no_jpg,,data/xmp/result-2023/raw/2023.1/2023-08-25 Ho’omaluhia Botanic Garden/_Z9C0671.xmp
False,no keywords + missing JPEG in CSV,2023,2023.1,2023-08-25 Ho’omaluhia Botanic Garden,_Z9C0675,no_jpg,,data/xmp/result-2023/raw/2023.1/2023-08-25 Ho’omaluhia Botanic Garden/_Z9C0675.xmp
False,no keywords + missing JPEG in CSV,2023,2023.1,2023-08-25 Ho’omaluhia Botanic Garden,_Z9C0676,no_jpg,,data/xmp/result-2023/raw/2023.1/2023-08-25 Ho’omaluhia Botanic Garden/_Z9C0676.xmp
False,no keywords + missing JPEG in CSV,2023,2023.1,2023-08-26 USS Arizona Memorial,_Z9C0688,no_jpg,,data/xmp/result-2023/raw/2023.1/2023-08-26 USS Arizona Memorial/_Z9C0688.xmp
False,no keywords + missing JPEG in CSV,2023,2023.1,2023-08-26 USS Arizona Memorial,_Z9C0689,no_jpg,,data/xmp/result-2023/raw/2023.1/2023-08-26 USS Arizona Memorial/_Z9C0689.xmp
False,no keywords + missing JPEG in CSV,2023,2023.1,2023-08-26 USS Arizona Memorial,_Z9C0690,no_jpg,,data/xmp/result-2023/raw/2023.1/2023-08-26 USS Arizona Memorial/_Z9C0690.xmp
False,no keywords + missing JPEG in CSV,2023,2023.1,2023-08-26 USS Arizona Memorial,_Z9C0701,no_jpg,,data/xmp/result-2023/raw/2023.1/2023-08-26 USS Arizona Memorial/_Z9C0701.xmp
False,no keywords + missing JPEG in CSV,2023,2023.1,2023-08-26 USS Arizona Memorial,_Z9C0707,no_jpg,,data/xmp/result-2023/raw/2023.1/2023-08-26 USS Arizona Memorial/_Z9C0707.xmp
False,no keywords + missing JPEG in CSV,2023,2023.1,2023-08-26 USS Arizona Memorial,_Z9C0709,no_jpg,,data/xmp/result-2023/raw/2023.1/2023-08-26 USS Arizona Memorial/_Z9C0709.xmp
False,no keywords + missing JPEG in CSV,2023,2023.1,2023-08-26 USS Arizona Memorial,_Z9C0716,no_jpg,,data/xmp/result-2023/raw/2023.1/2023-08-26 USS Arizona Memorial/_Z9C0716.xmp
False,no keywords + missing JPEG in CSV,2023,2023.1,2023-08-26 USS Arizona Memorial,_Z9C0719,no_jpg,,data/xmp/result-2023/raw/2023.1/2023-08-26 USS Arizona Memorial/_Z9C0719.xmp
False,no keywords + missing JPEG in CSV,2023,2023.1,2023-08-26 USS Arizona Memorial,_Z9C0741,no_jpg,,data/xmp/result-2023/raw/2023.1/2023-08-26 USS Arizona Memorial/_Z9C0741.xmp
False,no keywords + missing JPEG in CSV,2023,2023.2,2023-12-07 古筝,_DSC1045,no_jpg,,data/xmp/result-2023/raw/2023.2/2023-12-07 古筝/_DSC1045.xmp
False,no keywords + missing JPEG in CSV,2023,2023.2,2023-12-07 古筝,_DSC1048,no_jpg,,data/xmp/result-2023/raw/2023.2/2023-12-07 古筝/_DSC1048.xmp
False,no keywords + missing JPEG in CSV,2023,2023.2,2023-12-27 径山,_DSC1108,no_jpg,,data/xmp/result-2023/raw/2023.2/2023-12-27 径山/_DSC1108.xmp
False,no keywords + missing JPEG in CSV,2024,2024.1,2024-01-04 剑湖,_Z9C4571,no_jpg,,data/xmp/result-2024/raw/2024.1/2024-01-04 剑湖/_Z9C4571.xmp
False,no keywords + missing JPEG in CSV,2024,2024.1,2024-01-04 剑湖,_Z9C4572,no_jpg,,data/xmp/result-2024/raw/2024.1/2024-01-04 剑湖/_Z9C4572.xmp
False,no keywords + missing JPEG in CSV,2024,2024.1,2024-01-06 Shangri-La,_D5D1565,ambiguous,,data/xmp/result-2024/raw/2024.1/2024-01-06 Shangri-La/_D5D1565.xmp
False,no keywords + missing JPEG in CSV,2024,2024.1,2024-01-07 拉市海,_D5D4630,no_jpg,,data/xmp/result-2024/raw/2024.1/2024-01-07 拉市海/_D5D4630.xmp
False,no keywords + missing JPEG in CSV,2024,2024.2,2024-01-12 剑湖,_D5D8868,no_jpg,,data/xmp/result-2024/raw/2024.2/2024-01-12 剑湖/_D5D8868.xmp
False,no keywords + missing JPEG in CSV,2024,2024.2,2024-01-12 剑湖,_D5D8910,no_jpg,,data/xmp/result-2024/raw/2024.2/2024-01-12 剑湖/_D5D8910.xmp
False,no keywords + missing JPEG in CSV,2024,2024.2,2024-01-12 剑湖,_D5D8997,no_jpg,,data/xmp/result-2024/raw/2024.2/2024-01-12 剑湖/_D5D8997.xmp
False,no keywords + missing JPEG in CSV,2024,2024.2,2024-01-12 剑湖,_D5D9232,no_jpg,,data/xmp/result-2024/raw/2024.2/2024-01-12 剑湖/_D5D9232.xmp
False,no keywords + missing JPEG in CSV,2024,2024.2,2024-01-14 漾濞 云上村庄,_Z9C2960,no_jpg,,data/xmp/result-2024/raw/2024.2/2024-01-14 漾濞 云上村庄/_Z9C2960.xmp
False,no keywords + missing JPEG in CSV,2024,2024.2,2024-01-14 漾濞 云上村庄,_Z9C3042,no_jpg,,data/xmp/result-2024/raw/2024.2/2024-01-14 漾濞 云上村庄/_Z9C3042.xmp
False,no keywords + missing JPEG in CSV,2024,2024.2,2024-01-14 漾濞 云上村庄,_Z9C3208,ambiguous,,data/xmp/result-2024/raw/2024.2/2024-01-14 漾濞 云上村庄/_Z9C3208.xmp
False,no keywords + missing JPEG in CSV,2024,2024.2,2024-01-15 短耳鸮 & 细嘴鸥,_Z9C3270,no_jpg,,data/xmp/result-2024/raw/2024.2/2024-01-15 短耳鸮 & 细嘴鸥/_Z9C3270.xmp
False,no keywords + missing JPEG in CSV,2024,2024.2,2024-03-30 无锡鼋头渚,_D5D5239,no_jpg,,data/xmp/result-2024/raw/2024.2/2024-03-30 无锡鼋头渚/_D5D5239.xmp
False,no keywords + missing JPEG in CSV,2024,2024.2,2024-04-01 拈花湾,_V9A1544,no_jpg,,data/xmp/result-2024/raw/2024.2/2024-04-01 拈花湾/_V9A1544.xmp
False,no keywords + missing JPEG in CSV,2024,2024.2,2024-04-16 Sydney,_D5D6426,no_jpg,,data/xmp/result-2024/raw/2024.2/2024-04-16 Sydney/_D5D6426.xmp
False,no keywords + missing JPEG in CSV,2024,2024.3,2024-04-21 Phillips Island,_D5D8562,no_jpg,,data/xmp/result-2024/raw/2024.3/2024-04-21 Phillips Island/_D5D8562.xmp
False,no keywords + missing JPEG in CSV,2024,2024.3,2024-04-21 Phillips Island,_D5D8686,off_folder_cross_year,,data/xmp/result-2024/raw/2024.3/2024-04-21 Phillips Island/_D5D8686.xmp
False,no keywords + missing JPEG in CSV,2024,2024.3,2024-04-21 Phillips Island,_D5D8749,no_jpg,,data/xmp/result-2024/raw/2024.3/2024-04-21 Phillips Island/_D5D8749.xmp
False,no keywords + missing JPEG in CSV,2024,2024.3,2024-04-21 Phillips Island,_D5D8802,no_jpg,,data/xmp/result-2024/raw/2024.3/2024-04-21 Phillips Island/_D5D8802.xmp
False,no keywords + missing JPEG in CSV,2024,2024.3,2024-04-21 Phillips Island,_D5D8811,no_jpg,,data/xmp/result-2024/raw/2024.3/2024-04-21 Phillips Island/_D5D8811.xmp
False,no keywords + missing JPEG in CSV,2024,2024.3,2024-04-21 Phillips Island,_D5D8933,no_jpg,,data/xmp/result-2024/raw/2024.3/2024-04-21 Phillips Island/_D5D8933.xmp
False,no keywords + missing JPEG in CSV,2024,2024.3,2024-04-23 Tasmania Island,_D5D9086,ambiguous,,data/xmp/result-2024/raw/2024.3/2024-04-23 Tasmania Island/_D5D9086.xmp
False,no keywords + missing JPEG in CSV,2024,2024.3,2024-04-24 Brune Island,_D5D0047,no_jpg,,data/xmp/result-2024/raw/2024.3/2024-04-24 Brune Island/_D5D0047.xmp
False,no keywords + missing JPEG in CSV,2024,2024.3,2024-04-24 Brune Island,_D5D0566,no_jpg,,data/xmp/result-2024/raw/2024.3/2024-04-24 Brune Island/_D5D0566.xmp
False,no keywords,2024,2024.3,2024-04-25 Port Arther,_D5D2128,ambiguous,,data/xmp/result-2024/raw/2024.3/2024-04-25 Port Arther/_D5D2128.xmp
False,no keywords + missing JPEG in CSV,2024,2024.3,2024-04-26 Tamar Wetland,_D5D4241,off_folder_cross_year,,data/xmp/result-2024/raw/2024.3/2024-04-26 Tamar Wetland/_D5D4241.xmp
False,no keywords + missing JPEG in CSV,2024,2024.3,2024-04-26 Tamar Wetland,_D5D4351,off_folder_cross_year,,data/xmp/result-2024/raw/2024.3/2024-04-26 Tamar Wetland/_D5D4351.xmp
False,no keywords + missing JPEG in CSV,2024,2024.3,2024-04-28 Tasmania Royal Botanic Garden,_D5D6154,no_jpg,,data/xmp/result-2024/raw/2024.3/2024-04-28 Tasmania Royal Botanic Garden/_D5D6154.xmp
False,no keywords + missing JPEG in CSV,2024,2024.3,2024-04-28 Tasmania Royal Botanic Garden,_D5D6307,no_jpg,,data/xmp/result-2024/raw/2024.3/2024-04-28 Tasmania Royal Botanic Garden/_D5D6307.xmp
False,no keywords + missing JPEG in CSV,2024,2024.3,2024-04-28 Tasmania Royal Botanic Garden,_D5D6309,no_jpg,,data/xmp/result-2024/raw/2024.3/2024-04-28 Tasmania Royal Botanic Garden/_D5D6309.xmp
False,no keywords + missing JPEG in CSV,2024,2024.3,2024-04-28 Tasmania Royal Botanic Garden,_D5D6372,off_folder_cross_year,,data/xmp/result-2024/raw/2024.3/2024-04-28 Tasmania Royal Botanic Garden/_D5D6372.xmp
False,no keywords,2024,2024.3,2024-04-28 Tasmania Royal Botanic Garden,_D5D6417,ambiguous,,data/xmp/result-2024/raw/2024.3/2024-04-28 Tasmania Royal Botanic Garden/_D5D6417.xmp
False,no keywords + missing JPEG in CSV,2024,2024.4,2024-05-01 Gold Coast,_D5D6967,ambiguous,,data/xmp/result-2024/raw/2024.4/2024-05-01 Gold Coast/2024-04-19 Melboune Birds/_D5D6967.xmp
False,no keywords + missing JPEG in CSV,2024,2024.4,2024-05-01 Gold Coast,_D5D6986,ambiguous,,data/xmp/result-2024/raw/2024.4/2024-05-01 Gold Coast/2024-04-19 Melboune Birds/_D5D6986.xmp
False,no keywords + missing JPEG in CSV,2024,2024.4,2024-05-01 Gold Coast,_D5D7147,ambiguous,,data/xmp/result-2024/raw/2024.4/2024-05-01 Gold Coast/2024-04-19 Melboune Birds/_D5D7147.xmp
False,no keywords + missing JPEG in CSV,2024,2024.4,2024-05-01 Gold Coast,_D5D7154,ambiguous,,data/xmp/result-2024/raw/2024.4/2024-05-01 Gold Coast/2024-04-19 Melboune Birds/_D5D7154.xmp
False,no keywords + missing JPEG in CSV,2024,2024.4,2024-05-01 Gold Coast,_D5D7213,ambiguous,,data/xmp/result-2024/raw/2024.4/2024-05-01 Gold Coast/2024-04-19 Melboune Birds/_D5D7213.xmp
False,no keywords + missing JPEG in CSV,2024,2024.4,2024-05-01 Gold Coast,_D5D7237,ambiguous,,data/xmp/result-2024/raw/2024.4/2024-05-01 Gold Coast/2024-04-19 Melboune Birds/_D5D7237.xmp
False,no keywords + missing JPEG in CSV,2024,2024.4,2024-05-01 Gold Coast,_D5D7259,ambiguous,,data/xmp/result-2024/raw/2024.4/2024-05-01 Gold Coast/2024-04-19 Melboune Birds/_D5D7259.xmp
False,no keywords + missing JPEG in CSV,2024,2024.4,2024-05-02 Christchurch-Mona Vale Garden,_D5D7850,no_jpg,,data/xmp/result-2024/raw/2024.4/2024-05-02 Christchurch-Mona Vale Garden/_D5D7850.xmp
False,no keywords + missing JPEG in CSV,2024,2024.4,2024-05-04 Eastern Side of NZL South,_D5D0397,no_jpg,,data/xmp/result-2024/raw/2024.4/2024-05-04 Eastern Side of NZL South/_D5D0397.xmp
False,no keywords + missing JPEG in CSV,2024,2024.4,2024-05-04 Eastern Side of NZL South,_D5D9572,no_jpg,,data/xmp/result-2024/raw/2024.4/2024-05-04 Eastern Side of NZL South/_D5D9572.xmp
False,no keywords + missing JPEG in CSV,2024,2024.4,2024-05-04 Eastern Side of NZL South,_D5D9605,no_jpg,,data/xmp/result-2024/raw/2024.4/2024-05-04 Eastern Side of NZL South/_D5D9605.xmp
False,no keywords + missing JPEG in CSV,2024,2024.4,2024-05-04 Eastern Side of NZL South,_D5D9669,no_jpg,,data/xmp/result-2024/raw/2024.4/2024-05-04 Eastern Side of NZL South/_D5D9669.xmp
False,no keywords + missing JPEG in CSV,2024,2024.4,2024-05-04 Eastern Side of NZL South,_D5D9853,no_jpg,,data/xmp/result-2024/raw/2024.4/2024-05-04 Eastern Side of NZL South/_D5D9853.xmp
False,no keywords + missing JPEG in CSV,2024,2024.4,2024-05-05 Southern Side of NZL South,_Z9C7647,no_jpg,,data/xmp/result-2024/raw/2024.4/2024-05-05 Southern Side of NZL South/_Z9C7647.xmp
False,no keywords,2024,2024.4,2024-05-08 Mount Kock,_D5D1221,ambiguous,,data/xmp/result-2024/raw/2024.4/2024-05-08 Mount Kock/_D5D1221.xmp
False,no keywords + missing JPEG in CSV,2024,2024.4,2024-05-08 Mount Kock,_D5D1320,no_jpg,,data/xmp/result-2024/raw/2024.4/2024-05-08 Mount Kock/_D5D1320.xmp
False,no keywords + missing JPEG in CSV,2024,2024.4,2024-05-08 Mount Kock,_D5D2824,no_jpg,,data/xmp/result-2024/raw/2024.4/2024-05-08 Mount Kock/_D5D2824.xmp
False,no keywords + missing JPEG in CSV,2024,2024.4,2024-05-08 Mount Kock,_D5D2830,no_jpg,,data/xmp/result-2024/raw/2024.4/2024-05-08 Mount Kock/_D5D2830.xmp
False,no keywords + missing JPEG in CSV,2024,2024.4,2024-05-09 NZL (Flight from S to N),_D5D2838,no_jpg,,data/xmp/result-2024/raw/2024.4/2024-05-09 NZL (Flight from S to N)/_D5D2838.xmp
False,no keywords + missing JPEG in CSV,2024,2024.4,2024-05-09 NZL (Flight from S to N),_D5D2848,ambiguous,,data/xmp/result-2024/raw/2024.4/2024-05-09 NZL (Flight from S to N)/_D5D2848.xmp
False,no keywords + missing JPEG in CSV,2024,2024.4,2024-05-10 Rotorua and Waiotapu,_D5D2985,off_folder_cross_year,,data/xmp/result-2024/raw/2024.4/2024-05-10 Rotorua and Waiotapu/_D5D2985.xmp
False,no keywords + missing JPEG in CSV,2024,2024.4,2024-05-10 Rotorua and Waiotapu,_D5D3027,no_jpg,,data/xmp/result-2024/raw/2024.4/2024-05-10 Rotorua and Waiotapu/_D5D3027.xmp
False,no keywords + missing JPEG in CSV,2024,2024.4,2024-05-10 Rotorua and Waiotapu,_D5D3270,no_jpg,,data/xmp/result-2024/raw/2024.4/2024-05-10 Rotorua and Waiotapu/_D5D3270.xmp
False,no keywords + missing JPEG in CSV,2024,2024.4,2024-05-10 Rotorua and Waiotapu,_D5D3286,no_jpg,,data/xmp/result-2024/raw/2024.4/2024-05-10 Rotorua and Waiotapu/_D5D3286.xmp
False,no keywords + missing JPEG in CSV,2024,2024.4,2024-05-11 Hobbiton,_Z9C8626,no_jpg,,data/xmp/result-2024/raw/2024.4/2024-05-11 Hobbiton/_Z9C8626.xmp
False,no keywords + missing JPEG in CSV,2024,2024.4,2024-05-11 Hobbiton,_Z9C8653,no_jpg,,data/xmp/result-2024/raw/2024.4/2024-05-11 Hobbiton/_Z9C8653.xmp
False,no keywords + missing JPEG in CSV,2024,2024.4,2024-05-14 Wellington Zoo,_D5D5097,no_jpg,,data/xmp/result-2024/raw/2024.4/2024-05-14 Wellington Zoo/_D5D5097.xmp
False,no keywords + missing JPEG in CSV,2025,2025.1,2025-04-23 Victorial Fall City,_Z9C0794,ambiguous,,data/xmp/result-2025/raw/2025.1/2025-04-23 Victorial Fall City/_Z9C0794.xmp
False,no keywords + missing JPEG in CSV,2025,2025.1,2025-04-23 Victorial Fall City,_Z9C0795,ambiguous,,data/xmp/result-2025/raw/2025.1/2025-04-23 Victorial Fall City/_Z9C0795.xmp
False,no keywords + missing JPEG in CSV,2025,2025.2,2025-05-06 Milkyway,_V9A2785,no_jpg,,data/xmp/result-2025/raw/2025.2/2025-05-06 Milkyway/_V9A2785.xmp
False,no keywords + missing JPEG in CSV,2025,2025.2,2025-05-10 Ostrach Garden,_D5C3333,off_folder_cross_year,,data/xmp/result-2025/raw/2025.2/2025-05-10 Ostrach Garden/_D5C3333.xmp
False,no keywords + missing JPEG in CSV,2025,2025.2,2025-05-10 Ostrach Garden,_D5C3347,no_jpg,,data/xmp/result-2025/raw/2025.2/2025-05-10 Ostrach Garden/_D5C3347.xmp
False,no keywords + missing JPEG in CSV,2025,2025.2,2025-05-16 Selute to 2025 Graduates,_Z9C5242,ambiguous,,data/xmp/result-2025/raw/2025.2/2025-05-16 Selute to 2025 Graduates/_Z9C5242.xmp
False,no keywords + missing JPEG in CSV,2025,2025.2,2025-05-16 Selute to 2025 Graduates,_Z9C5244,no_jpg,,data/xmp/result-2025/raw/2025.2/2025-05-16 Selute to 2025 Graduates/_Z9C5244.xmp
False,no keywords + missing JPEG in CSV,2025,2025.2,2025-05-16 Selute to 2025 Graduates,_Z9C5304,no_jpg,,data/xmp/result-2025/raw/2025.2/2025-05-16 Selute to 2025 Graduates/_Z9C5304.xmp
False,no keywords + missing JPEG in CSV,2025,2025.2,2025-05-30 Arriving Marrakech,_D5C3599,no_jpg,,data/xmp/result-2025/raw/2025.2/2025-05-30 Arriving Marrakech/_D5C3599.xmp
False,no keywords + missing JPEG in CSV,2025,2025.2,2025-05-31 Marrakech,_D5C4293,no_jpg,,data/xmp/result-2025/raw/2025.2/2025-05-31 Marrakech/_D5C4293.xmp
False,no keywords + missing JPEG in CSV,2025,2025.2,2025-06-03 Tombeaux Pheniciens,_D5C5365,no_jpg,,data/xmp/result-2025/raw/2025.2/2025-06-03 Tombeaux Pheniciens/_D5C5365.xmp
False,no keywords + missing JPEG in CSV,2025,2025.2,2025-06-03 Tombeaux Pheniciens,_D5C5421,no_jpg,,data/xmp/result-2025/raw/2025.2/2025-06-03 Tombeaux Pheniciens/_D5C5421.xmp
False,no keywords + missing JPEG in CSV,2025,2025.2,2025-06-03 Tombeaux Pheniciens,_Z9C6956,no_jpg,,data/xmp/result-2025/raw/2025.2/2025-06-03 Tombeaux Pheniciens/_Z9C6956.xmp
False,no keywords + missing JPEG in CSV,2025,2025.2,2025-06-07 Chefchaouen,_Z9C7390,no_jpg,,data/xmp/result-2025/raw/2025.2/2025-06-07 Chefchaouen/_Z9C7390.xmp
False,no keywords + missing JPEG in CSV,2025,2025.2,2025-06-07 Chefchaouen,_Z9C7393,no_jpg,,data/xmp/result-2025/raw/2025.2/2025-06-07 Chefchaouen/_Z9C7393.xmp
False,no keywords + missing JPEG in CSV,2025,2025.2,2025-06-07 Chefchaouen,_Z9C7396,no_jpg,,data/xmp/result-2025/raw/2025.2/2025-06-07 Chefchaouen/_Z9C7396.xmp
False,no keywords + missing JPEG in CSV,2025,2025.2,2025-06-07 Chefchaouen,_Z9C7402,no_jpg,,data/xmp/result-2025/raw/2025.2/2025-06-07 Chefchaouen/_Z9C7402.xmp
False,no keywords + missing JPEG in CSV,2025,2025.2,2025-06-07 Chefchaouen,_Z9C7422,no_jpg,,data/xmp/result-2025/raw/2025.2/2025-06-07 Chefchaouen/_Z9C7422.xmp
False,no keywords + missing JPEG in CSV,2025,2025.2,2025-06-07 Chefchaouen,_Z9C7426,no_jpg,,data/xmp/result-2025/raw/2025.2/2025-06-07 Chefchaouen/_Z9C7426.xmp
False,no keywords + missing JPEG in CSV,2025,2025.2,2025-06-07 Chefchaouen,_Z9C7432,ambiguous,,data/xmp/result-2025/raw/2025.2/2025-06-07 Chefchaouen/_Z9C7432.xmp
False,no keywords + missing JPEG in CSV,2025,2025.2,2025-06-07 Chefchaouen,_Z9C7438,no_jpg,,data/xmp/result-2025/raw/2025.2/2025-06-07 Chefchaouen/_Z9C7438.xmp
False,no keywords + missing JPEG in CSV,2025,2025.2,2025-06-07 Chefchaouen,_Z9C7439,no_jpg,,data/xmp/result-2025/raw/2025.2/2025-06-07 Chefchaouen/_Z9C7439.xmp
False,no keywords + missing JPEG in CSV,2025,2025.2,2025-06-07 Chefchaouen,_Z9C7444,no_jpg,,data/xmp/result-2025/raw/2025.2/2025-06-07 Chefchaouen/_Z9C7444.xmp
False,no keywords + missing JPEG in CSV,2025,2025.2,2025-06-07 Chefchaouen,_Z9C7449,no_jpg,,data/xmp/result-2025/raw/2025.2/2025-06-07 Chefchaouen/_Z9C7449.xmp
False,no keywords + missing JPEG in CSV,2025,2025.2,2025-06-07 Chefchaouen,_Z9C7491,ambiguous,,data/xmp/result-2025/raw/2025.2/2025-06-07 Chefchaouen/_Z9C7491.xmp
False,no keywords + missing JPEG in CSV,2025,2025.2,2025-06-07 Chefchaouen,_Z9C7512,no_jpg,,data/xmp/result-2025/raw/2025.2/2025-06-07 Chefchaouen/_Z9C7512.xmp
False,no keywords + missing JPEG in CSV,2025,2025.2,2025-06-07 Chefchaouen,_Z9C7516,no_jpg,,data/xmp/result-2025/raw/2025.2/2025-06-07 Chefchaouen/_Z9C7516.xmp
False,no keywords + missing JPEG in CSV,2025,2025.2,2025-06-07 Chefchaouen,_Z9C7524,no_jpg,,data/xmp/result-2025/raw/2025.2/2025-06-07 Chefchaouen/_Z9C7524.xmp
False,no keywords + missing JPEG in CSV,2025,2025.2,2025-06-08 Fes,_D5C6068,no_jpg,,data/xmp/result-2025/raw/2025.2/2025-06-08 Fes/_D5C6068.xmp
False,no keywords + missing JPEG in CSV,2025,2025.2,2025-06-08 Fes,_D5C6070,no_jpg,,data/xmp/result-2025/raw/2025.2/2025-06-08 Fes/_D5C6070.xmp
False,no keywords + missing JPEG in CSV,2025,2025.2,2025-06-08 Fes,_D5C6073,no_jpg,,data/xmp/result-2025/raw/2025.2/2025-06-08 Fes/_D5C6073.xmp
False,no keywords + missing JPEG in CSV,2025,2025.2,2025-06-08 Fes,_D5C6099,no_jpg,,data/xmp/result-2025/raw/2025.2/2025-06-08 Fes/_D5C6099.xmp
False,no keywords + missing JPEG in CSV,2025,2025.2,2025-06-08 Fes,_D5C6104,no_jpg,,data/xmp/result-2025/raw/2025.2/2025-06-08 Fes/_D5C6104.xmp
False,no keywords + missing JPEG in CSV,2025,2025.2,2025-06-09 Fes,_Z9C7573,no_jpg,,data/xmp/result-2025/raw/2025.2/2025-06-09 Fes/_Z9C7573.xmp
False,no keywords + missing JPEG in CSV,2025,2025.2,2025-06-09 Fes,_Z9C7577,no_jpg,,data/xmp/result-2025/raw/2025.2/2025-06-09 Fes/_Z9C7577.xmp
False,no keywords + missing JPEG in CSV,2025,2025.2,2025-06-09 Fes,_Z9C7579,no_jpg,,data/xmp/result-2025/raw/2025.2/2025-06-09 Fes/_Z9C7579.xmp
False,no keywords + missing JPEG in CSV,2025,2025.2,2025-06-10 Sahara Desert,_Z9C7785,no_jpg,,data/xmp/result-2025/raw/2025.2/2025-06-10 Sahara Desert/_Z9C7785.xmp
False,no keywords + missing JPEG in CSV,2025,2025.2,2025-06-11 Sunrise in Sahara Desert,_Z9C8404,no_jpg,,data/xmp/result-2025/raw/2025.2/2025-06-11 Sunrise in Sahara Desert/_Z9C8404.xmp
False,no keywords + missing JPEG in CSV,2025,2025.2,2025-06-20 Granada,_Z9C9000,ambiguous,,data/xmp/result-2025/raw/2025.2/2025-06-20 Granada/_Z9C9000.xmp
False,no keywords + missing JPEG in CSV,2025,2025.2,2025-06-20.4 Granada,_Z9C8978,no_jpg,,data/xmp/result-2025/raw/2025.2/2025-06-20.4 Granada/_Z9C8978.xmp
False,no keywords + missing JPEG in CSV,2025,2025.2,2025-06-20.4 Granada,_Z9C9000,ambiguous,,data/xmp/result-2025/raw/2025.2/2025-06-20.4 Granada/_Z9C9000.xmp
False,no keywords + missing JPEG in CSV,2025,2025.2,2025-06-22.2 Toledo,_Z9C9448,no_jpg,,data/xmp/result-2025/raw/2025.2/2025-06-22.2 Toledo/_Z9C9448.xmp
False,no keywords + missing JPEG in CSV,2025,2025.2,2025-06-30 Suomenlinna,_Z9C4792,no_jpg,,data/xmp/result-2025/raw/2025.2/2025-06-30 Suomenlinna/_Z9C4792.xmp
False,no keywords + missing JPEG in CSV,2025,2025.2,2025-06-30 Suomenlinna,_Z9C4796,no_jpg,,data/xmp/result-2025/raw/2025.2/2025-06-30 Suomenlinna/_Z9C4796.xmp
False,no keywords + missing JPEG in CSV,2025,2025.2,2025-07-01 Stockholm,_Z9C5852,no_jpg,,data/xmp/result-2025/raw/2025.2/2025-07-01 Stockholm/_Z9C5852.xmp
False,no keywords + missing JPEG in CSV,2025,2025.2,2025-07-01 Stockholm,_Z9C5855,no_jpg,,data/xmp/result-2025/raw/2025.2/2025-07-01 Stockholm/_Z9C5855.xmp
False,no keywords + missing JPEG in CSV,2025,2025.2,2025-07-03 Copenhagen,_Z9C6400,no_jpg,,data/xmp/result-2025/raw/2025.2/2025-07-03 Copenhagen/_Z9C6400.xmp
False,no keywords + missing JPEG in CSV,2025,2025.2,2025-07-06.1 Gimsøy Midnight Sun,_D5C8173,off_folder_cross_year,,data/xmp/result-2025/raw/2025.2/2025-07-06.1 Gimsøy Midnight Sun/_D5C8173.xmp
False,no keywords + missing JPEG in CSV,2025,2025.2,2025-07-06.1 Gimsøy Midnight Sun,_D5C8184,no_jpg,,data/xmp/result-2025/raw/2025.2/2025-07-06.1 Gimsøy Midnight Sun/_D5C8184.xmp
False,no keywords + missing JPEG in CSV,2025,2025.2,2025-07-06.1 Gimsøy Midnight Sun,_D5C8208,no_jpg,,data/xmp/result-2025/raw/2025.2/2025-07-06.1 Gimsøy Midnight Sun/_D5C8208.xmp
False,no keywords + missing JPEG in CSV,2025,2025.2,2025-07-06.1 Gimsøy Midnight Sun,_D5C8265,no_jpg,,data/xmp/result-2025/raw/2025.2/2025-07-06.1 Gimsøy Midnight Sun/_D5C8265.xmp
False,no keywords + missing JPEG in CSV,2025,2025.2,2025-07-06.1 Gimsøy Midnight Sun,_D5C8269,off_folder_cross_year,,data/xmp/result-2025/raw/2025.2/2025-07-06.1 Gimsøy Midnight Sun/_D5C8269.xmp
False,no keywords + missing JPEG in CSV,2025,2025.2,2025-07-06.1 Gimsøy Midnight Sun,_D5C8277,no_jpg,,data/xmp/result-2025/raw/2025.2/2025-07-06.1 Gimsøy Midnight Sun/_D5C8277.xmp
False,no keywords + missing JPEG in CSV,2025,2025.2,2025-07-06.1 Gimsøy Midnight Sun,_D5C8284,no_jpg,,data/xmp/result-2025/raw/2025.2/2025-07-06.1 Gimsøy Midnight Sun/_D5C8284.xmp
False,no keywords + missing JPEG in CSV,2025,2025.2,2025-07-06.1 Gimsøy Midnight Sun,_D5C8295,no_jpg,,data/xmp/result-2025/raw/2025.2/2025-07-06.1 Gimsøy Midnight Sun/_D5C8295.xmp
False,no keywords + missing JPEG in CSV,2025,2025.2,2025-07-06.1 Gimsøy Midnight Sun,_D5C8358,no_jpg,,data/xmp/result-2025/raw/2025.2/2025-07-06.1 Gimsøy Midnight Sun/_D5C8358.xmp
False,no keywords + missing JPEG in CSV,2025,2025.2,2025-07-06.1 Lofoten,_D5C8173,off_folder_cross_year,,data/xmp/result-2025/raw/2025.2/2025-07-06.1 Lofoten/_D5C8173.xmp
False,no keywords + missing JPEG in CSV,2025,2025.2,2025-07-06.1 Lofoten,_D5C8184,no_jpg,,data/xmp/result-2025/raw/2025.2/2025-07-06.1 Lofoten/_D5C8184.xmp
False,no keywords + missing JPEG in CSV,2025,2025.2,2025-07-06.1 Lofoten,_D5C8208,no_jpg,,data/xmp/result-2025/raw/2025.2/2025-07-06.1 Lofoten/_D5C8208.xmp
False,no keywords + missing JPEG in CSV,2025,2025.2,2025-07-06.1 Lofoten,_D5C8265,no_jpg,,data/xmp/result-2025/raw/2025.2/2025-07-06.1 Lofoten/_D5C8265.xmp
False,no keywords + missing JPEG in CSV,2025,2025.2,2025-07-06.1 Lofoten,_D5C8269,off_folder_cross_year,,data/xmp/result-2025/raw/2025.2/2025-07-06.1 Lofoten/_D5C8269.xmp
False,no keywords + missing JPEG in CSV,2025,2025.2,2025-07-06.1 Lofoten,_D5C8277,no_jpg,,data/xmp/result-2025/raw/2025.2/2025-07-06.1 Lofoten/_D5C8277.xmp
False,no keywords + missing JPEG in CSV,2025,2025.2,2025-07-06.1 Lofoten,_D5C8284,no_jpg,,data/xmp/result-2025/raw/2025.2/2025-07-06.1 Lofoten/_D5C8284.xmp
False,no keywords + missing JPEG in CSV,2025,2025.2,2025-07-06.1 Lofoten,_D5C8295,no_jpg,,data/xmp/result-2025/raw/2025.2/2025-07-06.1 Lofoten/_D5C8295.xmp
False,no keywords + missing JPEG in CSV,2025,2025.2,2025-07-06.1 Lofoten,_D5C8358,no_jpg,,data/xmp/result-2025/raw/2025.2/2025-07-06.1 Lofoten/_D5C8358.xmp
False,no keywords + missing JPEG in CSV,2025,2025.3,2025-07-06.2 Trollfjord Cruise,_Z9C7810,no_jpg,,data/xmp/result-2025/raw/2025.3/2025-07-06.2 Trollfjord Cruise/_Z9C7810.xmp
False,no keywords + missing JPEG in CSV,2025,2025.3,2025-07-06.2 Trollfjord Cruise,_Z9C7811,no_jpg,,data/xmp/result-2025/raw/2025.3/2025-07-06.2 Trollfjord Cruise/_Z9C7811.xmp
False,no keywords + missing JPEG in CSV,2025,2025.3,2025-07-06.2 Trollfjord Cruise,_Z9C7843,no_jpg,,data/xmp/result-2025/raw/2025.3/2025-07-06.2 Trollfjord Cruise/_Z9C7843.xmp
False,no keywords + missing JPEG in CSV,2025,2025.3,2025-07-07 Eggum Midnight Sun,_D5C0467,no_jpg,,data/xmp/result-2025/raw/2025.3/2025-07-07 Eggum Midnight Sun/_D5C0467.xmp
False,no keywords + missing JPEG in CSV,2025,2025.3,2025-07-07 Eggum Midnight Sun,_D5C0507,off_folder_cross_year,,data/xmp/result-2025/raw/2025.3/2025-07-07 Eggum Midnight Sun/_D5C0507.xmp
False,no keywords + missing JPEG in CSV,2025,2025.3,2025-07-07 Eggum Midnight Sun,_D5C0552,no_jpg,,data/xmp/result-2025/raw/2025.3/2025-07-07 Eggum Midnight Sun/_D5C0552.xmp
False,no keywords + missing JPEG in CSV,2025,2025.3,2025-07-07 Eggum Midnight Sun,_D5C0562,no_jpg,,data/xmp/result-2025/raw/2025.3/2025-07-07 Eggum Midnight Sun/_D5C0562.xmp
False,no keywords + missing JPEG in CSV,2025,2025.3,2025-07-07 Eggum Midnight Sun,_D5C0615,no_jpg,,data/xmp/result-2025/raw/2025.3/2025-07-07 Eggum Midnight Sun/_D5C0615.xmp
False,no keywords + missing JPEG in CSV,2025,2025.3,2025-07-07 Eggum Midnight Sun,_Z9C7902,no_jpg,,data/xmp/result-2025/raw/2025.3/2025-07-07 Eggum Midnight Sun/_Z9C7902.xmp
False,no keywords + missing JPEG in CSV,2025,2025.3,2025-07-07 Thon Hotel Lofoten,_D5C0467,no_jpg,,data/xmp/result-2025/raw/2025.3/2025-07-07 Thon Hotel Lofoten/_D5C0467.xmp
False,no keywords + missing JPEG in CSV,2025,2025.3,2025-07-07 Thon Hotel Lofoten,_D5C0507,off_folder_cross_year,,data/xmp/result-2025/raw/2025.3/2025-07-07 Thon Hotel Lofoten/_D5C0507.xmp
False,no keywords + missing JPEG in CSV,2025,2025.3,2025-07-07 Thon Hotel Lofoten,_D5C0552,no_jpg,,data/xmp/result-2025/raw/2025.3/2025-07-07 Thon Hotel Lofoten/_D5C0552.xmp
False,no keywords + missing JPEG in CSV,2025,2025.3,2025-07-07 Thon Hotel Lofoten,_D5C0562,no_jpg,,data/xmp/result-2025/raw/2025.3/2025-07-07 Thon Hotel Lofoten/_D5C0562.xmp
False,no keywords + missing JPEG in CSV,2025,2025.3,2025-07-07 Thon Hotel Lofoten,_D5C0615,no_jpg,,data/xmp/result-2025/raw/2025.3/2025-07-07 Thon Hotel Lofoten/_D5C0615.xmp
False,no keywords + missing JPEG in CSV,2025,2025.3,2025-07-08 Flåm,_D5C0703,no_jpg,,data/xmp/result-2025/raw/2025.3/2025-07-08 Flåm/_D5C0703.xmp
False,no keywords + missing JPEG in CSV,2025,2025.3,2025-07-08 Flåm,_D5C0708,no_jpg,,data/xmp/result-2025/raw/2025.3/2025-07-08 Flåm/_D5C0708.xmp
False,no keywords + missing JPEG in CSV,2025,2025.3,2025-07-08 Flåm,_D5C0713,no_jpg,,data/xmp/result-2025/raw/2025.3/2025-07-08 Flåm/_D5C0713.xmp
False,no keywords + missing JPEG in CSV,2025,2025.3,2025-07-08 Flåm,_D5C0732,no_jpg,,data/xmp/result-2025/raw/2025.3/2025-07-08 Flåm/_D5C0732.xmp
False,no keywords + missing JPEG in CSV,2025,2025.3,2025-07-08 Flåm,_D5C0749,no_jpg,,data/xmp/result-2025/raw/2025.3/2025-07-08 Flåm/_D5C0749.xmp
False,no keywords + missing JPEG in CSV,2025,2025.3,2025-07-08 Flåm,_D5C0757,no_jpg,,data/xmp/result-2025/raw/2025.3/2025-07-08 Flåm/_D5C0757.xmp
False,no keywords + missing JPEG in CSV,2025,2025.3,2025-07-08 Flåm,_D5C0801,no_jpg,,data/xmp/result-2025/raw/2025.3/2025-07-08 Flåm/_D5C0801.xmp
False,no keywords + missing JPEG in CSV,2025,2025.3,2025-07-08 Flåm,_D5C0805,no_jpg,,data/xmp/result-2025/raw/2025.3/2025-07-08 Flåm/_D5C0805.xmp
False,no keywords + missing JPEG in CSV,2025,2025.3,2025-07-08 Flåm,_D5C0816,no_jpg,,data/xmp/result-2025/raw/2025.3/2025-07-08 Flåm/_D5C0816.xmp
False,no keywords + missing JPEG in CSV,2025,2025.3,2025-07-08 Flåm,_D5C0819,no_jpg,,data/xmp/result-2025/raw/2025.3/2025-07-08 Flåm/_D5C0819.xmp
False,no keywords + missing JPEG in CSV,2025,2025.3,2025-07-08 Flåm,_D5C0828,no_jpg,,data/xmp/result-2025/raw/2025.3/2025-07-08 Flåm/_D5C0828.xmp
False,no keywords + missing JPEG in CSV,2025,2025.3,2025-07-08 Flåm,_D5C0829,no_jpg,,data/xmp/result-2025/raw/2025.3/2025-07-08 Flåm/_D5C0829.xmp
False,no keywords + missing JPEG in CSV,2025,2025.3,2025-07-08 Flåm,_D5C0837,no_jpg,,data/xmp/result-2025/raw/2025.3/2025-07-08 Flåm/_D5C0837.xmp
False,no keywords + missing JPEG in CSV,2025,2025.3,2025-07-08 Flåm,_D5C0872,no_jpg,,data/xmp/result-2025/raw/2025.3/2025-07-08 Flåm/_D5C0872.xmp
False,no keywords + missing JPEG in CSV,2025,2025.3,2025-07-08 Flåm,_D5C0873,no_jpg,,data/xmp/result-2025/raw/2025.3/2025-07-08 Flåm/_D5C0873.xmp
False,no keywords + missing JPEG in CSV,2025,2025.3,2025-07-08 Flåm,_D5C0886,no_jpg,,data/xmp/result-2025/raw/2025.3/2025-07-08 Flåm/_D5C0886.xmp
False,no keywords + missing JPEG in CSV,2025,2025.3,2025-07-08 Flåm,_D5C0933,no_jpg,,data/xmp/result-2025/raw/2025.3/2025-07-08 Flåm/_D5C0933.xmp
False,no keywords + missing JPEG in CSV,2025,2025.3,2025-07-08 Flåm,_D5C0934,no_jpg,,data/xmp/result-2025/raw/2025.3/2025-07-08 Flåm/_D5C0934.xmp
False,no keywords + missing JPEG in CSV,2025,2025.3,2025-07-08 Flåm,_D5C0938,no_jpg,,data/xmp/result-2025/raw/2025.3/2025-07-08 Flåm/_D5C0938.xmp
False,no keywords + missing JPEG in CSV,2025,2025.3,2025-07-08 Flåm,_D5C0942,no_jpg,,data/xmp/result-2025/raw/2025.3/2025-07-08 Flåm/_D5C0942.xmp
False,no keywords + missing JPEG in CSV,2025,2025.3,2025-07-08 Flåm,_D5C0948,no_jpg,,data/xmp/result-2025/raw/2025.3/2025-07-08 Flåm/_D5C0948.xmp
False,no keywords + missing JPEG in CSV,2025,2025.3,2025-07-08 Flåm,_D5C0949,no_jpg,,data/xmp/result-2025/raw/2025.3/2025-07-08 Flåm/_D5C0949.xmp
False,no keywords + missing JPEG in CSV,2025,2025.3,2025-07-08 Flåm,_D5C0987,no_jpg,,data/xmp/result-2025/raw/2025.3/2025-07-08 Flåm/_D5C0987.xmp
False,no keywords + missing JPEG in CSV,2025,2025.3,2025-07-08 Flåm,_D5C0998,no_jpg,,data/xmp/result-2025/raw/2025.3/2025-07-08 Flåm/_D5C0998.xmp
False,no keywords + missing JPEG in CSV,2025,2025.3,2025-07-08 Flåm,_D5C1025,no_jpg,,data/xmp/result-2025/raw/2025.3/2025-07-08 Flåm/_D5C1025.xmp
False,no keywords + missing JPEG in CSV,2025,2025.3,2025-07-08 Flåm,_Z9C7940,no_jpg,,data/xmp/result-2025/raw/2025.3/2025-07-08 Flåm/_Z9C7940.xmp
False,no keywords + missing JPEG in CSV,2025,2025.3,2025-07-08 Flåm,_Z9C7941,no_jpg,,data/xmp/result-2025/raw/2025.3/2025-07-08 Flåm/_Z9C7941.xmp
False,no keywords + missing JPEG in CSV,2025,2025.3,2025-07-08 Flåm,_Z9C7946,no_jpg,,data/xmp/result-2025/raw/2025.3/2025-07-08 Flåm/_Z9C7946.xmp
False,no keywords + missing JPEG in CSV,2025,2025.3,2025-07-08 Flåm,_Z9C7951,ambiguous,,data/xmp/result-2025/raw/2025.3/2025-07-08 Flåm/_Z9C7951.xmp
False,no keywords + missing JPEG in CSV,2025,2025.3,2025-07-08 Flåm,_Z9C7968,ambiguous,,data/xmp/result-2025/raw/2025.3/2025-07-08 Flåm/_Z9C7968.xmp
False,no keywords + missing JPEG in CSV,2025,2025.3,2025-07-08 Flåm,_Z9C7991,no_jpg,,data/xmp/result-2025/raw/2025.3/2025-07-08 Flåm/_Z9C7991.xmp
False,no keywords + missing JPEG in CSV,2025,2025.3,2025-07-08 Flåm,_Z9C7993,no_jpg,,data/xmp/result-2025/raw/2025.3/2025-07-08 Flåm/_Z9C7993.xmp
False,no keywords + missing JPEG in CSV,2025,2025.3,2025-07-08 Flåm,_Z9C7999,no_jpg,,data/xmp/result-2025/raw/2025.3/2025-07-08 Flåm/_Z9C7999.xmp
False,no keywords + missing JPEG in CSV,2025,2025.3,2025-07-08 Flåm,_Z9C8003,no_jpg,,data/xmp/result-2025/raw/2025.3/2025-07-08 Flåm/_Z9C8003.xmp
False,no keywords + missing JPEG in CSV,2025,2025.3,2025-07-08 Flåm,_Z9C8005,no_jpg,,data/xmp/result-2025/raw/2025.3/2025-07-08 Flåm/_Z9C8005.xmp
False,no keywords + missing JPEG in CSV,2025,2025.3,2025-07-08 Flåm,_Z9C8006,no_jpg,,data/xmp/result-2025/raw/2025.3/2025-07-08 Flåm/_Z9C8006.xmp
False,no keywords + missing JPEG in CSV,2025,2025.3,2025-07-08 Flåm,_Z9C8008,no_jpg,,data/xmp/result-2025/raw/2025.3/2025-07-08 Flåm/_Z9C8008.xmp
False,no keywords + missing JPEG in CSV,2025,2025.3,2025-07-08 Flåm,_Z9C8013,no_jpg,,data/xmp/result-2025/raw/2025.3/2025-07-08 Flåm/_Z9C8013.xmp
False,no keywords + missing JPEG in CSV,2025,2025.3,2025-07-08 Flåm,_Z9C8015,no_jpg,,data/xmp/result-2025/raw/2025.3/2025-07-08 Flåm/_Z9C8015.xmp
False,no keywords + missing JPEG in CSV,2025,2025.3,2025-07-08 Flåm,_Z9C8017,no_jpg,,data/xmp/result-2025/raw/2025.3/2025-07-08 Flåm/_Z9C8017.xmp
False,no keywords + missing JPEG in CSV,2025,2025.3,2025-07-08 Flåm,_Z9C8027,no_jpg,,data/xmp/result-2025/raw/2025.3/2025-07-08 Flåm/_Z9C8027.xmp
False,no keywords + missing JPEG in CSV,2025,2025.3,2025-07-08 Flåm,_Z9C8032,no_jpg,,data/xmp/result-2025/raw/2025.3/2025-07-08 Flåm/_Z9C8032.xmp
False,no keywords + missing JPEG in CSV,2025,2025.3,2025-07-08 Flåm,_Z9C8040,no_jpg,,data/xmp/result-2025/raw/2025.3/2025-07-08 Flåm/_Z9C8040.xmp
False,no keywords + missing JPEG in CSV,2025,2025.3,2025-07-08 Flåm,_Z9C8060,no_jpg,,data/xmp/result-2025/raw/2025.3/2025-07-08 Flåm/_Z9C8060.xmp
False,no keywords + missing JPEG in CSV,2025,2025.3,2025-07-08 Flåm,_Z9C8062,no_jpg,,data/xmp/result-2025/raw/2025.3/2025-07-08 Flåm/_Z9C8062.xmp
False,no keywords + missing JPEG in CSV,2025,2025.3,2025-07-08 Flåm,_Z9C8077,no_jpg,,data/xmp/result-2025/raw/2025.3/2025-07-08 Flåm/_Z9C8077.xmp
False,no keywords + missing JPEG in CSV,2025,2025.3,2025-07-08 Flåm,_Z9C8080,no_jpg,,data/xmp/result-2025/raw/2025.3/2025-07-08 Flåm/_Z9C8080.xmp
False,no keywords + missing JPEG in CSV,2025,2025.3,2025-07-08 Flåm,_Z9C8084,no_jpg,,data/xmp/result-2025/raw/2025.3/2025-07-08 Flåm/_Z9C8084.xmp
False,no keywords + missing JPEG in CSV,2025,2025.3,2025-07-08 Flåm,_Z9C8088,ambiguous,,data/xmp/result-2025/raw/2025.3/2025-07-08 Flåm/_Z9C8088.xmp
False,no keywords + missing JPEG in CSV,2025,2025.3,2025-07-08 Flåm,_Z9C8090,no_jpg,,data/xmp/result-2025/raw/2025.3/2025-07-08 Flåm/_Z9C8090.xmp
False,no keywords + missing JPEG in CSV,2025,2025.3,2025-07-08 Flåm,_Z9C8092,no_jpg,,data/xmp/result-2025/raw/2025.3/2025-07-08 Flåm/_Z9C8092.xmp
False,no keywords + missing JPEG in CSV,2025,2025.3,2025-07-08 Flåm,_Z9C8105,no_jpg,,data/xmp/result-2025/raw/2025.3/2025-07-08 Flåm/_Z9C8105.xmp
False,no keywords + missing JPEG in CSV,2025,2025.3,2025-07-08 Flåm,_Z9C8108,no_jpg,,data/xmp/result-2025/raw/2025.3/2025-07-08 Flåm/_Z9C8108.xmp
False,no keywords + missing JPEG in CSV,2025,2025.3,2025-07-08 Flåm,_Z9C8110,ambiguous,,data/xmp/result-2025/raw/2025.3/2025-07-08 Flåm/_Z9C8110.xmp
False,no keywords + missing JPEG in CSV,2025,2025.3,2025-07-08 Flåm,_Z9C8115,no_jpg,,data/xmp/result-2025/raw/2025.3/2025-07-08 Flåm/_Z9C8115.xmp
False,no keywords + missing JPEG in CSV,2025,2025.3,2025-07-09 Mountain Train,_Z9C8482,no_jpg,,data/xmp/result-2025/raw/2025.3/2025-07-09 Mountain Train/_Z9C8482.xmp
False,no keywords + missing JPEG in CSV,2025,2025.3,2025-07-14.1 St. Johnsfjorden,_D5C3170,off_folder_cross_year,,data/xmp/result-2025/raw/2025.3/2025-07-14.1 St. Johnsfjorden/_D5C3170.xmp
False,no keywords + missing JPEG in CSV,2025,2025.3,2025-07-14.1 St. Johnsfjorden,_D5C3171,no_jpg,,data/xmp/result-2025/raw/2025.3/2025-07-14.1 St. Johnsfjorden/_D5C3171.xmp
False,no keywords + missing JPEG in CSV,2025,2025.3,2025-07-14.2 Poolepynten,_D5C4159,no_jpg,,data/xmp/result-2025/raw/2025.3/2025-07-14.2 Poolepynten/_D5C4159.xmp
False,no keywords + missing JPEG in CSV,2025,2025.3,2025-07-14.2 Poolepynten,_D5C4161,no_jpg,,data/xmp/result-2025/raw/2025.3/2025-07-14.2 Poolepynten/_D5C4161.xmp
False,no keywords + missing JPEG in CSV,2025,2025.3,2025-07-14.2 Poolepynten,_D5C4283,no_jpg,,data/xmp/result-2025/raw/2025.3/2025-07-14.2 Poolepynten/_D5C4283.xmp
False,no keywords + missing JPEG in CSV,2025,2025.3,2025-07-15 Narreneset & Hamiltonbukta,_D5C4979,no_jpg,,data/xmp/result-2025/raw/2025.3/2025-07-15 Narreneset & Hamiltonbukta/_D5C4979.xmp
False,no keywords + missing JPEG in CSV,2025,2025.3,2025-07-15 Narreneset & Hamiltonbukta,_D5C5449,no_jpg,,data/xmp/result-2025/raw/2025.3/2025-07-15 Narreneset & Hamiltonbukta/_D5C5449.xmp
False,no keywords + missing JPEG in CSV,2025,2025.4,2025-07-18 Ny Ålesund and Kongsbreen,_D5C6462,no_jpg,,data/xmp/result-2025/raw/2025.4/2025-07-18 Ny Ålesund and Kongsbreen/_D5C6462.xmp
False,no keywords + missing JPEG in CSV,2025,2025.4,2025-07-18 Ny Ålesund and Kongsbreen,_D5C6496,no_jpg,,data/xmp/result-2025/raw/2025.4/2025-07-18 Ny Ålesund and Kongsbreen/_D5C6496.xmp
False,no keywords + missing JPEG in CSV,2025,2025.4,2025-07-18 Ny Ålesund and Kongsbreen,_D5C6507,no_jpg,,data/xmp/result-2025/raw/2025.4/2025-07-18 Ny Ålesund and Kongsbreen/_D5C6507.xmp
False,no keywords + missing JPEG in CSV,2025,2025.4,2025-07-18 Ny Ålesund and Kongsbreen,_D5C6518,no_jpg,,data/xmp/result-2025/raw/2025.4/2025-07-18 Ny Ålesund and Kongsbreen/_D5C6518.xmp
False,no keywords + missing JPEG in CSV,2025,2025.4,2025-07-18 Ny Ålesund and Kongsbreen,_D5C6520,no_jpg,,data/xmp/result-2025/raw/2025.4/2025-07-18 Ny Ålesund and Kongsbreen/_D5C6520.xmp
False,no keywords + missing JPEG in CSV,2025,2025.4,2025-07-18 Ny Ålesund and Kongsbreen,_D5C6526,no_jpg,,data/xmp/result-2025/raw/2025.4/2025-07-18 Ny Ålesund and Kongsbreen/_D5C6526.xmp
False,no keywords + missing JPEG in CSV,2025,2025.4,2025-07-18 Ny Ålesund and Kongsbreen,_D5C6588,no_jpg,,data/xmp/result-2025/raw/2025.4/2025-07-18 Ny Ålesund and Kongsbreen/_D5C6588.xmp
False,no keywords + missing JPEG in CSV,2025,2025.4,2025-07-18 Ny Ålesund and Kongsbreen,_D5C6624,no_jpg,,data/xmp/result-2025/raw/2025.4/2025-07-18 Ny Ålesund and Kongsbreen/_D5C6624.xmp
False,no keywords + missing JPEG in CSV,2025,2025.4,2025-07-18 Ny Ålesund and Kongsbreen,_D5C6638,no_jpg,,data/xmp/result-2025/raw/2025.4/2025-07-18 Ny Ålesund and Kongsbreen/_D5C6638.xmp
False,no keywords + missing JPEG in CSV,2025,2025.4,2025-07-18 Ny Ålesund and Kongsbreen,_D5C6639,no_jpg,,data/xmp/result-2025/raw/2025.4/2025-07-18 Ny Ålesund and Kongsbreen/_D5C6639.xmp
False,no keywords + missing JPEG in CSV,2025,2025.4,2025-07-18 Ny Ålesund and Kongsbreen,_D5C6659,no_jpg,,data/xmp/result-2025/raw/2025.4/2025-07-18 Ny Ålesund and Kongsbreen/_D5C6659.xmp
False,no keywords + missing JPEG in CSV,2025,2025.4,2025-07-18 Ny Ålesund and Kongsbreen,_D5C6683,no_jpg,,data/xmp/result-2025/raw/2025.4/2025-07-18 Ny Ålesund and Kongsbreen/_D5C6683.xmp
False,no keywords + missing JPEG in CSV,2025,2025.4,2025-07-18 Ny Ålesund and Kongsbreen,_D5C6686,no_jpg,,data/xmp/result-2025/raw/2025.4/2025-07-18 Ny Ålesund and Kongsbreen/_D5C6686.xmp
False,no keywords + missing JPEG in CSV,2025,2025.4,2025-07-18 Ny Ålesund and Kongsbreen,_D5C6689,no_jpg,,data/xmp/result-2025/raw/2025.4/2025-07-18 Ny Ålesund and Kongsbreen/_D5C6689.xmp
False,no keywords + missing JPEG in CSV,2025,2025.4,2025-07-18 Ny Ålesund and Kongsbreen,_D5C6690,no_jpg,,data/xmp/result-2025/raw/2025.4/2025-07-18 Ny Ålesund and Kongsbreen/_D5C6690.xmp
False,no keywords + missing JPEG in CSV,2025,2025.4,2025-07-18 Ny Ålesund and Kongsbreen,_D5C6691,no_jpg,,data/xmp/result-2025/raw/2025.4/2025-07-18 Ny Ålesund and Kongsbreen/_D5C6691.xmp
False,no keywords + missing JPEG in CSV,2025,2025.4,2025-07-18 Ny Ålesund and Kongsbreen,_D5C6692,no_jpg,,data/xmp/result-2025/raw/2025.4/2025-07-18 Ny Ålesund and Kongsbreen/_D5C6692.xmp
False,no keywords + missing JPEG in CSV,2025,2025.4,2025-07-18 Ny Ålesund and Kongsbreen,_D5C6693,no_jpg,,data/xmp/result-2025/raw/2025.4/2025-07-18 Ny Ålesund and Kongsbreen/_D5C6693.xmp
False,no keywords + missing JPEG in CSV,2025,2025.4,2025-07-18 Ny Ålesund and Kongsbreen,_D5C6694,no_jpg,,data/xmp/result-2025/raw/2025.4/2025-07-18 Ny Ålesund and Kongsbreen/_D5C6694.xmp
False,no keywords + missing JPEG in CSV,2025,2025.4,2025-07-18 Ny Ålesund and Kongsbreen,_D5C6718,ambiguous,,data/xmp/result-2025/raw/2025.4/2025-07-18 Ny Ålesund and Kongsbreen/_D5C6718.xmp
False,no keywords + missing JPEG in CSV,2025,2025.4,2025-07-18 Ny Ålesund and Kongsbreen,_D5C6723,no_jpg,,data/xmp/result-2025/raw/2025.4/2025-07-18 Ny Ålesund and Kongsbreen/_D5C6723.xmp
False,no keywords + missing JPEG in CSV,2025,2025.4,2025-07-18 Ny Ålesund and Kongsbreen,_D5C6747,no_jpg,,data/xmp/result-2025/raw/2025.4/2025-07-18 Ny Ålesund and Kongsbreen/_D5C6747.xmp
False,no keywords + missing JPEG in CSV,2025,2025.4,2025-07-18 Ny Ålesund and Kongsbreen,_D5C6895,no_jpg,,data/xmp/result-2025/raw/2025.4/2025-07-18 Ny Ålesund and Kongsbreen/_D5C6895.xmp
False,no keywords + missing JPEG in CSV,2025,2025.4,2025-07-18 Ny Ålesund and Kongsbreen,_D5C6896,no_jpg,,data/xmp/result-2025/raw/2025.4/2025-07-18 Ny Ålesund and Kongsbreen/_D5C6896.xmp
False,no keywords + missing JPEG in CSV,2025,2025.4,2025-07-18 Ny Ålesund and Kongsbreen,_D5C6904,no_jpg,,data/xmp/result-2025/raw/2025.4/2025-07-18 Ny Ålesund and Kongsbreen/_D5C6904.xmp
False,no keywords + missing JPEG in CSV,2025,2025.4,2025-07-18 Ny Ålesund and Kongsbreen,_D5C6939,no_jpg,,data/xmp/result-2025/raw/2025.4/2025-07-18 Ny Ålesund and Kongsbreen/_D5C6939.xmp
False,no keywords + missing JPEG in CSV,2025,2025.4,2025-07-18 Ny Ålesund and Kongsbreen,_D5C6945,no_jpg,,data/xmp/result-2025/raw/2025.4/2025-07-18 Ny Ålesund and Kongsbreen/_D5C6945.xmp
False,no keywords + missing JPEG in CSV,2025,2025.4,2025-07-18 Ny Ålesund and Kongsbreen,_D5C6962,no_jpg,,data/xmp/result-2025/raw/2025.4/2025-07-18 Ny Ålesund and Kongsbreen/_D5C6962.xmp
False,no keywords + missing JPEG in CSV,2025,2025.4,2025-07-18 Ny Ålesund and Kongsbreen,_D5C6969,no_jpg,,data/xmp/result-2025/raw/2025.4/2025-07-18 Ny Ålesund and Kongsbreen/_D5C6969.xmp
False,no keywords + missing JPEG in CSV,2025,2025.4,2025-07-18 Ny Ålesund and Kongsbreen,_D5C6977,no_jpg,,data/xmp/result-2025/raw/2025.4/2025-07-18 Ny Ålesund and Kongsbreen/_D5C6977.xmp
False,no keywords + missing JPEG in CSV,2025,2025.4,2025-07-18 Ny Ålesund and Kongsbreen,_D5C6980,no_jpg,,data/xmp/result-2025/raw/2025.4/2025-07-18 Ny Ålesund and Kongsbreen/_D5C6980.xmp
False,no keywords + missing JPEG in CSV,2025,2025.4,2025-07-18 Ny Ålesund and Kongsbreen,_D5C7004,no_jpg,,data/xmp/result-2025/raw/2025.4/2025-07-18 Ny Ålesund and Kongsbreen/_D5C7004.xmp
False,no keywords + missing JPEG in CSV,2025,2025.4,2025-07-18 Ny Ålesund and Kongsbreen,_D5C7006,no_jpg,,data/xmp/result-2025/raw/2025.4/2025-07-18 Ny Ålesund and Kongsbreen/_D5C7006.xmp
False,no keywords + missing JPEG in CSV,2025,2025.4,2025-07-18 Ny Ålesund and Kongsbreen,_D5C7050,no_jpg,,data/xmp/result-2025/raw/2025.4/2025-07-18 Ny Ålesund and Kongsbreen/_D5C7050.xmp
False,no keywords + missing JPEG in CSV,2025,2025.4,2025-07-18 Ny Ålesund and Kongsbreen,_D5C7051,no_jpg,,data/xmp/result-2025/raw/2025.4/2025-07-18 Ny Ålesund and Kongsbreen/_D5C7051.xmp
False,no keywords + missing JPEG in CSV,2025,2025.4,2025-07-18 Ny Ålesund and Kongsbreen,_D5C7052,no_jpg,,data/xmp/result-2025/raw/2025.4/2025-07-18 Ny Ålesund and Kongsbreen/_D5C7052.xmp
False,no keywords + missing JPEG in CSV,2025,2025.4,2025-07-18 Ny Ålesund and Kongsbreen,_D5C7057,no_jpg,,data/xmp/result-2025/raw/2025.4/2025-07-18 Ny Ålesund and Kongsbreen/_D5C7057.xmp
False,no keywords + missing JPEG in CSV,2025,2025.4,2025-07-18 Ny Ålesund and Kongsbreen,_D5C7070,no_jpg,,data/xmp/result-2025/raw/2025.4/2025-07-18 Ny Ålesund and Kongsbreen/_D5C7070.xmp
False,no keywords + missing JPEG in CSV,2025,2025.4,2025-07-18 Ny Ålesund and Kongsbreen,_D5C7200,no_jpg,,data/xmp/result-2025/raw/2025.4/2025-07-18 Ny Ålesund and Kongsbreen/_D5C7200.xmp
False,no keywords + missing JPEG in CSV,2025,2025.4,2025-07-18 Ny Ålesund and Kongsbreen,_D5C7243,no_jpg,,data/xmp/result-2025/raw/2025.4/2025-07-18 Ny Ålesund and Kongsbreen/_D5C7243.xmp
False,no keywords + missing JPEG in CSV,2025,2025.4,2025-07-18 Ny Ålesund and Kongsbreen,_D5C7245,off_folder_cross_year,,data/xmp/result-2025/raw/2025.4/2025-07-18 Ny Ålesund and Kongsbreen/_D5C7245.xmp
False,no keywords + missing JPEG in CSV,2025,2025.4,2025-07-18 Ny Ålesund and Kongsbreen,_D5C7252,no_jpg,,data/xmp/result-2025/raw/2025.4/2025-07-18 Ny Ålesund and Kongsbreen/_D5C7252.xmp
False,no keywords + missing JPEG in CSV,2025,2025.4,2025-07-18 Ny Ålesund and Kongsbreen,_D5C7270,no_jpg,,data/xmp/result-2025/raw/2025.4/2025-07-18 Ny Ålesund and Kongsbreen/_D5C7270.xmp
False,no keywords + missing JPEG in CSV,2025,2025.4,2025-07-18 Ny Ålesund and Kongsbreen,_D5C7276,no_jpg,,data/xmp/result-2025/raw/2025.4/2025-07-18 Ny Ålesund and Kongsbreen/_D5C7276.xmp
False,no keywords + missing JPEG in CSV,2025,2025.4,2025-07-18 Ny Ålesund and Kongsbreen,_D5C7278,no_jpg,,data/xmp/result-2025/raw/2025.4/2025-07-18 Ny Ålesund and Kongsbreen/_D5C7278.xmp
False,no keywords + missing JPEG in CSV,2025,2025.4,2025-07-18 Ny Ålesund and Kongsbreen,_D5C7381,no_jpg,,data/xmp/result-2025/raw/2025.4/2025-07-18 Ny Ålesund and Kongsbreen/_D5C7381.xmp
False,no keywords + missing JPEG in CSV,2025,2025.4,2025-07-18 Ny Ålesund and Kongsbreen,_D5C7430,no_jpg,,data/xmp/result-2025/raw/2025.4/2025-07-18 Ny Ålesund and Kongsbreen/_D5C7430.xmp
False,no keywords + missing JPEG in CSV,2025,2025.4,2025-07-18 Ny Ålesund and Kongsbreen,_D5C7438,no_jpg,,data/xmp/result-2025/raw/2025.4/2025-07-18 Ny Ålesund and Kongsbreen/_D5C7438.xmp
False,no keywords + missing JPEG in CSV,2025,2025.4,2025-07-18 Ny Ålesund and Kongsbreen,_D5C7529,no_jpg,,data/xmp/result-2025/raw/2025.4/2025-07-18 Ny Ålesund and Kongsbreen/_D5C7529.xmp
False,no keywords + missing JPEG in CSV,2025,2025.4,2025-07-18 Ny Ålesund and Kongsbreen,_D5C7549,off_folder_cross_year,,data/xmp/result-2025/raw/2025.4/2025-07-18 Ny Ålesund and Kongsbreen/_D5C7549.xmp
False,no keywords + missing JPEG in CSV,2025,2025.4,2025-07-18 Ny Ålesund and Kongsbreen,_D5C7550,off_folder_cross_year,,data/xmp/result-2025/raw/2025.4/2025-07-18 Ny Ålesund and Kongsbreen/_D5C7550.xmp
False,no keywords + missing JPEG in CSV,2025,2025.4,2025-07-18 Ny Ålesund and Kongsbreen,_D5C7556,no_jpg,,data/xmp/result-2025/raw/2025.4/2025-07-18 Ny Ålesund and Kongsbreen/_D5C7556.xmp
False,no keywords + missing JPEG in CSV,2025,2025.4,2025-07-18 Ny Ålesund and Kongsbreen,_D5C7599,no_jpg,,data/xmp/result-2025/raw/2025.4/2025-07-18 Ny Ålesund and Kongsbreen/_D5C7599.xmp
False,no keywords + missing JPEG in CSV,2025,2025.4,2025-07-18 Ny Ålesund and Kongsbreen,_D5C7622,no_jpg,,data/xmp/result-2025/raw/2025.4/2025-07-18 Ny Ålesund and Kongsbreen/_D5C7622.xmp
False,no keywords + missing JPEG in CSV,2025,2025.4,2025-07-18 Ny Ålesund and Kongsbreen,_D5C7670,no_jpg,,data/xmp/result-2025/raw/2025.4/2025-07-18 Ny Ålesund and Kongsbreen/_D5C7670.xmp
False,no keywords + missing JPEG in CSV,2025,2025.4,2025-07-18 Ny Ålesund and Kongsbreen,_D5C7688,off_folder_cross_year,,data/xmp/result-2025/raw/2025.4/2025-07-18 Ny Ålesund and Kongsbreen/_D5C7688.xmp
False,no keywords + missing JPEG in CSV,2025,2025.4,2025-07-18 Ny Ålesund and Kongsbreen,_D5C7690,no_jpg,,data/xmp/result-2025/raw/2025.4/2025-07-18 Ny Ålesund and Kongsbreen/_D5C7690.xmp
False,no keywords + missing JPEG in CSV,2025,2025.4,2025-07-18 Ny Ålesund and Kongsbreen,_D5C7692,no_jpg,,data/xmp/result-2025/raw/2025.4/2025-07-18 Ny Ålesund and Kongsbreen/_D5C7692.xmp
False,no keywords + missing JPEG in CSV,2025,2025.4,2025-07-18 Ny Ålesund and Kongsbreen,_D5C7702,no_jpg,,data/xmp/result-2025/raw/2025.4/2025-07-18 Ny Ålesund and Kongsbreen/_D5C7702.xmp
False,no keywords + missing JPEG in CSV,2025,2025.4,2025-07-18 Ny Ålesund and Kongsbreen,_D5C7707,no_jpg,,data/xmp/result-2025/raw/2025.4/2025-07-18 Ny Ålesund and Kongsbreen/_D5C7707.xmp
False,no keywords + missing JPEG in CSV,2025,2025.4,2025-07-18 Ny Ålesund and Kongsbreen,_D5C7713,no_jpg,,data/xmp/result-2025/raw/2025.4/2025-07-18 Ny Ålesund and Kongsbreen/_D5C7713.xmp
False,no keywords + missing JPEG in CSV,2025,2025.4,2025-07-18 Ny Ålesund and Kongsbreen,_D5C7715,no_jpg,,data/xmp/result-2025/raw/2025.4/2025-07-18 Ny Ålesund and Kongsbreen/_D5C7715.xmp
False,no keywords + missing JPEG in CSV,2025,2025.4,2025-07-18 Ny Ålesund and Kongsbreen,_D5C7719,no_jpg,,data/xmp/result-2025/raw/2025.4/2025-07-18 Ny Ålesund and Kongsbreen/_D5C7719.xmp
False,no keywords + missing JPEG in CSV,2025,2025.4,2025-07-18 Ny Ålesund and Kongsbreen,_D5C7732,no_jpg,,data/xmp/result-2025/raw/2025.4/2025-07-18 Ny Ålesund and Kongsbreen/_D5C7732.xmp
False,no keywords + missing JPEG in CSV,2025,2025.4,2025-07-18 Ny Ålesund and Kongsbreen,_D5C7735,no_jpg,,data/xmp/result-2025/raw/2025.4/2025-07-18 Ny Ålesund and Kongsbreen/_D5C7735.xmp
False,no keywords + missing JPEG in CSV,2025,2025.4,2025-07-18 Ny Ålesund and Kongsbreen,_D5C7746,off_folder_cross_year,,data/xmp/result-2025/raw/2025.4/2025-07-18 Ny Ålesund and Kongsbreen/_D5C7746.xmp
False,no keywords + missing JPEG in CSV,2025,2025.4,2025-07-18 Ny Ålesund and Kongsbreen,_D5C7757,no_jpg,,data/xmp/result-2025/raw/2025.4/2025-07-18 Ny Ålesund and Kongsbreen/_D5C7757.xmp
False,no keywords + missing JPEG in CSV,2025,2025.4,2025-07-18 Ny Ålesund and Kongsbreen,_D5C7760,no_jpg,,data/xmp/result-2025/raw/2025.4/2025-07-18 Ny Ålesund and Kongsbreen/_D5C7760.xmp
False,no keywords + missing JPEG in CSV,2025,2025.4,2025-07-18 Ny Ålesund and Kongsbreen,_D5C7839,ambiguous,,data/xmp/result-2025/raw/2025.4/2025-07-18 Ny Ålesund and Kongsbreen/_D5C7839.xmp
False,no keywords + missing JPEG in CSV,2025,2025.4,2025-07-18 Ny Ålesund and Kongsbreen,_D5C7868,off_folder_cross_year,,data/xmp/result-2025/raw/2025.4/2025-07-18 Ny Ålesund and Kongsbreen/_D5C7868.xmp
False,no keywords + missing JPEG in CSV,2025,2025.4,2025-07-18 Ny Ålesund and Kongsbreen,_D5C7890,no_jpg,,data/xmp/result-2025/raw/2025.4/2025-07-18 Ny Ålesund and Kongsbreen/_D5C7890.xmp
False,no keywords + missing JPEG in CSV,2025,2025.4,2025-07-18 Ny Ålesund and Kongsbreen,_D5C7899,off_folder_cross_year,,data/xmp/result-2025/raw/2025.4/2025-07-18 Ny Ålesund and Kongsbreen/_D5C7899.xmp
False,no keywords + missing JPEG in CSV,2025,2025.4,2025-07-18 Ny Ålesund and Kongsbreen,_D5C7906,no_jpg,,data/xmp/result-2025/raw/2025.4/2025-07-18 Ny Ålesund and Kongsbreen/_D5C7906.xmp
False,no keywords + missing JPEG in CSV,2025,2025.4,2025-07-18 Ny Ålesund and Kongsbreen,_D5C7909,off_folder_cross_year,,data/xmp/result-2025/raw/2025.4/2025-07-18 Ny Ålesund and Kongsbreen/_D5C7909.xmp
False,no keywords + missing JPEG in CSV,2025,2025.4,2025-07-18 Ny Ålesund and Kongsbreen,_D5C7911,off_folder_cross_year,,data/xmp/result-2025/raw/2025.4/2025-07-18 Ny Ålesund and Kongsbreen/_D5C7911.xmp
False,no keywords + missing JPEG in CSV,2025,2025.4,2025-07-18 Ny Ålesund and Kongsbreen,_D5C7933,no_jpg,,data/xmp/result-2025/raw/2025.4/2025-07-18 Ny Ålesund and Kongsbreen/_D5C7933.xmp
False,no keywords + missing JPEG in CSV,2025,2025.4,2025-07-18 Ny Ålesund and Kongsbreen,_D5C7966,off_folder_cross_year,,data/xmp/result-2025/raw/2025.4/2025-07-18 Ny Ålesund and Kongsbreen/_D5C7966.xmp
False,no keywords + missing JPEG in CSV,2025,2025.4,2025-07-18 Ny Ålesund and Kongsbreen,_D5C7967,no_jpg,,data/xmp/result-2025/raw/2025.4/2025-07-18 Ny Ålesund and Kongsbreen/_D5C7967.xmp
False,no keywords + missing JPEG in CSV,2025,2025.4,2025-07-18 Ny Ålesund and Kongsbreen,_D5C7970,no_jpg,,data/xmp/result-2025/raw/2025.4/2025-07-18 Ny Ålesund and Kongsbreen/_D5C7970.xmp
False,no keywords + missing JPEG in CSV,2025,2025.4,2025-07-18 Ny Ålesund and Kongsbreen,_D5C7974,no_jpg,,data/xmp/result-2025/raw/2025.4/2025-07-18 Ny Ålesund and Kongsbreen/_D5C7974.xmp
False,no keywords + missing JPEG in CSV,2025,2025.4,2025-07-18 Ny Ålesund and Kongsbreen,_D5C7980,off_folder_cross_year,,data/xmp/result-2025/raw/2025.4/2025-07-18 Ny Ålesund and Kongsbreen/_D5C7980.xmp
False,no keywords + missing JPEG in CSV,2025,2025.4,2025-07-18 Ny Ålesund and Kongsbreen,_D5C8010,no_jpg,,data/xmp/result-2025/raw/2025.4/2025-07-18 Ny Ålesund and Kongsbreen/_D5C8010.xmp
False,no keywords + missing JPEG in CSV,2025,2025.4,2025-07-18 Ny Ålesund and Kongsbreen,_D5C8026,off_folder_cross_year,,data/xmp/result-2025/raw/2025.4/2025-07-18 Ny Ålesund and Kongsbreen/_D5C8026.xmp
False,no keywords + missing JPEG in CSV,2025,2025.4,2025-07-18 Ny Ålesund and Kongsbreen,_D5C8027,no_jpg,,data/xmp/result-2025/raw/2025.4/2025-07-18 Ny Ålesund and Kongsbreen/_D5C8027.xmp
False,no keywords + missing JPEG in CSV,2025,2025.4,2025-07-18 Ny Ålesund and Kongsbreen,_D5C8053,off_folder_cross_year,,data/xmp/result-2025/raw/2025.4/2025-07-18 Ny Ålesund and Kongsbreen/_D5C8053.xmp
False,no keywords + missing JPEG in CSV,2025,2025.4,2025-07-18 Ny Ålesund and Kongsbreen,_D5C8155,no_jpg,,data/xmp/result-2025/raw/2025.4/2025-07-18 Ny Ålesund and Kongsbreen/_D5C8155.xmp
False,no keywords + missing JPEG in CSV,2025,2025.4,2025-07-18 Ny Ålesund and Kongsbreen,_D5C8156,no_jpg,,data/xmp/result-2025/raw/2025.4/2025-07-18 Ny Ålesund and Kongsbreen/_D5C8156.xmp
False,no keywords + missing JPEG in CSV,2025,2025.4,2025-07-18 Ny Ålesund and Kongsbreen,_D5C8182,off_folder_cross_year,,data/xmp/result-2025/raw/2025.4/2025-07-18 Ny Ålesund and Kongsbreen/_D5C8182.xmp
False,no keywords + missing JPEG in CSV,2025,2025.4,2025-07-18 Ny Ålesund and Kongsbreen,_D5C8250,no_jpg,,data/xmp/result-2025/raw/2025.4/2025-07-18 Ny Ålesund and Kongsbreen/_D5C8250.xmp
False,no keywords + missing JPEG in CSV,2025,2025.4,2025-07-18 Ny Ålesund and Kongsbreen,_D5C8261,off_folder_cross_year,,data/xmp/result-2025/raw/2025.4/2025-07-18 Ny Ålesund and Kongsbreen/_D5C8261.xmp
False,no keywords + missing JPEG in CSV,2025,2025.4,2025-07-18 Ny Ålesund and Kongsbreen,_D5C8263,no_jpg,,data/xmp/result-2025/raw/2025.4/2025-07-18 Ny Ålesund and Kongsbreen/_D5C8263.xmp
False,no keywords + missing JPEG in CSV,2025,2025.4,2025-07-18 Ny Ålesund and Kongsbreen,_D5C8272,no_jpg,,data/xmp/result-2025/raw/2025.4/2025-07-18 Ny Ålesund and Kongsbreen/_D5C8272.xmp
False,no keywords + missing JPEG in CSV,2025,2025.4,2025-07-18 Ny Ålesund and Kongsbreen,_Z9C0995,ambiguous,,data/xmp/result-2025/raw/2025.4/2025-07-18 Ny Ålesund and Kongsbreen/_Z9C0995.xmp
False,no keywords + missing JPEG in CSV,2025,2025.4,2025-07-18 Ny Ålesund and Kongsbreen,_Z9C0997,no_jpg,,data/xmp/result-2025/raw/2025.4/2025-07-18 Ny Ålesund and Kongsbreen/_Z9C0997.xmp
False,no keywords + missing JPEG in CSV,2025,2025.4,2025-07-18 Ny Ålesund and Kongsbreen,_Z9C0998,ambiguous,,data/xmp/result-2025/raw/2025.4/2025-07-18 Ny Ålesund and Kongsbreen/_Z9C0998.xmp
False,no keywords + missing JPEG in CSV,2025,2025.4,2025-07-18 Ny Ålesund and Kongsbreen,_Z9C1005,no_jpg,,data/xmp/result-2025/raw/2025.4/2025-07-18 Ny Ålesund and Kongsbreen/_Z9C1005.xmp
False,no keywords + missing JPEG in CSV,2025,2025.4,2025-07-18 Ny Ålesund and Kongsbreen,_Z9C1021,ambiguous,,data/xmp/result-2025/raw/2025.4/2025-07-18 Ny Ålesund and Kongsbreen/_Z9C1021.xmp
False,no keywords + missing JPEG in CSV,2025,2025.4,2025-07-18 Ny Ålesund and Kongsbreen,_Z9C1056,ambiguous,,data/xmp/result-2025/raw/2025.4/2025-07-18 Ny Ålesund and Kongsbreen/_Z9C1056.xmp
False,no keywords + missing JPEG in CSV,2025,2025.4,2025-07-18 Ny Ålesund and Kongsbreen,_Z9C1057,no_jpg,,data/xmp/result-2025/raw/2025.4/2025-07-18 Ny Ålesund and Kongsbreen/_Z9C1057.xmp
False,no keywords + missing JPEG in CSV,2025,2025.4,2025-07-18 Ny Ålesund and Kongsbreen,_Z9C1059,no_jpg,,data/xmp/result-2025/raw/2025.4/2025-07-18 Ny Ålesund and Kongsbreen/_Z9C1059.xmp
False,no keywords + missing JPEG in CSV,2025,2025.4,2025-07-18 Ny Ålesund and Kongsbreen,_Z9C1063,no_jpg,,data/xmp/result-2025/raw/2025.4/2025-07-18 Ny Ålesund and Kongsbreen/_Z9C1063.xmp
False,no keywords + missing JPEG in CSV,2025,2025.4,2025-07-18 Ny Ålesund and Kongsbreen,_Z9C1069,no_jpg,,data/xmp/result-2025/raw/2025.4/2025-07-18 Ny Ålesund and Kongsbreen/_Z9C1069.xmp
False,no keywords + missing JPEG in CSV,2025,2025.4,2025-07-18 Ny Ålesund and Kongsbreen,_Z9C1072,ambiguous,,data/xmp/result-2025/raw/2025.4/2025-07-18 Ny Ålesund and Kongsbreen/_Z9C1072.xmp
False,no keywords + missing JPEG in CSV,2025,2025.4,2025-07-18 Ny Ålesund and Kongsbreen,_Z9C1073,no_jpg,,data/xmp/result-2025/raw/2025.4/2025-07-18 Ny Ålesund and Kongsbreen/_Z9C1073.xmp
False,no keywords + missing JPEG in CSV,2025,2025.4,2025-07-18 Ny Ålesund and Kongsbreen,_Z9C1074,no_jpg,,data/xmp/result-2025/raw/2025.4/2025-07-18 Ny Ålesund and Kongsbreen/_Z9C1074.xmp
False,no keywords + missing JPEG in CSV,2025,2025.4,2025-07-18 Ny Ålesund and Kongsbreen,_Z9C1078,ambiguous,,data/xmp/result-2025/raw/2025.4/2025-07-18 Ny Ålesund and Kongsbreen/_Z9C1078.xmp
False,no keywords + missing JPEG in CSV,2025,2025.4,2025-07-18 Ny Ålesund and Kongsbreen,_Z9C1081,ambiguous,,data/xmp/result-2025/raw/2025.4/2025-07-18 Ny Ålesund and Kongsbreen/_Z9C1081.xmp
False,no keywords + missing JPEG in CSV,2025,2025.4,2025-07-18 Ny Ålesund and Kongsbreen,_Z9C1085,no_jpg,,data/xmp/result-2025/raw/2025.4/2025-07-18 Ny Ålesund and Kongsbreen/_Z9C1085.xmp
False,no keywords + missing JPEG in CSV,2025,2025.4,2025-07-18 Ny Ålesund and Kongsbreen,_Z9C1092,no_jpg,,data/xmp/result-2025/raw/2025.4/2025-07-18 Ny Ålesund and Kongsbreen/_Z9C1092.xmp
False,no keywords + missing JPEG in CSV,2025,2025.4,2025-07-18 Ny Ålesund and Kongsbreen,_Z9C1099,no_jpg,,data/xmp/result-2025/raw/2025.4/2025-07-18 Ny Ålesund and Kongsbreen/_Z9C1099.xmp
False,no keywords + missing JPEG in CSV,2025,2025.4,2025-07-18 Ny Ålesund and Kongsbreen,_Z9C1101,ambiguous,,data/xmp/result-2025/raw/2025.4/2025-07-18 Ny Ålesund and Kongsbreen/_Z9C1101.xmp
False,no keywords + missing JPEG in CSV,2025,2025.4,2025-07-18 Ny Ålesund and Kongsbreen,_Z9C1103,no_jpg,,data/xmp/result-2025/raw/2025.4/2025-07-18 Ny Ålesund and Kongsbreen/_Z9C1103.xmp
False,no keywords + missing JPEG in CSV,2025,2025.4,2025-07-18 Ny Ålesund and Kongsbreen,_Z9C1106,ambiguous,,data/xmp/result-2025/raw/2025.4/2025-07-18 Ny Ålesund and Kongsbreen/_Z9C1106.xmp
False,no keywords + missing JPEG in CSV,2025,2025.4,2025-07-18 Ny Ålesund and Kongsbreen,_Z9C1109,no_jpg,,data/xmp/result-2025/raw/2025.4/2025-07-18 Ny Ålesund and Kongsbreen/_Z9C1109.xmp
False,no keywords + missing JPEG in CSV,2025,2025.4,2025-07-18 Ny Ålesund and Kongsbreen,_Z9C1111,no_jpg,,data/xmp/result-2025/raw/2025.4/2025-07-18 Ny Ålesund and Kongsbreen/_Z9C1111.xmp
False,no keywords + missing JPEG in CSV,2025,2025.4,2025-07-18 Ny Ålesund and Kongsbreen,_Z9C1117,no_jpg,,data/xmp/result-2025/raw/2025.4/2025-07-18 Ny Ålesund and Kongsbreen/_Z9C1117.xmp
False,no keywords + missing JPEG in CSV,2025,2025.4,2025-07-18 Ny Ålesund and Kongsbreen,_Z9C1120,no_jpg,,data/xmp/result-2025/raw/2025.4/2025-07-18 Ny Ålesund and Kongsbreen/_Z9C1120.xmp
False,no keywords + missing JPEG in CSV,2025,2025.4,2025-07-18 Ny Ålesund and Kongsbreen,_Z9C1129,no_jpg,,data/xmp/result-2025/raw/2025.4/2025-07-18 Ny Ålesund and Kongsbreen/_Z9C1129.xmp
False,no keywords + missing JPEG in CSV,2025,2025.4,2025-07-18 Ny Ålesund and Kongsbreen,_Z9C1131,no_jpg,,data/xmp/result-2025/raw/2025.4/2025-07-18 Ny Ålesund and Kongsbreen/_Z9C1131.xmp
False,no keywords + missing JPEG in CSV,2025,2025.4,2025-07-18 Ny Ålesund and Kongsbreen,_Z9C1138,no_jpg,,data/xmp/result-2025/raw/2025.4/2025-07-18 Ny Ålesund and Kongsbreen/_Z9C1138.xmp
False,no keywords + missing JPEG in CSV,2025,2025.4,2025-07-18 Ny Ålesund and Kongsbreen,_Z9C1140,no_jpg,,data/xmp/result-2025/raw/2025.4/2025-07-18 Ny Ålesund and Kongsbreen/_Z9C1140.xmp
False,no keywords + missing JPEG in CSV,2025,2025.4,2025-07-18 Ny Ålesund and Kongsbreen,_Z9C1145,no_jpg,,data/xmp/result-2025/raw/2025.4/2025-07-18 Ny Ålesund and Kongsbreen/_Z9C1145.xmp
False,no keywords + missing JPEG in CSV,2025,2025.4,2025-07-18 Ny Ålesund and Kongsbreen,_Z9C1146,no_jpg,,data/xmp/result-2025/raw/2025.4/2025-07-18 Ny Ålesund and Kongsbreen/_Z9C1146.xmp
False,no keywords + missing JPEG in CSV,2025,2025.4,2025-07-18 Ny Ålesund and Kongsbreen,_Z9C1148,no_jpg,,data/xmp/result-2025/raw/2025.4/2025-07-18 Ny Ålesund and Kongsbreen/_Z9C1148.xmp
False,no keywords + missing JPEG in CSV,2025,2025.4,2025-07-18 Ny Ålesund and Kongsbreen,_Z9C1149,no_jpg,,data/xmp/result-2025/raw/2025.4/2025-07-18 Ny Ålesund and Kongsbreen/_Z9C1149.xmp
False,no keywords + missing JPEG in CSV,2025,2025.4,2025-07-18 Ny Ålesund and Kongsbreen,_Z9C1156,no_jpg,,data/xmp/result-2025/raw/2025.4/2025-07-18 Ny Ålesund and Kongsbreen/_Z9C1156.xmp
False,no keywords + missing JPEG in CSV,2025,2025.4,2025-07-18 Ny Ålesund and Kongsbreen,_Z9C1157,ambiguous,,data/xmp/result-2025/raw/2025.4/2025-07-18 Ny Ålesund and Kongsbreen/_Z9C1157.xmp
False,no keywords + missing JPEG in CSV,2025,2025.4,2025-07-18 Ny Ålesund and Kongsbreen,_Z9C1159,no_jpg,,data/xmp/result-2025/raw/2025.4/2025-07-18 Ny Ålesund and Kongsbreen/_Z9C1159.xmp
False,no keywords + missing JPEG in CSV,2025,2025.4,2025-07-18 Ny Ålesund and Kongsbreen,_Z9C1160,no_jpg,,data/xmp/result-2025/raw/2025.4/2025-07-18 Ny Ålesund and Kongsbreen/_Z9C1160.xmp
False,no keywords + missing JPEG in CSV,2025,2025.4,2025-07-18 Ny Ålesund and Kongsbreen,_Z9C1162,no_jpg,,data/xmp/result-2025/raw/2025.4/2025-07-18 Ny Ålesund and Kongsbreen/_Z9C1162.xmp
False,no keywords + missing JPEG in CSV,2025,2025.4,2025-07-18 Ny Ålesund and Kongsbreen,_Z9C1167,no_jpg,,data/xmp/result-2025/raw/2025.4/2025-07-18 Ny Ålesund and Kongsbreen/_Z9C1167.xmp
False,no keywords + missing JPEG in CSV,2025,2025.4,2025-07-18 Ny Ålesund and Kongsbreen,_Z9C1171,no_jpg,,data/xmp/result-2025/raw/2025.4/2025-07-18 Ny Ålesund and Kongsbreen/_Z9C1171.xmp
False,no keywords + missing JPEG in CSV,2025,2025.4,2025-07-18 Ny Ålesund and Kongsbreen,_Z9C1180,no_jpg,,data/xmp/result-2025/raw/2025.4/2025-07-18 Ny Ålesund and Kongsbreen/_Z9C1180.xmp
False,no keywords + missing JPEG in CSV,2025,2025.4,2025-07-18 Ny Ålesund and Kongsbreen,_Z9C1192,no_jpg,,data/xmp/result-2025/raw/2025.4/2025-07-18 Ny Ålesund and Kongsbreen/_Z9C1192.xmp
False,no keywords + missing JPEG in CSV,2025,2025.4,2025-07-18 Ny Ålesund and Kongsbreen,_Z9C1202,no_jpg,,data/xmp/result-2025/raw/2025.4/2025-07-18 Ny Ålesund and Kongsbreen/_Z9C1202.xmp
False,no keywords + missing JPEG in CSV,2025,2025.4,2025-07-18 Ny Ålesund and Kongsbreen,_Z9C1205,no_jpg,,data/xmp/result-2025/raw/2025.4/2025-07-18 Ny Ålesund and Kongsbreen/_Z9C1205.xmp
False,no keywords + missing JPEG in CSV,2025,2025.4,2025-07-18 Ny Ålesund and Kongsbreen,_Z9C1217,no_jpg,,data/xmp/result-2025/raw/2025.4/2025-07-18 Ny Ålesund and Kongsbreen/_Z9C1217.xmp
False,no keywords + missing JPEG in CSV,2025,2025.4,2025-07-18 Ny Ålesund and Kongsbreen,_Z9C1219,no_jpg,,data/xmp/result-2025/raw/2025.4/2025-07-18 Ny Ålesund and Kongsbreen/_Z9C1219.xmp
False,no keywords + missing JPEG in CSV,2025,2025.4,2025-07-18 Ny Ålesund and Kongsbreen,_Z9C1226,no_jpg,,data/xmp/result-2025/raw/2025.4/2025-07-18 Ny Ålesund and Kongsbreen/_Z9C1226.xmp
False,no keywords + missing JPEG in CSV,2025,2025.4,2025-07-18 Ny Ålesund and Kongsbreen,_Z9C1233,no_jpg,,data/xmp/result-2025/raw/2025.4/2025-07-18 Ny Ålesund and Kongsbreen/_Z9C1233.xmp
False,no keywords + missing JPEG in CSV,2025,2025.4,2025-07-18 Ny Ålesund and Kongsbreen,_Z9C1237,no_jpg,,data/xmp/result-2025/raw/2025.4/2025-07-18 Ny Ålesund and Kongsbreen/_Z9C1237.xmp
False,no keywords + missing JPEG in CSV,2025,2025.4,2025-07-18 Ny Ålesund and Kongsbreen,_Z9C1241,no_jpg,,data/xmp/result-2025/raw/2025.4/2025-07-18 Ny Ålesund and Kongsbreen/_Z9C1241.xmp
False,no keywords + missing JPEG in CSV,2025,2025.4,2025-07-18 Ny Ålesund and Kongsbreen,_Z9C1246,no_jpg,,data/xmp/result-2025/raw/2025.4/2025-07-18 Ny Ålesund and Kongsbreen/_Z9C1246.xmp
False,no keywords + missing JPEG in CSV,2025,2025.4,2025-07-18 Ny Ålesund and Kongsbreen,_Z9C1257,no_jpg,,data/xmp/result-2025/raw/2025.4/2025-07-18 Ny Ålesund and Kongsbreen/_Z9C1257.xmp
False,no keywords + missing JPEG in CSV,2025,2025.4,2025-07-18 Ny Ålesund and Kongsbreen,_Z9C1266,no_jpg,,data/xmp/result-2025/raw/2025.4/2025-07-18 Ny Ålesund and Kongsbreen/_Z9C1266.xmp
False,no keywords + missing JPEG in CSV,2025,2025.4,2025-07-18 Ny Ålesund and Kongsbreen,_Z9C1269,no_jpg,,data/xmp/result-2025/raw/2025.4/2025-07-18 Ny Ålesund and Kongsbreen/_Z9C1269.xmp
False,no keywords + missing JPEG in CSV,2025,2025.4,2025-07-18 Ny Ålesund and Kongsbreen,_Z9C1294,no_jpg,,data/xmp/result-2025/raw/2025.4/2025-07-18 Ny Ålesund and Kongsbreen/_Z9C1294.xmp
False,no keywords + missing JPEG in CSV,2025,2025.4,2025-07-18 Ny Ålesund and Kongsbreen,_Z9C1295,no_jpg,,data/xmp/result-2025/raw/2025.4/2025-07-18 Ny Ålesund and Kongsbreen/_Z9C1295.xmp
False,no keywords + missing JPEG in CSV,2025,2025.4,2025-07-18 Ny Ålesund and Kongsbreen,_Z9C1303,no_jpg,,data/xmp/result-2025/raw/2025.4/2025-07-18 Ny Ålesund and Kongsbreen/_Z9C1303.xmp
False,no keywords + missing JPEG in CSV,2025,2025.4,2025-07-18 Ny Ålesund and Kongsbreen,_Z9C1328,no_jpg,,data/xmp/result-2025/raw/2025.4/2025-07-18 Ny Ålesund and Kongsbreen/_Z9C1328.xmp
False,no keywords + missing JPEG in CSV,2025,2025.4,2025-07-19 Oslo,_Z9C1390,no_jpg,,data/xmp/result-2025/raw/2025.4/2025-07-19 Oslo/_Z9C1390.xmp
False,no keywords + missing JPEG in CSV,2025,2025.4,2025-07-19 Oslo,_Z9C1398,no_jpg,,data/xmp/result-2025/raw/2025.4/2025-07-19 Oslo/_Z9C1398.xmp
False,no keywords + missing JPEG in CSV,2025,2025.4,2025-07-19 Oslo,_Z9C1408,no_jpg,,data/xmp/result-2025/raw/2025.4/2025-07-19 Oslo/_Z9C1408.xmp
False,no keywords + missing JPEG in CSV,2025,2025.4,2025-07-20 Oslo,_V9A3607,no_jpg,,data/xmp/result-2025/raw/2025.4/2025-07-20 Oslo/_V9A3607.xmp
